id_dipendente,first_name,last_name,email,gender,salario,data assunzione,id_autonoleggio,id_manager,numero_di_telefono
1,Laney,Tunnicliffe,ltunnicliffe0@chicagotribune.com,Genderfluid,90111.27,5/4/2020,497.2,5134.38,0902163531
2,Korey,Arro,karro1@e-recht24.de,Female,112783.33,12/25/2020,12.92,15597.84,6452005081
3,Maxwell,Timpany,mtimpany2@booking.com,Genderfluid,323498.39,4/8/2020,291.95,7449.04,3280908663
4,Gustav,Robertet,grobertet3@amazon.co.jp,Polygender,234574.89,2/24/2020,266.22,9300.11,8179339246
5,Lucius,Sanchiz,lsanchiz4@ifeng.com,Polygender,499054.06,7/23/2020,288.06,11521.67,9947457591
6,Paulie,Kock,pkock5@opera.com,Genderqueer,322207.06,4/18/2020,321.69,13462.61,1200752589
7,Nettle,Kupka,nkupka6@tripod.com,Bigender,27529.42,5/5/2020,352.19,24599.55,3347442849
8,Luciano,Chewter,lchewter7@tinypic.com,Agender,199805.67,10/4/2020,378.68,47585.46,1640861904
9,Kale,Tender,ktender8@imageshack.us,Agender,223276.76,3/20/2020,246.91,21061.89,8560478663
10,Currie,Keenor,ckeenor9@nationalgeographic.com,Polygender,444865.01,10/19/2020,348.29,12261.19,4673699335
11,Tanny,Girardengo,tgirardengoa@diigo.com,Bigender,300288.18,4/15/2020,450.09,46425.66,4476249159
12,Cherey,Sear,csearb@gov.uk,Female,162525.75,5/19/2020,147.24,10763.25,8722798935
13,Raynard,Woollin,rwoollinc@blogspot.com,Agender,291918.44,9/5/2020,192.08,37366.67,3438413310
14,Chase,Whyard,cwhyardd@bing.com,Genderfluid,13545.28,10/8/2020,51.47,42933.11,5264997756
15,Liz,Hukins,lhukinse@networkadvertising.org,Genderfluid,192101.64,9/23/2020,74.3,16354.61,1116665816
16,Nils,Pollen,npollenf@army.mil,Bigender,462551.1,3/31/2020,334.52,44847.12,2174265389
17,Keith,Jeacop,kjeacopg@shutterfly.com,Polygender,27202.74,6/6/2020,142.33,28459.16,3090117878
18,Calhoun,Gebby,cgebbyh@sciencedirect.com,Non-binary,277833.51,8/13/2020,82.15,2962.65,8984156108
19,Gaston,Presnall,gpresnalli@businessinsider.com,Agender,409339.78,9/24/2020,92.39,24941.97,9555232199
20,Ely,MacMaykin,emacmaykinj@dell.com,Genderfluid,150653.73,1/16/2021,146.89,2942.9,0269125574
21,Graham,Lindstedt,glindstedtk@gravatar.com,Genderqueer,285077.93,6/27/2020,324.39,40270.56,3846670634
22,Paige,Binge,pbingel@indiegogo.com,Agender,173818.81,9/1/2020,239.5,16034.24,9289649585
23,Kevin,Meiklam,kmeiklamm@sun.com,Female,179474.46,4/11/2020,422.46,18659.57,4950387197
24,Cicily,Lusted,clustedn@google.pl,Genderfluid,476025.0,8/25/2020,264.89,48561.8,1485347009
25,Gunar,Domke,gdomkeo@gizmodo.com,Female,108390.75,3/3/2020,81.47,30391.43,5904583370
26,Devy,Nassey,dnasseyp@sun.com,Bigender,485352.74,11/26/2020,46.39,23002.26,7333175847
27,Osbert,Dullard,odullardq@woothemes.com,Genderfluid,278296.76,2/19/2020,279.43,10805.9,1983326038
28,Corrie,Ramsbotham,cramsbothamr@state.tx.us,Bigender,346288.31,6/17/2020,495.76,12936.24,6284088736
29,Hyman,Sieb,hsiebs@skyrock.com,Female,319405.15,10/31/2020,451.35,30011.22,3533943607
30,Kessia,Fortune,kfortunet@webmd.com,Polygender,198423.62,5/15/2020,180.76,34825.62,7471891270
31,Lolita,Truscott,ltruscottu@soup.io,Polygender,172521.3,1/23/2021,331.81,17346.74,0526381531
32,Colline,Penylton,cpenyltonv@rakuten.co.jp,Genderfluid,48823.25,5/14/2020,423.15,14064.57,5783987301
33,Elton,Morrill,emorrillw@google.fr,Agender,156767.69,11/5/2020,85.42,46015.99,7390847026
34,Artemus,Vaune,avaunex@wiley.com,Male,108359.61,3/3/2020,233.99,10692.71,1963219031
35,Juliana,Poyzer,jpoyzery@answers.com,Genderqueer,320003.28,3/19/2020,131.39,7927.0,4332687760
36,Roderich,Ladds,rladdsz@examiner.com,Agender,371087.28,6/19/2020,483.62,30576.48,0566098857
37,Anet,Pinwill,apinwill10@umich.edu,Polygender,140560.17,4/7/2020,22.8,4841.76,0559070470
38,Gar,Akehurst,gakehurst11@github.com,Polygender,441448.76,12/29/2020,417.44,32764.83,6708245221
39,Lauren,Radbourn,lradbourn12@foxnews.com,Male,84798.04,4/2/2020,338.6,23336.01,0159906717
40,Jarad,Scampion,jscampion13@oaic.gov.au,Non-binary,289239.1,12/19/2020,319.08,45568.48,2640902857
41,Jorge,Hamerton,jhamerton14@theguardian.com,Male,366252.2,2/10/2020,361.43,14272.97,5923000202
42,Suzanne,Gentry,sgentry15@omniture.com,Genderfluid,362224.11,1/28/2021,164.28,31081.94,8352997564
43,Daria,Bonallack,dbonallack16@nationalgeographic.com,Female,329759.92,5/17/2020,114.63,40439.21,7168913697
44,Arty,Orum,aorum17@webnode.com,Female,84711.43,5/25/2020,131.14,32276.75,6979798243
45,Bill,Shurman,bshurman18@google.cn,Genderqueer,371640.72,12/8/2020,455.58,40971.28,6467579127
46,Giselle,Beadnell,gbeadnell19@house.gov,Agender,265708.02,3/7/2020,470.28,12144.46,0820028991
47,Brice,Bewshaw,bbewshaw1a@prlog.org,Non-binary,478323.33,12/31/2020,496.48,22301.01,2555544356
48,Ashby,Partridge,apartridge1b@cafepress.com,Polygender,130646.11,2/2/2021,68.98,38343.53,5020253677
49,Cece,Puig,cpuig1c@sfgate.com,Bigender,116443.65,4/17/2020,93.09,23656.23,9418889234
50,Florie,Winton,fwinton1d@amazon.com,Non-binary,141493.13,5/25/2020,181.59,40383.33,4684682390
51,Pippy,Klas,pklas1e@buzzfeed.com,Female,390949.57,4/6/2020,400.09,33067.17,8106347893
52,Fernande,Eastmead,feastmead1f@hatena.ne.jp,Bigender,20495.38,9/18/2020,330.41,2480.35,8598978078
53,Heida,Antonich,hantonich1g@cnet.com,Polygender,228843.98,2/3/2021,76.71,43998.97,9859683387
54,Gayler,Marusyak,gmarusyak1h@indiegogo.com,Bigender,270307.05,11/14/2020,414.28,30754.08,3601409399
55,Boothe,Entreis,bentreis1i@mozilla.org,Bigender,30231.38,9/6/2020,167.54,31395.22,1270778927
56,Jarred,Swin,jswin1j@auda.org.au,Bigender,466845.32,10/30/2020,89.4,23861.82,7152906505
57,Cathyleen,Leivers,cleivers1k@mapy.cz,Bigender,106879.88,3/17/2020,252.86,22373.2,8176672882
58,Christy,MacGraith,cmacgraith1l@wired.com,Bigender,253207.02,10/10/2020,406.24,42353.14,8159440596
59,Raymund,Rouchy,rrouchy1m@answers.com,Non-binary,108965.15,3/24/2020,69.99,258.7,7672557920
60,Lauritz,McMennum,lmcmennum1n@zimbio.com,Female,65788.7,2/27/2020,401.91,29844.13,1494843986
61,Cyndy,Piatkow,cpiatkow1o@desdev.cn,Polygender,173972.11,7/8/2020,64.29,9511.84,1183045387
62,Jeremie,Thatcham,jthatcham1p@wikispaces.com,Male,362345.05,5/22/2020,265.39,15626.68,5727487358
63,Kellen,Strethill,kstrethill1q@newsvine.com,Female,132865.52,5/17/2020,402.48,47540.3,2553761759
64,Marga,Tolotti,mtolotti1r@arizona.edu,Female,325720.89,12/29/2020,451.44,30176.32,9878230538
65,Lorilee,Dyson,ldyson1s@mtv.com,Male,447552.21,12/2/2020,217.02,4599.66,6096589251
66,Darin,Chadney,dchadney1t@delicious.com,Non-binary,31732.23,11/10/2020,295.53,6083.97,0155753118
67,Timothea,Le land,tleland1u@ed.gov,Genderfluid,253645.89,1/8/2021,81.9,11030.43,0510377416
68,Flss,Pagelsen,fpagelsen1v@meetup.com,Genderqueer,29196.0,8/30/2020,287.06,9552.36,2823027688
69,Glenden,Beggini,gbeggini1w@list-manage.com,Agender,474368.53,5/22/2020,9.83,7713.88,4338034564
70,Jennee,Buzzing,jbuzzing1x@gravatar.com,Genderfluid,475678.06,8/15/2020,227.65,35298.88,1540351203
71,Aldous,Kennington,akennington1y@ftc.gov,Agender,468905.37,10/11/2020,225.42,5079.5,3701550247
72,Steffen,Rougier,srougier1z@geocities.jp,Bigender,183588.77,10/7/2020,59.79,11556.62,2433192730
73,Sasha,Marham,smarham20@meetup.com,Bigender,7717.69,9/2/2020,414.49,36160.08,2276624515
74,Ynes,Hobble,yhobble21@livejournal.com,Male,498031.64,4/20/2020,65.34,12212.82,6502973981
75,Augy,Binner,abinner22@ask.com,Bigender,43489.81,11/27/2020,152.01,42576.87,9609505902
76,Daron,Kalinovich,dkalinovich23@bluehost.com,Non-binary,431002.9,2/21/2020,297.86,8486.83,6788492417
77,Midge,Welbeck,mwelbeck24@foxnews.com,Female,76540.38,10/29/2020,58.28,1748.58,7765303708
78,Pippa,Coyte,pcoyte25@bloomberg.com,Female,147842.35,2/19/2020,223.42,24278.99,4289310524
79,Madelene,Hayton,mhayton26@mozilla.org,Bigender,415373.58,6/22/2020,208.66,7997.79,8633172046
80,Cheri,Hopkins,chopkins27@google.com.au,Genderfluid,425698.3,9/29/2020,95.38,307.74,6827229408
81,Shannah,Bakeup,sbakeup28@seesaa.net,Non-binary,211355.32,9/25/2020,154.33,48896.88,5630659227
82,Xaviera,McKibbin,xmckibbin29@usnews.com,Non-binary,457922.52,9/15/2020,353.48,43059.48,8514191586
83,Aubert,Selby,aselby2a@t-online.de,Male,29314.19,12/1/2020,430.49,31824.51,4852815615
84,Roarke,McCome,rmccome2b@tiny.cc,Male,164926.99,3/19/2020,245.38,42019.16,3617376835
85,Ron,Aloshkin,raloshkin2c@mtv.com,Male,17765.25,11/8/2020,464.8,24064.54,9451616357
86,Dorolisa,Muffen,dmuffen2d@phoca.cz,Non-binary,492494.75,2/4/2021,32.8,6741.66,6005842838
87,Charil,Stennings,cstennings2e@yellowpages.com,Bigender,118296.95,11/9/2020,286.2,33514.44,8625161286
88,Cornela,Greiser,cgreiser2f@linkedin.com,Female,162605.59,5/28/2020,98.91,17665.17,7888806740
89,Vyky,Killingbeck,vkillingbeck2g@hubpages.com,Female,249720.53,1/2/2021,344.68,12823.11,1575044412
90,Hollyanne,Aggott,haggott2h@merriam-webster.com,Genderfluid,237956.31,3/20/2020,348.13,24437.73,9416059919
91,Grove,Speed,gspeed2i@live.com,Polygender,374886.74,7/25/2020,385.2,27.75,4349737731
92,Dre,Whitbread,dwhitbread2j@istockphoto.com,Male,457335.7,9/26/2020,458.89,2703.64,4242528965
93,Perkin,Jopson,pjopson2k@free.fr,Non-binary,245086.51,10/13/2020,268.53,16680.54,7372515173
94,Freddi,Odby,fodby2l@infoseek.co.jp,Genderfluid,412678.39,12/4/2020,396.67,19735.01,0024347043
95,Ronni,Sinkinson,rsinkinson2m@cnn.com,Genderqueer,181381.26,3/5/2020,22.57,42490.65,9801750073
96,Angela,Crich,acrich2n@desdev.cn,Genderqueer,348859.98,9/11/2020,41.44,44618.93,7297482838
97,Mathilda,Cowland,mcowland2o@godaddy.com,Bigender,217971.67,11/6/2020,166.6,25540.61,0534009891
98,Wadsworth,Gooddie,wgooddie2p@edublogs.org,Female,383648.07,5/5/2020,482.09,44204.11,2386293920
99,Charlena,Adamsky,cadamsky2q@tamu.edu,Polygender,82209.04,9/10/2020,437.6,16821.53,7694778709
100,Nadean,Londing,nlonding2r@squarespace.com,Bigender,295431.27,6/19/2020,314.77,46439.13,3883236969
101,Barrett,Showen,bshowen2s@w3.org,Non-binary,10200.97,11/9/2020,190.03,7418.93,5246333906
102,Burch,Guidotti,bguidotti2t@moonfruit.com,Female,295551.88,4/16/2020,92.19,49223.7,9559086510
103,Zoe,Minmagh,zminmagh2u@taobao.com,Non-binary,99463.64,12/26/2020,254.38,40915.27,6730812338
104,Dniren,Netherclift,dnetherclift2v@ow.ly,Agender,277892.6,2/10/2020,218.54,34548.03,9200771947
105,Sheri,Haselhurst,shaselhurst2w@multiply.com,Agender,253896.37,6/11/2020,439.46,27903.97,5676505389
106,Donall,Greenleaf,dgreenleaf2x@mlb.com,Genderqueer,139026.93,3/17/2020,477.3,6109.7,2009384768
107,Lacey,Hartigan,lhartigan2y@devhub.com,Male,388574.81,8/9/2020,499.33,39592.88,0196253322
108,Fawnia,Cane,fcane2z@umich.edu,Polygender,364705.0,1/20/2021,268.62,39385.32,5731343020
109,Tilly,Dracksford,tdracksford30@bing.com,Female,373509.02,1/4/2021,1.75,31121.33,9587069420
110,Cornie,MacGraith,cmacgraith31@paypal.com,Genderfluid,47840.77,11/29/2020,1.98,19006.51,6301175204
111,Llewellyn,Dobbing,ldobbing32@hatena.ne.jp,Genderfluid,176984.01,6/18/2020,237.69,38257.31,5191611411
112,Drud,Sheldrake,dsheldrake33@slideshare.net,Female,463401.1,8/22/2020,157.33,32688.61,1730139280
113,Alfi,Roseman,aroseman34@live.com,Polygender,496206.05,8/10/2020,2.99,16741.16,6210016456
114,Olivero,Wildman,owildman35@histats.com,Polygender,457384.07,12/2/2020,372.96,46881.45,6718708631
115,Dela,Woodroof,dwoodroof36@soup.io,Genderqueer,237404.53,1/6/2021,16.91,3048.39,8380326903
116,Alayne,Furst,afurst37@gov.uk,Genderfluid,486012.0,12/18/2020,26.92,20258.71,0515325635
117,Oralia,Kelshaw,okelshaw38@stanford.edu,Non-binary,489943.0,7/22/2020,188.51,37843.78,8542745981
118,Alvan,Regnard,aregnard39@cbsnews.com,Female,207092.5,1/19/2021,117.84,41623.86,1896941478
119,Kathrine,McVitie,kmcvitie3a@jigsy.com,Genderfluid,234235.7,6/24/2020,99.55,13852.0,6945729362
120,Crissy,Taverner,ctaverner3b@hexun.com,Agender,304012.38,7/10/2020,370.44,17330.0,7727449733
121,Maridel,Kellick,mkellick3c@example.com,Non-binary,264364.88,6/19/2020,329.21,17662.04,5462524692
122,Rosalia,Saynor,rsaynor3d@cyberchimps.com,Agender,279086.79,11/11/2020,243.67,35699.19,1651284229
123,Simeon,Rickett,srickett3e@mediafire.com,Agender,115558.07,9/7/2020,193.02,3249.29,2564504914
124,Charmane,Clemon,cclemon3f@livejournal.com,Genderfluid,382285.42,9/2/2020,68.22,20741.2,8557539754
125,Henrieta,Hurring,hhurring3g@icq.com,Non-binary,227766.19,9/21/2020,251.32,6137.26,6151277546
126,Darren,Schellig,dschellig3h@google.ru,Non-binary,191441.0,3/12/2020,123.49,36737.84,9725948564
127,Caprice,Rapkins,crapkins3i@who.int,Male,220413.87,8/11/2020,84.69,25927.02,0101891636
128,Ardra,McGroarty,amcgroarty3j@unblog.fr,Female,56116.58,11/19/2020,54.66,28233.89,1032560061
129,Milt,Krzyzanowski,mkrzyzanowski3k@house.gov,Polygender,177654.98,6/12/2020,46.14,15789.56,4964467430
130,Babbie,Gearty,bgearty3l@nba.com,Female,446341.47,6/22/2020,165.21,49717.79,1378776380
131,Zebulen,Dzeniskevich,zdzeniskevich3m@elegantthemes.com,Polygender,360766.15,10/12/2020,317.06,45424.76,7470864601
132,Stacia,Eeles,seeles3n@comcast.net,Genderfluid,236611.25,10/31/2020,488.99,3800.24,9256167654
133,Lyn,Morhall,lmorhall3o@forbes.com,Agender,340080.76,6/2/2020,172.25,31628.03,9461653875
134,Lewie,Gouley,lgouley3p@ox.ac.uk,Female,26588.8,1/11/2021,44.45,24146.73,3435564423
135,Royal,Gouldeby,rgouldeby3q@seattletimes.com,Bigender,310593.82,10/30/2020,140.36,29151.43,2486648763
136,Torrey,Graffham,tgraffham3r@msu.edu,Female,83037.38,4/1/2020,447.17,31336.31,5643464756
137,Robinetta,Kynoch,rkynoch3s@livejournal.com,Agender,186968.47,5/5/2020,338.49,15584.91,3859456628
138,Lorry,Clacson,lclacson3t@tuttocitta.it,Genderfluid,483345.94,5/6/2020,289.79,38994.31,9948324358
139,Luciano,Britcher,lbritcher3u@mit.edu,Genderfluid,310176.57,6/2/2020,245.59,18737.71,7394526518
140,Charil,Bracco,cbracco3v@theatlantic.com,Agender,356468.88,12/2/2020,131.16,6965.61,9253234814
141,Ivory,Skeldinge,iskeldinge3w@ning.com,Polygender,404932.2,3/11/2020,489.12,20807.75,9853351218
142,Nani,Moscrop,nmoscrop3x@privacy.gov.au,Female,14631.79,12/15/2020,269.08,47541.19,2329858922
143,Louisa,Mauger,lmauger3y@nhs.uk,Genderqueer,91422.73,2/9/2020,490.0,30168.03,5238341784
144,Madlen,Dickens,mdickens3z@cisco.com,Genderfluid,54409.13,6/8/2020,95.48,27850.03,1746718730
145,Marigold,Stendall,mstendall40@1und1.de,Agender,63721.96,1/8/2021,127.52,28555.21,0538749008
146,Merell,Drohan,mdrohan41@ft.com,Genderqueer,219606.59,10/21/2020,288.29,2851.83,7561811713
147,Dora,Pettus,dpettus42@ucoz.com,Female,356445.74,7/29/2020,434.12,41960.92,0609342576
148,Jo ann,Huscroft,jhuscroft43@nifty.com,Genderfluid,389421.92,3/11/2020,487.69,34899.15,1465142312
149,Sisile,Endacott,sendacott44@biglobe.ne.jp,Non-binary,291684.03,4/19/2020,273.67,34217.22,9767476806
150,Edgardo,Gazzard,egazzard45@psu.edu,Polygender,239191.58,10/18/2020,447.63,42865.21,0190406666
151,Roman,Ness,rness46@nifty.com,Agender,26329.77,1/14/2021,219.86,21021.7,7523540910
152,Dolores,Labbett,dlabbett47@dmoz.org,Female,462667.17,5/21/2020,90.12,26665.1,8735740884
153,Collie,Beadnell,cbeadnell48@e-recht24.de,Male,304481.55,4/18/2020,100.69,38718.52,4818828521
154,Charmaine,Syers,csyers49@miitbeian.gov.cn,Bigender,163377.96,9/19/2020,378.72,5346.41,4955217486
155,Lynn,Pothbury,lpothbury4a@about.me,Female,147473.81,1/8/2021,478.25,27455.91,5777032281
156,Adriane,Botterill,abotterill4b@networkadvertising.org,Bigender,335992.79,8/13/2020,208.53,9681.03,0884396193
157,Burtie,Brager,bbrager4c@utexas.edu,Bigender,62126.03,8/11/2020,490.16,40441.49,2270287002
158,Margit,Alday,malday4d@plala.or.jp,Agender,72459.63,4/5/2020,429.65,29150.19,3570761339
159,Evvy,Colquitt,ecolquitt4e@is.gd,Genderqueer,73794.71,5/28/2020,286.23,48826.63,7815065651
160,Vale,Jory,vjory4f@zimbio.com,Male,171161.77,6/14/2020,374.62,10831.05,6966343706
161,Sydney,Whissell,swhissell4g@home.pl,Male,159271.64,4/3/2020,456.95,43520.29,7880283102
162,Vivianna,Fetherstone,vfetherstone4h@360.cn,Genderfluid,206159.06,12/22/2020,197.42,48938.15,1340719282
163,Lorilee,Gilchriest,lgilchriest4i@bravesites.com,Genderqueer,254953.41,12/25/2020,116.96,13571.93,8783225331
164,Dolorita,Dexter,ddexter4j@hhs.gov,Female,292767.6,12/1/2020,125.42,44626.33,7724318883
165,Reg,Hackin,rhackin4k@va.gov,Bigender,309677.67,8/30/2020,408.29,21219.28,9787926300
166,Jackie,Danett,jdanett4l@vimeo.com,Male,192345.66,4/19/2020,87.05,15286.97,9124240737
167,Thekla,Perkinson,tperkinson4m@smh.com.au,Polygender,66128.15,11/11/2020,285.49,2627.44,6266318075
168,Jourdan,Olyet,jolyet4n@xrea.com,Polygender,141749.36,5/4/2020,288.51,20580.62,9699937475
169,Ferguson,Risbie,frisbie4o@vk.com,Genderqueer,237527.33,1/26/2021,15.37,22837.04,3814529898
170,Aloisia,Pigram,apigram4p@telegraph.co.uk,Polygender,276989.36,9/11/2020,398.7,31673.79,8299269687
171,Arleen,Canfield,acanfield4q@archive.org,Male,50914.94,3/3/2020,23.84,19427.9,5373004855
172,Marys,Gligorijevic,mgligorijevic4r@icq.com,Genderfluid,436746.78,12/4/2020,417.13,36033.29,9444082989
173,Marja,Enevoldsen,menevoldsen4s@tinypic.com,Genderqueer,401029.23,6/18/2020,65.82,24533.92,5123182225
174,Bibbye,D'Antuoni,bdantuoni4t@time.com,Polygender,385500.25,10/19/2020,17.04,13819.19,9159009144
175,Binni,Agglio,bagglio4u@msu.edu,Non-binary,339996.71,9/29/2020,447.97,39728.48,6423141142
176,Briney,Dabbes,bdabbes4v@skyrock.com,Female,368633.76,4/8/2020,248.91,18499.0,6529900934
177,Raphaela,Blaydon,rblaydon4w@webeden.co.uk,Genderqueer,254415.41,10/15/2020,194.53,9856.36,9482528778
178,Renault,Beggin,rbeggin4x@theatlantic.com,Agender,352503.27,8/15/2020,45.97,35642.66,8880122495
179,Mattie,Barttrum,mbarttrum4y@dot.gov,Genderqueer,55884.97,7/19/2020,76.45,25536.78,2083647556
180,Chester,McColgan,cmccolgan4z@auda.org.au,Bigender,137109.2,2/8/2021,429.13,965.0,5478625833
181,Richmond,Stratford,rstratford50@uiuc.edu,Non-binary,263803.05,4/3/2020,383.72,48231.78,6531207728
182,Bria,Shepcutt,bshepcutt51@phoca.cz,Agender,5870.34,9/9/2020,372.66,3318.17,7571536502
183,Leonanie,Illyes,lillyes52@google.com.au,Male,329785.66,5/8/2020,105.04,38601.58,7244089953
184,Gretta,Saffrin,gsaffrin53@harvard.edu,Agender,227093.15,9/19/2020,38.51,32813.74,4333144795
185,Carter,Smith,csmith54@huffingtonpost.com,Polygender,450345.0,4/20/2020,215.07,22255.32,9302159361
186,Tisha,Groundwator,tgroundwator55@eepurl.com,Bigender,484279.6,7/10/2020,66.06,19324.19,4154287265
187,Romain,Phelip,rphelip56@usgs.gov,Genderqueer,349308.78,6/24/2020,196.17,26425.28,6291824116
188,Norina,Finnemore,nfinnemore57@imdb.com,Bigender,5673.41,9/3/2020,216.72,8349.68,2879700442
189,Susette,Currum,scurrum58@t-online.de,Genderfluid,437978.91,12/11/2020,68.66,23026.23,6270260221
190,Dona,Cantos,dcantos59@wiley.com,Non-binary,330748.11,12/15/2020,152.17,27170.39,5214452640
191,Avie,McAlpin,amcalpin5a@google.com,Male,247088.08,1/29/2021,409.23,47112.94,9691961326
192,Cosme,Dilgarno,cdilgarno5b@devhub.com,Polygender,186398.68,5/23/2020,386.76,45819.36,1866070045
193,Adolphus,Goodwell,agoodwell5c@sourceforge.net,Non-binary,119362.18,9/20/2020,133.05,44564.52,0371618010
194,Geoffrey,Hathwood,ghathwood5d@china.com.cn,Female,96334.11,6/26/2020,48.97,17185.67,7802335027
195,Alasdair,McColgan,amccolgan5e@jalbum.net,Genderfluid,9017.3,5/19/2020,449.81,33559.32,7939584537
196,Renaldo,Phillins,rphillins5f@loc.gov,Female,106314.06,5/27/2020,341.41,28194.87,5241630791
197,Cyndi,Verbeek,cverbeek5g@miitbeian.gov.cn,Bigender,442425.65,4/9/2020,76.39,38103.99,2503669050
198,Nettie,Warbey,nwarbey5h@dell.com,Bigender,286180.15,9/30/2020,222.59,25179.16,3597779549
199,Georgeanna,Colleck,gcolleck5i@arstechnica.com,Female,352514.74,1/6/2021,93.12,24700.23,0801522455
200,Betsey,Tuminini,btuminini5j@ustream.tv,Bigender,257804.34,5/11/2020,319.14,33034.16,7160407024
201,Verina,Penquet,vpenquet5k@g.co,Male,102381.67,7/2/2020,471.42,22413.11,1929425228
202,Erny,Boyford,eboyford5l@purevolume.com,Agender,122506.93,8/13/2020,320.72,4295.87,9673676933
203,Bent,Waryk,bwaryk5m@va.gov,Genderfluid,185277.04,12/27/2020,387.24,819.54,7655928916
204,Izak,Boughtflower,iboughtflower5n@tinyurl.com,Female,66402.63,2/1/2021,45.75,3070.39,3408243689
205,Dick,Garz,dgarz5o@google.ca,Polygender,287005.29,10/17/2020,102.42,2617.93,4556398827
206,Ezra,Duigan,eduigan5p@soup.io,Bigender,118158.74,3/15/2020,469.03,227.52,8124233802
207,Etty,Ravenscroftt,eravenscroftt5q@nih.gov,Polygender,31369.14,4/18/2020,64.07,44176.69,1861389205
208,Valaree,Kempton,vkempton5r@engadget.com,Bigender,215520.6,5/14/2020,433.51,27222.3,1295895544
209,Ebony,Tocher,etocher5s@ovh.net,Agender,25751.56,3/30/2020,218.9,35815.51,7086483753
210,Eddie,Hardes,ehardes5t@163.com,Female,232420.51,5/8/2020,173.85,25457.36,2220900932
211,Parnell,Gymlett,pgymlett5u@scientificamerican.com,Genderqueer,245648.82,3/30/2020,255.71,9397.9,5976664377
212,Garik,Mowling,gmowling5v@altervista.org,Genderfluid,15921.46,12/1/2020,250.25,46913.02,8398325224
213,Emmit,Fredi,efredi5w@unblog.fr,Bigender,67006.19,11/17/2020,224.27,43474.79,9312746480
214,Alfonso,Eayrs,aeayrs5x@woothemes.com,Agender,349411.68,6/14/2020,10.82,31820.62,7889880774
215,Archibaldo,Wallen,awallen5y@oakley.com,Genderqueer,177289.14,7/31/2020,265.56,29725.48,7464887522
216,Janaye,Sorel,jsorel5z@independent.co.uk,Male,465059.22,8/17/2020,101.45,30974.48,3928029126
217,Carolee,Iorizzo,ciorizzo60@bigcartel.com,Male,26517.3,8/24/2020,298.81,11322.23,5609739578
218,Selie,Lyal,slyal61@cargocollective.com,Female,213381.01,1/7/2021,73.29,35758.29,3732727920
219,Aurora,Pithcock,apithcock62@icq.com,Female,287455.12,4/15/2020,28.52,15605.75,4684232778
220,Allard,Sympson,asympson63@tmall.com,Female,18475.02,4/21/2020,184.9,11540.27,0374371709
221,Clerkclaude,Cornbell,ccornbell64@independent.co.uk,Male,327099.39,1/14/2021,72.69,42894.86,0365415553
222,Alysa,Goodson,agoodson65@reuters.com,Agender,473929.45,11/21/2020,54.98,48878.21,1050174755
223,Gretal,Uglow,guglow66@wsj.com,Polygender,248243.99,1/3/2021,425.98,6621.87,3120353531
224,Yardley,Clementson,yclementson67@theglobeandmail.com,Genderqueer,339505.42,10/25/2020,122.85,20797.91,9361346288
225,Hastie,Greenwood,hgreenwood68@xinhuanet.com,Genderfluid,452978.47,8/22/2020,160.38,6469.18,3384533690
226,Kelley,Halifax,khalifax69@uol.com.br,Genderqueer,118744.29,1/2/2021,315.91,41570.57,3299212397
227,Winfield,Odney,wodney6a@yale.edu,Genderfluid,43671.61,12/21/2020,251.12,19395.32,8392084292
228,Justine,Puxley,jpuxley6b@economist.com,Bigender,77665.35,1/15/2021,184.28,43444.89,2953814833
229,Inglis,Liley,ililey6c@sun.com,Genderqueer,300681.0,1/9/2021,329.77,32158.58,4128473871
230,Kingston,Mazin,kmazin6d@who.int,Non-binary,134528.13,8/15/2020,187.5,15315.16,7252206246
231,Franchot,Iacovaccio,fiacovaccio6e@joomla.org,Non-binary,262113.51,10/10/2020,49.36,10312.12,2215798688
232,Werner,Christoffe,wchristoffe6f@epa.gov,Male,455792.2,3/13/2020,352.84,1549.22,7251384094
233,Lombard,Imason,limason6g@mapquest.com,Non-binary,430582.76,1/3/2021,141.66,20744.25,1277695008
234,Kirsteni,O'Regan,koregan6h@howstuffworks.com,Polygender,193542.32,9/14/2020,19.4,16209.03,8507686672
235,Gerri,Huey,ghuey6i@unblog.fr,Genderfluid,368706.0,1/7/2021,378.46,16755.17,8916153123
236,Sofie,Upstone,supstone6j@stanford.edu,Female,19456.28,3/28/2020,469.71,13979.95,1975555082
237,Gale,Attride,gattride6k@51.la,Agender,422288.77,1/27/2021,11.71,13482.52,2684479119
238,Gilly,Emeline,gemeline6l@live.com,Female,223306.29,9/3/2020,179.11,40246.47,4134202647
239,Meris,Vanini,mvanini6m@jigsy.com,Bigender,40821.81,1/8/2021,134.45,22319.34,1567510515
240,Donavon,Sapshed,dsapshed6n@fda.gov,Agender,7450.73,4/6/2020,118.88,45954.22,7373202063
241,Ethelda,Revie,erevie6o@wsj.com,Agender,45851.56,10/23/2020,215.17,8018.79,2654826880
242,Eran,Pinnigar,epinnigar6p@uiuc.edu,Agender,123229.98,10/29/2020,412.14,34708.44,1846869447
243,Breanne,Knellen,bknellen6q@discovery.com,Agender,272681.3,4/11/2020,59.88,23860.18,9089747311
244,Dennie,Lucus,dlucus6r@dmoz.org,Non-binary,122026.83,7/12/2020,43.6,31428.53,2422386431
245,Dieter,Sherrell,dsherrell6s@aol.com,Female,453587.95,2/26/2020,120.32,3547.11,6517660690
246,Terrell,Tedder,ttedder6t@house.gov,Agender,437386.04,2/9/2020,121.7,31254.84,8391159825
247,Adriana,Booeln,abooeln6u@freewebs.com,Polygender,31140.7,6/13/2020,69.48,38069.29,1507913435
248,Salomi,Bamb,sbamb6v@google.fr,Genderfluid,361784.99,4/30/2020,474.74,44619.55,0198538316
249,Thomasin,Varker,tvarker6w@clickbank.net,Genderqueer,120478.06,10/24/2020,427.07,14906.3,2556187832
250,Lyndsay,Abrahmson,labrahmson6x@sciencedirect.com,Non-binary,245627.55,4/6/2020,99.72,38951.0,4705176235
251,Justis,Sexstone,jsexstone6y@princeton.edu,Polygender,469706.38,12/25/2020,181.86,39442.26,5397817716
252,Bunny,Jest,bjest6z@mysql.com,Genderfluid,8861.42,3/5/2020,406.94,12336.73,8093179658
253,Asher,Woolerton,awoolerton70@trellian.com,Polygender,188231.7,10/21/2020,315.59,15989.69,7645753994
254,Alfy,Geerdts,ageerdts71@linkedin.com,Male,30904.48,8/29/2020,155.91,39864.71,8710148868
255,Evin,Kinzel,ekinzel72@vinaora.com,Agender,372572.95,9/16/2020,221.38,48168.49,2394717106
256,Marcello,Zecchini,mzecchini73@1688.com,Female,414992.02,6/16/2020,277.28,47416.42,4013087146
257,Kendell,Pohling,kpohling74@blog.com,Male,286973.87,5/20/2020,429.45,39577.52,3732249271
258,Perkin,MacGorrie,pmacgorrie75@imgur.com,Genderqueer,260408.62,8/2/2020,288.52,3673.43,2194168982
259,Sonya,Wehden,swehden76@google.com.br,Non-binary,469198.59,8/17/2020,9.93,16555.59,3787937307
260,Martin,McTurlough,mmcturlough77@twitpic.com,Male,153977.07,12/17/2020,460.56,28780.66,4633234625
261,Junette,Decreuze,jdecreuze78@freewebs.com,Male,260994.24,11/6/2020,64.05,12859.75,0622890816
262,Grete,Sconce,gsconce79@nasa.gov,Genderfluid,419192.3,4/14/2020,441.81,23259.97,6085557779
263,Boycie,Rogeon,brogeon7a@ameblo.jp,Genderqueer,359709.8,8/13/2020,122.2,11506.01,4690309337
264,Lamont,Bennike,lbennike7b@harvard.edu,Genderfluid,50593.91,10/10/2020,178.65,31048.96,8616148957
265,Ravi,Cruxton,rcruxton7c@cargocollective.com,Male,9657.46,6/26/2020,59.34,24954.63,2962463916
266,Zeb,Cobbe,zcobbe7d@sina.com.cn,Male,253859.84,5/20/2020,379.56,31046.34,4441206763
267,Cassi,Peert,cpeert7e@ebay.co.uk,Polygender,156064.94,12/23/2020,408.76,48329.8,8292597190
268,Camile,Grube,cgrube7f@ucla.edu,Bigender,388719.53,5/4/2020,144.97,16241.25,7680364028
269,Maynard,Sperski,msperski7g@reuters.com,Genderqueer,469454.0,12/30/2020,140.59,30521.35,2170933689
270,Jo,Sarton,jsarton7h@1688.com,Genderqueer,439359.19,7/30/2020,46.93,31305.87,6369486388
271,Jonell,Merrgen,jmerrgen7i@goodreads.com,Genderqueer,466864.44,3/25/2020,32.21,46074.37,8220056967
272,Gan,Yakobovicz,gyakobovicz7j@fc2.com,Genderfluid,322691.59,4/24/2020,412.23,38690.69,9304733820
273,Garrett,Hartington,ghartington7k@istockphoto.com,Agender,311016.61,1/13/2021,105.39,43430.84,9901888344
274,Monti,Moyse,mmoyse7l@taobao.com,Non-binary,65690.87,10/7/2020,312.97,10642.79,1694664155
275,Ernesto,Loker,eloker7m@youtube.com,Genderfluid,417298.09,11/10/2020,64.53,46696.08,1204948569
276,Ignace,Lewsy,ilewsy7n@state.tx.us,Bigender,163137.12,6/20/2020,499.59,30912.33,5277160884
277,Loella,Kitcat,lkitcat7o@dion.ne.jp,Non-binary,79218.7,4/22/2020,338.18,49613.88,5886965114
278,Goldia,Miall,gmiall7p@last.fm,Genderfluid,184788.12,9/22/2020,256.02,39788.46,4856667076
279,Addison,MacAfee,amacafee7q@symantec.com,Male,348034.3,4/17/2020,167.1,17580.87,8825279604
280,Normie,Prendergast,nprendergast7r@imageshack.us,Female,247791.57,8/29/2020,353.19,40475.59,2480457028
281,Bonnee,Ipgrave,bipgrave7s@livejournal.com,Genderfluid,249280.08,3/24/2020,457.41,27669.59,2727106181
282,Lexis,Wardley,lwardley7t@tinypic.com,Male,385868.44,5/23/2020,306.72,31914.05,9598772993
283,Regen,Morat,rmorat7u@reverbnation.com,Non-binary,311443.0,8/13/2020,139.51,16891.39,0583495850
284,Garik,O' Markey,gomarkey7v@forbes.com,Female,464404.78,1/3/2021,494.95,33706.89,8694160285
285,Erinn,Portriss,eportriss7w@nature.com,Genderfluid,165553.62,4/22/2020,453.97,18307.64,1581454465
286,Farica,Mastrantone,fmastrantone7x@nbcnews.com,Genderfluid,73074.22,3/9/2020,377.71,24081.89,8277398883
287,Ashby,Hurton,ahurton7y@pcworld.com,Polygender,204178.02,12/8/2020,316.15,43948.46,4118940299
288,Red,Blackbrough,rblackbrough7z@opera.com,Genderqueer,474209.03,4/5/2020,301.27,43277.58,7568039285
289,Lezlie,Beuscher,lbeuscher80@microsoft.com,Female,443275.7,10/20/2020,95.48,3716.37,0684162474
290,Frank,Wapol,fwapol81@dmoz.org,Genderqueer,206227.58,7/3/2020,226.24,33773.91,8548749865
291,Ebony,Grayston,egrayston82@hibu.com,Genderfluid,225782.49,11/12/2020,304.63,14124.23,2549360222
292,Ichabod,Karlsson,ikarlsson83@digg.com,Genderfluid,43562.24,5/18/2020,483.59,8349.91,5573711563
293,Cosme,Welden,cwelden84@google.nl,Female,492905.69,8/13/2020,120.12,24334.92,8126973307
294,Giuseppe,Loveitt,gloveitt85@macromedia.com,Bigender,438112.25,7/13/2020,210.04,32484.22,9948074181
295,Margie,Bartleet,mbartleet86@columbia.edu,Female,467875.09,7/28/2020,155.2,19255.95,5482754863
296,Idaline,Slinger,islinger87@newsvine.com,Non-binary,254821.12,7/11/2020,231.95,40197.52,5409743962
297,Shaylah,Gettings,sgettings88@slate.com,Male,479971.33,1/31/2021,148.38,31189.9,6144507426
298,Annelise,Mellor,amellor89@chicagotribune.com,Female,327025.71,2/5/2021,252.93,8931.62,9139290379
299,Chlo,Mersey,cmersey8a@wordpress.com,Agender,427826.79,1/23/2021,44.8,12786.95,3709359031
300,Raimondo,Renne,rrenne8b@yellowbook.com,Agender,402855.8,9/16/2020,228.17,39649.68,4891844450
301,Lilllie,Yosselevitch,lyosselevitch8c@shinystat.com,Non-binary,48261.63,12/3/2020,362.34,17856.9,2019074788
302,Wallache,Ashwell,washwell8d@engadget.com,Agender,191358.75,12/12/2020,128.49,23572.95,5021145002
303,Colene,Dunabie,cdunabie8e@columbia.edu,Agender,388122.17,4/8/2020,37.8,44882.06,6113303829
304,Olva,Yate,oyate8f@google.fr,Bigender,496169.05,9/1/2020,358.67,49424.89,4738510053
305,Margaretta,Hamsson,mhamsson8g@sina.com.cn,Genderfluid,337880.19,4/23/2020,47.92,36120.88,0773793682
306,Sayre,Goodricke,sgoodricke8h@thetimes.co.uk,Polygender,113915.04,5/24/2020,62.45,36870.15,0554795884
307,Stevy,Baudts,sbaudts8i@ox.ac.uk,Bigender,379728.96,6/9/2020,411.35,16429.55,9751776139
308,Jacquelin,Petrolli,jpetrolli8j@slate.com,Polygender,37845.13,10/31/2020,207.65,9338.8,7348899188
309,Vallie,Fogden,vfogden8k@fema.gov,Agender,177082.09,3/29/2020,119.67,11764.63,8171518303
310,Amber,Amdohr,aamdohr8l@booking.com,Bigender,141371.17,2/2/2021,443.56,48262.86,9257178315
311,Melissa,Morritt,mmorritt8m@ebay.com,Male,478388.86,1/7/2021,431.41,40773.36,0415075734
312,Corliss,Howison,chowison8n@barnesandnoble.com,Genderfluid,287383.85,2/23/2020,371.12,39499.24,9088956707
313,Paige,Guido,pguido8o@w3.org,Genderfluid,134076.75,6/1/2020,51.84,12644.96,8969800530
314,Agna,Skellington,askellington8p@hexun.com,Agender,426374.52,2/11/2020,7.43,21094.87,8832937506
315,Roxana,Robottham,rrobottham8q@google.ca,Female,40921.01,8/23/2020,137.35,19060.09,2237794251
316,Ellis,Brigginshaw,ebrigginshaw8r@multiply.com,Agender,327717.82,10/19/2020,264.67,14791.65,5958917455
317,Hughie,Bottle,hbottle8s@youku.com,Non-binary,220449.48,2/29/2020,338.27,13837.15,9561691566
318,Myron,O'Dowd,modowd8t@bloglovin.com,Bigender,119398.64,12/20/2020,323.66,46366.66,1590330951
319,Egan,McCoy,emccoy8u@indiatimes.com,Genderqueer,19139.12,1/12/2021,428.03,17339.03,9846050488
320,Ros,O'Nolan,ronolan8v@youtube.com,Bigender,414164.4,7/13/2020,410.49,20626.12,4793499562
321,Elyse,Semper,esemper8w@discovery.com,Genderqueer,288170.63,11/19/2020,313.59,1964.58,7098791784
322,Cody,Tuckey,ctuckey8x@360.cn,Genderfluid,453568.13,2/20/2020,62.57,45893.61,9271821432
323,Korie,Haccleton,khaccleton8y@tumblr.com,Polygender,183953.37,8/9/2020,398.62,37150.14,0315316926
324,Janella,Fairlem,jfairlem8z@example.com,Genderfluid,413267.02,1/28/2021,491.65,10869.9,2445363934
325,Ginger,Meadowcroft,gmeadowcroft90@g.co,Female,305316.99,7/12/2020,373.67,4743.18,2146548630
326,Dermot,Labba,dlabba91@woothemes.com,Genderqueer,124117.52,12/1/2020,240.25,40232.99,0572825943
327,Caldwell,Galpen,cgalpen92@msn.com,Genderfluid,162319.57,8/13/2020,145.38,43839.14,8828292539
328,Harrietta,Anderton,handerton93@dmoz.org,Agender,171662.71,5/11/2020,280.0,44413.76,0221067825
329,Jerry,Golightly,jgolightly94@reference.com,Male,75312.07,3/9/2020,192.79,42056.39,8855300318
330,Jacquelynn,Keilloh,jkeilloh95@zimbio.com,Non-binary,481727.87,2/24/2020,257.35,12376.19,5125796115
331,Lisetta,Sylett,lsylett96@privacy.gov.au,Female,323276.03,7/8/2020,353.46,17802.99,0627226655
332,Chelsea,Boylin,cboylin97@virginia.edu,Polygender,361037.37,10/17/2020,429.73,45373.75,6168713409
333,Harbert,Fawdry,hfawdry98@tamu.edu,Genderfluid,244788.47,6/8/2020,173.26,32911.0,1822236738
334,Ive,Simioli,isimioli99@t.co,Non-binary,98302.15,10/12/2020,240.68,29666.26,0093858892
335,Imojean,Coxall,icoxall9a@chicagotribune.com,Polygender,58730.39,7/15/2020,414.3,3476.2,8662509886
336,Ollie,Powdrill,opowdrill9b@toplist.cz,Bigender,325352.65,1/7/2021,310.18,20666.16,7667380252
337,Maurizio,Waszczyk,mwaszczyk9c@tiny.cc,Bigender,353579.8,5/10/2020,153.24,4301.47,7014228218
338,Betsey,Severns,bseverns9d@hp.com,Male,86729.54,1/17/2021,249.4,21893.53,7685663406
339,Lola,Klambt,lklambt9e@jigsy.com,Genderqueer,199453.0,7/31/2020,301.71,39785.43,2613060107
340,Joeann,Trinbey,jtrinbey9f@facebook.com,Female,2403.93,10/4/2020,345.14,22451.0,4742496752
341,Elton,Klehyn,eklehyn9g@ehow.com,Genderfluid,204743.74,10/14/2020,186.37,33939.39,4252205816
342,Frank,Smorthit,fsmorthit9h@merriam-webster.com,Agender,168887.05,12/24/2020,47.45,9780.62,5641093068
343,Kristine,Godbolt,kgodbolt9i@reverbnation.com,Bigender,4498.09,12/12/2020,180.53,20358.16,0027367096
344,Gabie,Irlam,girlam9j@google.ca,Bigender,174666.42,4/3/2020,196.04,19604.34,1800843976
345,Jimmie,Skip,jskip9k@godaddy.com,Genderqueer,125178.79,7/9/2020,173.44,15329.01,9736475263
346,Armando,Heinrici,aheinrici9l@tamu.edu,Polygender,336717.38,7/1/2020,333.62,35926.86,0925919772
347,Giraud,Peare,gpeare9m@wikia.com,Male,355961.33,3/24/2020,211.1,48067.42,0576831425
348,Susanne,Spooner,sspooner9n@usda.gov,Genderfluid,309049.54,8/10/2020,475.09,47798.89,1912561964
349,Eugenio,Colcomb,ecolcomb9o@vimeo.com,Agender,190505.35,4/2/2020,99.99,41390.39,7316258047
350,Myca,Champe,mchampe9p@bandcamp.com,Bigender,203975.36,6/23/2020,115.28,5225.79,0600595919
351,Weylin,Snadden,wsnadden9q@microsoft.com,Genderqueer,344213.54,5/6/2020,223.89,17567.64,8192064360
352,Emelyne,Yosifov,eyosifov9r@alexa.com,Female,276088.7,1/31/2021,387.78,42742.9,2930731540
353,Bernie,Reiglar,breiglar9s@hud.gov,Non-binary,57350.56,11/24/2020,152.37,27597.64,0507898842
354,Rosina,Bozier,rbozier9t@ovh.net,Female,114170.52,10/27/2020,324.81,35658.24,3163172849
355,Alejoa,Barbera,abarbera9u@mozilla.org,Non-binary,37520.65,8/24/2020,23.66,23147.4,2931304107
356,Garnet,Anney,ganney9v@ucoz.ru,Agender,183656.77,8/6/2020,321.74,37556.82,6607858597
357,Jammie,Macconaghy,jmacconaghy9w@patch.com,Male,148820.63,1/29/2021,293.31,20235.56,0457079304
358,Tirrell,Linfoot,tlinfoot9x@nymag.com,Genderqueer,450545.71,9/18/2020,127.06,45289.11,8737757296
359,Davon,Veel,dveel9y@hhs.gov,Agender,364624.5,8/23/2020,407.49,28276.15,6817069823
360,Vinnie,Trigwell,vtrigwell9z@shinystat.com,Non-binary,343047.34,5/19/2020,479.13,38792.85,0016790324
361,Dilly,Devanny,ddevannya0@blogger.com,Non-binary,405381.58,2/22/2020,354.52,3276.76,5757475986
362,Emalee,Goldfinch,egoldfincha1@buzzfeed.com,Genderfluid,81868.45,11/1/2020,312.9,14625.17,4566581667
363,Hamlin,Bakewell,hbakewella2@icio.us,Male,67305.21,11/27/2020,320.32,27106.15,6262297839
364,Koral,Jobbins,kjobbinsa3@irs.gov,Agender,149320.89,7/21/2020,301.23,46458.56,2601203137
365,Jobie,Petruska,jpetruskaa4@privacy.gov.au,Male,325447.47,9/30/2020,174.86,40347.1,2890610713
366,Lennie,Byas,lbyasa5@dell.com,Non-binary,292193.48,10/12/2020,28.11,46408.32,4273035316
367,Amelina,Janman,ajanmana6@jugem.jp,Agender,138440.51,6/11/2020,474.22,29579.1,3764364645
368,Trescha,Bendtsen,tbendtsena7@howstuffworks.com,Male,28894.16,9/25/2020,361.78,17299.83,1650530412
369,Philip,Hanscome,phanscomea8@wix.com,Agender,117438.6,5/4/2020,442.46,5395.96,3635219673
370,Rafa,Munnion,rmunniona9@bbc.co.uk,Genderqueer,234838.68,3/14/2020,334.74,39170.93,5760689622
371,Guenevere,Tattersdill,gtattersdillaa@amazon.co.jp,Polygender,466065.44,4/6/2020,405.83,34583.06,9980878630
372,Maximo,Alelsandrowicz,malelsandrowiczab@nba.com,Genderqueer,293868.34,4/14/2020,34.37,32231.14,3728062340
373,Orrin,Crossfeld,ocrossfeldac@networkadvertising.org,Genderfluid,332151.2,10/20/2020,248.63,18272.46,8556263070
374,Herminia,Sicily,hsicilyad@technorati.com,Male,338490.44,10/10/2020,469.96,38480.5,0136463975
375,Annie,Kauscher,akauscherae@godaddy.com,Male,498321.31,1/14/2021,479.71,35551.04,2884818553
376,Sylvia,Myerscough,smyerscoughaf@pcworld.com,Polygender,344181.84,11/24/2020,44.36,8079.9,8357667031
377,Felicity,Elizabeth,felizabethag@altervista.org,Genderfluid,166923.43,12/12/2020,480.71,9242.61,3159946681
378,Daffy,Rodear,drodearah@gravatar.com,Polygender,57059.84,9/21/2020,180.29,22526.85,2850623903
379,Katrine,Castanares,kcastanaresai@goodreads.com,Bigender,432108.36,2/8/2021,3.02,3141.86,1759239836
380,Amara,Steer,asteeraj@webeden.co.uk,Non-binary,66722.51,2/28/2020,363.4,38550.27,5434826175
381,Iorgo,Werndley,iwerndleyak@constantcontact.com,Agender,339508.0,12/7/2020,228.74,27532.94,0619730870
382,Dari,McCarty,dmccartyal@seesaa.net,Non-binary,248967.27,2/6/2021,339.56,39544.01,7301839049
383,Cristie,Bernardes,cbernardesam@4shared.com,Genderfluid,275866.11,5/3/2020,329.64,1642.29,1554036313
384,Aylmer,Schulter,aschulteran@sakura.ne.jp,Bigender,482668.92,3/15/2020,472.0,30803.72,4302273526
385,Bernie,Wicks,bwicksao@cbc.ca,Bigender,433695.16,2/22/2020,426.23,3793.69,7773271852
386,Dido,Osbidston,dosbidstonap@prlog.org,Non-binary,200027.44,2/9/2020,395.7,7917.78,9970319582
387,Althea,Tudhope,atudhopeaq@pagesperso-orange.fr,Bigender,410870.72,9/27/2020,179.61,31724.23,0485137712
388,Dael,Gilbert,dgilbertar@tinyurl.com,Male,205173.11,10/20/2020,262.26,28023.74,7187552238
389,Lawton,Menham,lmenhamas@army.mil,Agender,488034.7,4/19/2020,312.51,17049.8,7599587861
390,Pavlov,Lindwasser,plindwasserat@virginia.edu,Female,248801.39,5/15/2020,370.97,2822.09,5454613770
391,Olivia,Stuffins,ostuffinsau@latimes.com,Genderfluid,47471.77,2/18/2020,229.75,43552.34,8543537142
392,Klarika,Randals,krandalsav@vimeo.com,Genderfluid,193251.07,10/30/2020,46.39,11761.67,1679597094
393,Jard,Bomb,jbombaw@house.gov,Polygender,489473.01,6/11/2020,127.91,10030.47,9280737503
394,Toddie,Moors,tmoorsax@arizona.edu,Polygender,114346.9,4/25/2020,298.72,31676.44,8013348369
395,Sophronia,Demetr,sdemetray@netlog.com,Bigender,444437.14,5/31/2020,341.26,17584.46,0761580174
396,Waylin,Corrigan,wcorriganaz@live.com,Male,57448.73,2/15/2020,268.39,36024.01,4507529980
397,Sunny,Talmadge,stalmadgeb0@wordpress.com,Genderfluid,189328.07,5/2/2020,382.6,31329.18,9602278412
398,Anna-diane,Mulbry,amulbryb1@google.de,Non-binary,68252.53,1/19/2021,23.56,30865.69,3685204491
399,Agatha,Heaphy,aheaphyb2@marriott.com,Genderfluid,434877.31,1/7/2021,299.85,24430.17,5893920805
400,Frederic,Gundrey,fgundreyb3@tumblr.com,Polygender,411036.92,7/30/2020,457.05,9151.44,7478871119
401,Milty,Filipov,mfilipovb4@barnesandnoble.com,Genderfluid,395057.58,2/9/2020,247.82,29891.15,3466906938
402,Jonathan,Drury,jdruryb5@gravatar.com,Genderfluid,474361.72,7/11/2020,136.68,22838.58,6215965065
403,Alejandro,Dormand,adormandb6@geocities.jp,Genderqueer,316855.38,8/25/2020,125.49,37660.43,8896889529
404,Tracy,McGennis,tmcgennisb7@mysql.com,Genderfluid,124265.04,9/20/2020,403.66,20627.34,3372819624
405,Adan,Jocic,ajocicb8@parallels.com,Bigender,60670.5,11/3/2020,358.79,25530.61,6804348311
406,Milli,Altamirano,maltamiranob9@csmonitor.com,Polygender,93809.0,9/2/2020,422.72,8464.7,4016672775
407,Horace,Ryles,hrylesba@tripadvisor.com,Male,145675.59,1/2/2021,473.7,3561.2,7247306947
408,Lise,Gillio,lgilliobb@hubpages.com,Female,488515.44,8/12/2020,193.23,4950.0,2485972397
409,Gil,Fechnie,gfechniebc@1und1.de,Non-binary,467737.44,9/12/2020,95.1,19199.55,5601828172
410,Irwin,Linnett,ilinnettbd@t-online.de,Genderqueer,80743.4,9/24/2020,176.68,47949.79,1558252150
411,Gillian,Tinklin,gtinklinbe@acquirethisname.com,Bigender,29934.28,1/27/2021,151.22,37568.4,6912805469
412,Tadeas,Killingbeck,tkillingbeckbf@e-recht24.de,Agender,178970.82,2/7/2021,176.22,48078.47,9540423139
413,Audie,Sherred,asherredbg@unicef.org,Male,481727.36,7/10/2020,181.59,6259.63,3540174079
414,Zabrina,Moncreiffe,zmoncreiffebh@theatlantic.com,Agender,255142.62,6/5/2020,108.44,41250.94,7093833438
415,Lothario,Goldbourn,lgoldbournbi@newyorker.com,Agender,485708.86,10/18/2020,104.6,4730.77,5973017974
416,Nye,Harverson,nharversonbj@businessinsider.com,Female,433269.04,3/5/2020,263.03,6814.16,9229660450
417,Ricca,Cottie,rcottiebk@de.vu,Genderfluid,55814.29,3/26/2020,206.07,21637.54,4189264156
418,Donnajean,Rawes,drawesbl@go.com,Polygender,376245.46,12/10/2020,86.21,27025.6,5687299831
419,Maridel,O'Breen,mobreenbm@twitter.com,Polygender,379268.59,10/3/2020,375.99,18090.56,9955433515
420,Owen,Vasyanin,ovasyaninbn@typepad.com,Bigender,344891.51,9/2/2020,15.99,41951.08,8278848939
421,Woodie,Heisman,wheismanbo@guardian.co.uk,Genderqueer,304745.17,7/1/2020,357.65,45608.69,3124667271
422,Alisander,Currin,acurrinbp@quantcast.com,Genderfluid,118344.65,5/25/2020,23.4,27632.44,3728646962
423,Ludovika,Gasnoll,lgasnollbq@tmall.com,Male,386630.04,5/1/2020,154.81,24765.29,1572482044
424,Wallis,Bliven,wblivenbr@acquirethisname.com,Genderqueer,59806.26,12/31/2020,349.37,14333.66,3849054470
425,Ortensia,Saunderson,osaundersonbs@biglobe.ne.jp,Bigender,39642.76,4/8/2020,248.26,28662.36,4322124852
426,Brunhilda,MacFadzean,bmacfadzeanbt@rediff.com,Polygender,366555.41,2/7/2021,228.07,24389.71,3020420415
427,Wenona,Ingall,wingallbu@yahoo.co.jp,Male,133367.01,7/26/2020,254.35,5408.28,0804004471
428,Karney,Berthon,kberthonbv@jimdo.com,Agender,75209.07,12/15/2020,283.79,44396.29,3911045891
429,Bettye,Maple,bmaplebw@over-blog.com,Genderqueer,341688.58,5/22/2020,248.49,481.97,0270127666
430,Cob,Brimilcome,cbrimilcomebx@amazon.co.jp,Male,187734.79,8/10/2020,437.48,11953.8,6965004568
431,Gabrielle,Stockey,gstockeyby@hexun.com,Polygender,487832.85,9/6/2020,163.53,20103.46,3455107427
432,Hiram,Wartonby,hwartonbybz@unicef.org,Female,469245.25,8/4/2020,292.04,12270.91,6830892562
433,Torey,Calendar,tcalendarc0@reuters.com,Genderfluid,395673.79,2/4/2021,374.32,13605.69,0183637356
434,Shaylah,Strapp,sstrappc1@histats.com,Agender,212756.73,12/10/2020,150.08,6858.81,8758932798
435,Margaret,Joost,mjoostc2@oracle.com,Male,299138.83,8/15/2020,416.08,18827.62,9276582444
436,Alexandrina,Ruggen,aruggenc3@ebay.co.uk,Polygender,93844.9,7/25/2020,338.93,33936.61,0431830614
437,Yancey,Heims,yheimsc4@yelp.com,Non-binary,460692.51,4/2/2020,238.66,13426.34,3324408822
438,Odelle,McBayne,omcbaynec5@wix.com,Female,301730.51,10/22/2020,352.65,47078.71,6158692549
439,Paulina,Baumber,pbaumberc6@barnesandnoble.com,Male,124340.59,9/28/2020,434.76,10620.92,9278061425
440,Bree,Ludron,bludronc7@sfgate.com,Agender,439883.52,1/17/2021,282.35,32578.65,5647975828
441,Viviene,Hawney,vhawneyc8@salon.com,Female,480515.44,8/21/2020,299.2,31252.74,8521119828
442,Jocelyne,Lenox,jlenoxc9@who.int,Agender,237455.71,6/27/2020,394.81,43531.1,1478309016
443,Niccolo,Videan,nvideanca@columbia.edu,Bigender,168086.56,1/2/2021,388.33,33116.24,9106353770
444,Delaney,Ebbage,debbagecb@eventbrite.com,Female,89521.04,11/24/2020,440.58,1226.33,1876081333
445,Barclay,Brimham,bbrimhamcc@netvibes.com,Female,3783.55,11/29/2020,104.65,36056.24,1583443495
446,Kendricks,Ramas,kramascd@harvard.edu,Genderqueer,431283.77,11/24/2020,284.74,11757.12,6773645972
447,Nance,Antecki,nanteckice@theglobeandmail.com,Male,165540.72,1/22/2021,347.92,14955.45,5960866153
448,Donia,Lorimer,dlorimercf@amazon.com,Non-binary,68874.16,9/9/2020,407.27,33829.5,6297046492
449,Bambi,Gallaher,bgallahercg@so-net.ne.jp,Polygender,42192.75,9/5/2020,483.43,40770.35,1838575324
450,Aloysia,Elster,aelsterch@merriam-webster.com,Genderfluid,71002.7,2/14/2020,389.05,5782.38,0221365036
451,Leigh,Dundridge,ldundridgeci@theatlantic.com,Agender,21523.24,4/26/2020,240.02,9077.92,1768154910
452,Kendricks,Oulner,koulnercj@twitpic.com,Genderfluid,74379.59,8/8/2020,202.41,20361.9,5909470892
453,Tully,Roller,trollerck@parallels.com,Agender,54890.13,9/18/2020,323.2,21443.07,9993236071
454,Karole,Agney,kagneycl@yellowbook.com,Non-binary,339796.6,7/12/2020,293.62,3503.37,2950456340
455,August,Gloyens,agloyenscm@flickr.com,Bigender,121592.43,8/13/2020,220.12,23439.52,8274927796
456,Arlen,Heaslip,aheaslipcn@arizona.edu,Genderqueer,35242.98,6/23/2020,377.66,6260.39,1023791277
457,Zackariah,Bogaert,zbogaertco@indiatimes.com,Genderqueer,446682.84,9/22/2020,323.6,33860.37,2375977882
458,Tessie,Nancekivell,tnancekivellcp@barnesandnoble.com,Female,376868.6,12/19/2020,86.64,45227.76,3682444858
459,Frannie,Daubney,fdaubneycq@diigo.com,Genderfluid,250246.28,4/29/2020,0.62,33606.41,8010166715
460,Sadella,Curgenuer,scurgenuercr@mozilla.com,Genderqueer,230361.36,5/20/2020,99.09,3251.41,6804449819
461,Codie,Ishak,cishakcs@ft.com,Female,279806.32,7/6/2020,353.91,35809.65,6838848503
462,Pieter,Blunden,pblundenct@mediafire.com,Genderfluid,383465.91,2/25/2020,303.57,5268.47,8897727220
463,Rip,Tenwick,rtenwickcu@zimbio.com,Genderqueer,19733.5,3/10/2020,19.6,29138.94,3184934209
464,Myron,Farndell,mfarndellcv@nps.gov,Genderfluid,417435.36,7/6/2020,240.08,15408.76,9594631090
465,Ynes,Voysey,yvoyseycw@google.co.uk,Bigender,118920.74,11/25/2020,277.55,34358.55,4156681386
466,Coleman,Mowle,cmowlecx@unblog.fr,Polygender,473494.39,8/17/2020,115.44,5776.26,4216124429
467,Crawford,Grafham,cgrafhamcy@themeforest.net,Polygender,100444.93,1/30/2021,158.05,15868.2,0539252131
468,Arleen,Hastwell,ahastwellcz@mlb.com,Agender,122103.84,3/24/2020,407.34,32418.71,8479224991
469,Ralina,Stowte,rstowted0@walmart.com,Agender,474783.0,8/21/2020,383.77,36763.3,3599773033
470,Nikkie,Emanuel,nemanueld1@ucsd.edu,Male,224304.02,6/30/2020,90.3,46456.56,1130230813
471,Felipa,Veeler,fveelerd2@princeton.edu,Genderfluid,24812.44,2/27/2020,207.63,33913.44,8530927079
472,Dionisio,Avery,daveryd3@amazon.co.jp,Non-binary,450403.81,5/15/2020,354.96,45052.19,1947864653
473,Geoffry,Schimke,gschimked4@fema.gov,Female,382317.82,12/22/2020,373.92,49983.37,1510081445
474,Zak,Antoniades,zantoniadesd5@census.gov,Non-binary,27023.7,1/19/2021,323.8,30709.33,3687869474
475,Erika,Hurnell,ehurnelld6@nbcnews.com,Bigender,129030.36,4/27/2020,250.67,47635.75,7284084472
476,Cornie,Sloan,csloand7@bravesites.com,Female,122499.84,6/28/2020,152.98,34125.45,2073491030
477,Ilse,D'Oyly,idoylyd8@posterous.com,Genderqueer,257292.61,6/27/2020,344.04,41300.83,9381580014
478,Tiebout,Ibbetson,tibbetsond9@wordpress.org,Agender,176718.28,3/2/2020,334.75,46212.1,5119563821
479,Marlena,Robel,mrobelda@pinterest.com,Genderfluid,203772.45,3/7/2020,141.64,14518.34,3415610012
480,Kellie,Clayton,kclaytondb@shinystat.com,Bigender,449929.51,9/10/2020,228.05,20916.44,8493992887
481,Arlyn,Balden,abaldendc@omniture.com,Female,120553.41,7/18/2020,454.22,42584.28,8110290264
482,Arie,Bottell,abottelldd@unesco.org,Agender,124033.45,3/2/2020,141.75,1049.38,7526256946
483,Lorette,Newlove,lnewlovede@bbc.co.uk,Non-binary,422410.61,11/18/2020,398.93,24680.66,1153262274
484,Giraud,Ivimey,givimeydf@bbc.co.uk,Bigender,487901.16,3/31/2020,433.65,44819.01,8554088700
485,Merilee,Scay,mscaydg@baidu.com,Non-binary,78194.2,4/6/2020,55.32,35608.45,7140436436
486,Stephan,Fosten,sfostendh@cnn.com,Polygender,55098.51,4/29/2020,469.6,11105.37,2072418844
487,Kathryne,Marrington,kmarringtondi@miibeian.gov.cn,Male,414509.16,12/18/2020,197.48,27204.27,5580616856
488,Robby,MacKartan,rmackartandj@npr.org,Genderfluid,4566.9,8/7/2020,400.83,19136.33,0564471038
489,Russell,Chew,rchewdk@kickstarter.com,Non-binary,429850.32,6/16/2020,253.14,5148.83,3141869073
490,Vale,Jewise,vjewisedl@tamu.edu,Male,69099.27,6/16/2020,316.68,46502.01,8708885834
491,Sauncho,Petrushka,spetrushkadm@t-online.de,Bigender,427224.11,12/14/2020,3.08,32032.99,1826727396
492,Galvan,Bernardy,gbernardydn@timesonline.co.uk,Non-binary,302057.91,3/26/2020,291.63,20389.34,1958555673
493,Norton,Wahlberg,nwahlbergdo@barnesandnoble.com,Polygender,195202.8,9/9/2020,412.45,30648.96,3650467593
494,Care,Devigne,cdevignedp@amazonaws.com,Bigender,109925.42,6/6/2020,322.08,5382.82,5361677671
495,Ingaborg,Rodgerson,irodgersondq@dailymotion.com,Bigender,237080.01,6/3/2020,193.67,32020.32,5702044754
496,Korella,Timcke,ktimckedr@google.com.br,Non-binary,184872.5,11/28/2020,196.68,41202.36,9106459463
497,Torre,Whatford,twhatfordds@cbsnews.com,Bigender,484179.62,6/1/2020,408.67,29937.7,3466841585
498,Shelby,Rois,sroisdt@desdev.cn,Male,335966.84,9/8/2020,53.38,46203.04,2749850088
499,Bernarr,Prest,bprestdu@shop-pro.jp,Genderfluid,456503.84,5/21/2020,156.58,38558.18,3800314681
500,Chiquita,Licquorish,clicquorishdv@stanford.edu,Male,26338.77,9/27/2020,62.74,3140.67,7101337090
501,Antonetta,Ikringill,aikringilldw@google.com.au,Male,361642.35,8/25/2020,468.59,32216.81,9192259456
502,Costa,Withers,cwithersdx@un.org,Genderfluid,291119.44,10/27/2020,315.4,40401.35,8945424504
503,Avie,Heffernon,aheffernondy@woothemes.com,Bigender,382775.32,3/17/2020,4.99,6274.81,9704213409
504,Erminie,Alphonso,ealphonsodz@ask.com,Agender,190968.24,11/18/2020,478.03,30706.6,2007783096
505,Molly,Kingscott,mkingscotte0@whitehouse.gov,Genderfluid,392756.09,9/11/2020,123.56,1567.15,7787369264
506,Georas,Craythorn,gcraythorne1@networkadvertising.org,Male,255712.89,2/28/2020,329.57,39540.72,2992848166
507,Timothea,Peeter,tpeetere2@topsy.com,Genderfluid,202835.6,8/26/2020,253.4,33888.71,1831309513
508,Veda,Cure,vcuree3@csmonitor.com,Bigender,285471.46,10/5/2020,30.51,46229.2,4046892145
509,Ofella,Hagstone,ohagstonee4@uol.com.br,Non-binary,197706.58,3/7/2020,131.9,34364.53,4520503876
510,Twila,Olenchikov,tolenchikove5@domainmarket.com,Agender,353501.65,5/17/2020,211.96,21916.98,4008241892
511,Caitrin,Ivanikhin,civanikhine6@princeton.edu,Male,192908.69,12/25/2020,441.6,30623.25,5843180441
512,Claudia,Cline,cclinee7@cisco.com,Bigender,117273.43,1/10/2021,114.76,49183.46,7505772333
513,Eugene,Willows,ewillowse8@bbb.org,Genderfluid,389651.03,3/4/2020,135.6,26086.84,4567232526
514,Rollie,Sannes,rsannese9@whitehouse.gov,Agender,137659.84,10/11/2020,490.87,16645.86,2614920169
515,Claudina,Grzeszczak,cgrzeszczakea@noaa.gov,Female,316160.09,8/26/2020,348.44,17277.63,9322964405
516,Zora,Giffin,zgiffineb@tripadvisor.com,Non-binary,296511.84,4/13/2020,158.23,18588.1,4378290480
517,Sasha,Farland,sfarlandec@sakura.ne.jp,Agender,248769.57,11/20/2020,370.56,69.93,0800232259
518,Deeann,Springham,dspringhamed@reuters.com,Genderqueer,105601.77,2/4/2021,238.36,45131.07,8924588397
519,Annissa,Northill,anorthillee@hatena.ne.jp,Genderfluid,161812.93,2/6/2021,424.52,47862.92,7449051850
520,Marlin,Angelo,mangeloef@typepad.com,Polygender,142285.31,9/8/2020,447.59,28629.59,3680405561
521,Leeann,Duffrie,lduffrieeg@nsw.gov.au,Genderqueer,219588.71,6/18/2020,345.06,6774.11,5272162498
522,Jacquie,Flecknell,jflecknelleh@unicef.org,Genderqueer,435655.67,10/27/2020,408.77,168.17,7475099032
523,Candice,McKue,cmckueei@omniture.com,Bigender,312233.43,2/15/2020,278.62,15480.01,1402810512
524,Gaspar,Walmsley,gwalmsleyej@surveymonkey.com,Genderqueer,309616.84,10/2/2020,293.2,8742.4,3002361747
525,Geri,Inglesfield,ginglesfieldek@paypal.com,Agender,109345.29,1/10/2021,134.89,28493.05,0329864114
526,Lennie,Kenningley,lkenningleyel@skype.com,Female,172191.86,11/3/2020,198.72,30509.12,1730949932
527,Amalee,Ridgewell,aridgewellem@storify.com,Genderfluid,380853.01,1/15/2021,103.26,37148.63,7906495268
528,Ewell,Labet,elabeten@hud.gov,Female,181715.52,3/27/2020,479.88,45291.06,5139713144
529,Rhoda,Cicero,rciceroeo@123-reg.co.uk,Female,408589.0,10/18/2020,398.67,49262.72,4331734455
530,Christi,Evens,cevensep@sina.com.cn,Bigender,319390.15,6/7/2020,138.34,41755.54,3148908651
531,Brady,Iley,bileyeq@myspace.com,Genderfluid,131732.09,10/9/2020,457.08,16807.87,5940576338
532,Reginald,Stower,rstowerer@list-manage.com,Bigender,73004.62,4/11/2020,137.03,22116.38,6360024691
533,Marline,Guerreau,mguerreaues@dailymail.co.uk,Genderfluid,12412.23,11/3/2020,209.3,22887.91,5966161844
534,Emmi,Garrod,egarrodet@shutterfly.com,Genderfluid,48423.72,3/31/2020,169.0,31221.94,4589541483
535,Hildagard,Fossett,hfossetteu@icq.com,Male,41838.12,8/8/2020,482.79,4310.82,1829109626
536,Evonne,Izkovitch,eizkovitchev@free.fr,Non-binary,28253.8,11/20/2020,91.91,32889.29,2559791994
537,Juliana,Krojn,jkrojnew@upenn.edu,Male,291292.65,8/28/2020,81.88,33217.29,7158964698
538,Lynnell,Lilburn,llilburnex@canalblog.com,Female,37904.02,8/27/2020,188.84,32843.64,7842426902
539,Bondy,Buttwell,bbuttwelley@list-manage.com,Agender,106133.41,7/20/2020,243.55,47369.49,2520753625
540,Sheila-kathryn,Cankett,scankettez@seesaa.net,Female,191490.55,11/2/2020,205.1,27385.0,2722201410
541,Vivyan,Macvey,vmacveyf0@usgs.gov,Male,145462.96,12/1/2020,109.22,10860.8,2611766010
542,Eleen,Kale,ekalef1@tuttocitta.it,Genderqueer,215639.79,5/14/2020,313.56,11901.51,6318542779
543,Rorie,Manston,rmanstonf2@ovh.net,Polygender,186813.7,10/14/2020,263.01,9827.12,5817153041
544,Wallis,Lyard,wlyardf3@washingtonpost.com,Genderfluid,96526.6,1/27/2021,62.94,43493.9,5342238374
545,Vicky,Bedberry,vbedberryf4@pcworld.com,Genderqueer,399834.6,10/20/2020,176.25,9883.82,8036597586
546,Christoph,Chippendale,cchippendalef5@google.de,Genderfluid,50766.0,12/14/2020,8.69,2213.98,4515494236
547,Godwin,Hann,ghannf6@cnet.com,Genderqueer,370658.12,10/2/2020,204.15,39386.12,9253337702
548,Shelagh,Gaddesby,sgaddesbyf7@nbcnews.com,Genderqueer,351505.48,3/18/2020,354.91,43368.27,6147497502
549,Shantee,Androsik,sandrosikf8@typepad.com,Female,367525.01,5/15/2020,180.41,4122.61,5297620562
550,Brade,Gagie,bgagief9@apache.org,Genderfluid,70696.45,5/7/2020,81.54,12704.1,2388338522
551,Batsheva,Kynd,bkyndfa@shareasale.com,Agender,429959.66,8/13/2020,276.57,25995.75,1881969517
552,Marina,Tolwood,mtolwoodfb@vinaora.com,Female,274205.31,6/17/2020,325.72,26512.59,4312379009
553,Mart,Philippart,mphilippartfc@g.co,Female,425821.88,10/18/2020,168.84,38967.68,6067002159
554,Vachel,Dunk,vdunkfd@noaa.gov,Bigender,299168.32,3/30/2020,377.23,2597.0,8839745548
555,Julietta,Millard,jmillardfe@blinklist.com,Non-binary,155206.91,9/23/2020,424.42,39167.85,5503398645
556,Webb,Lucey,wluceyff@ca.gov,Female,245118.67,4/21/2020,274.83,46808.0,7543563770
557,Ludovico,Kidstone,lkidstonefg@un.org,Bigender,338294.42,1/22/2021,266.17,7964.96,1846727758
558,Ezequiel,Saltmarsh,esaltmarshfh@arizona.edu,Genderqueer,88616.67,9/13/2020,358.09,39181.07,9726574919
559,Humberto,Kubec,hkubecfi@china.com.cn,Non-binary,76406.57,6/13/2020,211.19,44915.97,0361604203
560,Gualterio,Germain,ggermainfj@webs.com,Polygender,86112.65,9/21/2020,4.02,20539.33,3250800406
561,Alan,Fennelow,afennelowfk@latimes.com,Bigender,454070.65,11/23/2020,276.12,21051.64,2920606689
562,Agnella,Gorriessen,agorriessenfl@prnewswire.com,Non-binary,407976.99,2/27/2020,318.45,49176.12,7315303936
563,Tito,Rudwell,trudwellfm@sciencedaily.com,Polygender,241569.63,10/17/2020,483.31,17351.55,4559518149
564,Annaliese,Beamond,abeamondfn@ftc.gov,Genderfluid,345859.0,5/14/2020,329.12,38935.49,6045733355
565,Winnie,Nutt,wnuttfo@icq.com,Non-binary,20094.03,3/25/2020,414.2,38454.7,9785715337
566,Leeanne,Mead,lmeadfp@alexa.com,Bigender,320986.48,10/26/2020,304.64,481.19,2788733003
567,Jasmin,Wescott,jwescottfq@t-online.de,Agender,268656.35,11/14/2020,424.07,26293.17,6785703212
568,Tamqrah,Heak,theakfr@yale.edu,Polygender,84184.7,1/16/2021,88.18,44040.73,4943110118
569,Stefanie,Ettridge,settridgefs@livejournal.com,Genderqueer,262830.14,8/23/2020,80.14,22745.35,0133813606
570,Hunfredo,Pilch,hpilchft@psu.edu,Polygender,162101.33,10/23/2020,163.85,13737.39,5661901143
571,Gilberte,Atley,gatleyfu@scientificamerican.com,Bigender,245191.98,8/4/2020,451.42,24835.42,4855823082
572,Kelcy,Coldrick,kcoldrickfv@bluehost.com,Female,51404.94,8/16/2020,117.97,44743.9,2175927539
573,Ronald,Orrin,rorrinfw@quantcast.com,Non-binary,360558.82,8/9/2020,237.82,19177.93,9513270440
574,Rochette,Boutell,rboutellfx@godaddy.com,Male,234928.42,9/14/2020,312.11,29286.19,5081447536
575,Coralyn,Stratz,cstratzfy@europa.eu,Female,208545.41,8/1/2020,141.2,8526.96,1346298297
576,Martina,Boyle,mboylefz@studiopress.com,Polygender,19812.53,12/9/2020,320.78,8964.64,4990728033
577,Gibb,Garmey,ggarmeyg0@geocities.com,Female,333509.26,2/20/2020,102.2,21003.58,7568901637
578,Pansy,Keeble,pkeebleg1@huffingtonpost.com,Bigender,404941.29,1/26/2021,174.91,12052.0,0567396304
579,Otha,Duffitt,oduffittg2@issuu.com,Male,448638.45,11/14/2020,146.3,34934.35,4923899999
580,Worden,Lightewood,wlightewoodg3@e-recht24.de,Male,201209.07,1/3/2021,268.9,41734.67,0076950565
581,Julee,O'Lyhane,jolyhaneg4@liveinternet.ru,Polygender,306177.53,12/29/2020,98.7,34044.99,3727333782
582,Suzanne,Gladbeck,sgladbeckg5@archive.org,Male,175883.11,6/30/2020,241.43,46234.39,1000995410
583,Berky,Duly,bdulyg6@deliciousdays.com,Bigender,421918.55,12/21/2020,416.27,42667.73,0088483754
584,Paulie,Lucken,pluckeng7@apache.org,Genderfluid,61044.82,5/30/2020,234.02,48222.99,5471117174
585,Bary,Bolwell,bbolwellg8@moonfruit.com,Male,66446.81,10/3/2020,236.65,20071.79,7855108688
586,Mathilde,Borit,mboritg9@t.co,Bigender,20736.68,5/29/2020,175.82,35136.05,7459772046
587,Meridel,Wolstencroft,mwolstencroftga@bbc.co.uk,Non-binary,371452.18,5/22/2020,347.41,13418.8,9881385881
588,Donica,Hourihane,dhourihanegb@w3.org,Genderqueer,496090.09,10/5/2020,405.26,10252.24,8279471383
589,Eudora,Willmetts,ewillmettsgc@google.com.au,Male,163124.43,8/14/2020,130.87,15969.8,7346659929
590,Chere,Maskell,cmaskellgd@oaic.gov.au,Agender,452004.98,7/12/2020,417.15,15790.55,2865659488
591,Honor,Hadland,hhadlandge@slate.com,Genderfluid,105756.09,4/1/2020,124.62,30741.11,6965591811
592,Mitzi,Scoyne,mscoynegf@businesswire.com,Female,371408.35,10/4/2020,291.38,22971.96,2869420498
593,Leontine,Plunket,lplunketgg@mac.com,Genderqueer,125926.24,2/3/2021,120.58,31402.97,0103362657
594,Vikki,Kondrat,vkondratgh@ucla.edu,Female,301866.36,7/9/2020,367.19,22581.03,9540190894
595,Oberon,Pergens,opergensgi@intel.com,Polygender,156066.79,12/13/2020,261.61,13011.89,7660823108
596,Alberto,Bourne,abournegj@issuu.com,Male,211903.22,10/9/2020,65.07,29533.84,3364573638
597,Athena,Suttill,asuttillgk@yolasite.com,Genderqueer,335278.15,1/25/2021,476.26,16465.7,9942580506
598,Ada,Reany,areanygl@networkadvertising.org,Bigender,312047.28,6/3/2020,476.56,15706.27,5141195341
599,Archie,O'Spillane,aospillanegm@bloomberg.com,Agender,352498.31,6/9/2020,116.62,3867.95,7617142161
600,Zonnya,Grassot,zgrassotgn@blogspot.com,Agender,126281.64,4/30/2020,114.39,46695.11,4795180075
601,Carver,Knight,cknightgo@cbsnews.com,Agender,477277.16,4/28/2020,403.69,2174.67,8991115004
602,Eduino,Maffi,emaffigp@illinois.edu,Genderfluid,88838.52,4/8/2020,245.09,20187.6,5942503230
603,Amabel,Tett,atettgq@omniture.com,Non-binary,166872.73,11/5/2020,231.01,22661.22,6348417123
604,Antoine,Domenico,adomenicogr@people.com.cn,Agender,113043.59,7/9/2020,209.9,660.04,3967396312
605,Constancy,Ericsson,cericssongs@cnet.com,Male,111190.6,11/4/2020,407.36,25376.87,9554868529
606,Ianthe,Kimbling,ikimblinggt@guardian.co.uk,Bigender,299718.42,1/27/2021,480.37,35307.94,7303559876
607,April,Broom,abroomgu@networksolutions.com,Agender,97241.11,12/2/2020,217.04,24559.03,4494821942
608,Merissa,Basham,mbashamgv@unesco.org,Female,200969.19,3/14/2020,398.46,29353.22,6829749743
609,Davin,Jerok,djerokgw@exblog.jp,Non-binary,366141.19,7/18/2020,455.76,45642.37,6627588056
610,Doralia,Alishoner,dalishonergx@prlog.org,Genderfluid,177702.36,9/23/2020,495.15,11371.1,8838376557
611,Orazio,Player,oplayergy@blinklist.com,Polygender,425930.63,5/30/2020,192.57,40065.9,4840288968
612,Wileen,Reiner,wreinergz@wired.com,Bigender,191528.0,5/16/2020,413.75,11906.3,9641617435
613,Tymon,Boscott,tboscotth0@squarespace.com,Non-binary,130281.47,9/30/2020,146.1,16905.53,4342134225
614,Ida,Traske,itraskeh1@nba.com,Female,462276.0,5/12/2020,483.85,16611.26,5154401638
615,Baillie,Youle,byouleh2@friendfeed.com,Genderqueer,336422.49,8/30/2020,342.32,23091.11,3955213536
616,Brook,Tandy,btandyh3@cam.ac.uk,Agender,198327.71,3/26/2020,457.55,35159.69,0865590478
617,Raphaela,Chaunce,rchaunceh4@sfgate.com,Non-binary,185515.94,9/24/2020,105.3,48465.97,3514120153
618,Batholomew,Conklin,bconklinh5@seesaa.net,Male,110052.26,4/25/2020,64.31,38075.67,6008597486
619,Ninnetta,Bails,nbailsh6@example.com,Male,328317.34,7/20/2020,31.83,43179.14,6887003635
620,Andie,Gregol,agregolh7@ameblo.jp,Polygender,113124.26,3/10/2020,60.9,33653.06,2497951128
621,Nolly,Corner,ncornerh8@twitpic.com,Female,69206.77,7/1/2020,236.94,32785.25,1832664511
622,Brandais,Creech,bcreechh9@telegraph.co.uk,Agender,120301.12,5/16/2020,145.91,45052.86,4649652588
623,Mark,Zapatero,mzapateroha@ucsd.edu,Genderfluid,348491.13,11/8/2020,346.36,15230.99,4553469626
624,Leela,Tomasello,ltomasellohb@whitehouse.gov,Male,351057.47,7/30/2020,95.66,20509.95,0279715633
625,Yorke,Schumacher,yschumacherhc@comcast.net,Agender,473276.11,6/1/2020,249.87,39384.67,3327532745
626,Thurstan,Gomes,tgomeshd@patch.com,Polygender,52065.24,4/18/2020,375.69,25138.81,8241082010
627,Walton,Venard,wvenardhe@whitehouse.gov,Bigender,240119.71,6/28/2020,373.31,35293.0,0724642196
628,Gaylor,Luker,glukerhf@engadget.com,Female,139701.09,3/26/2020,383.71,32144.42,5101092363
629,Barny,Dendon,bdendonhg@fda.gov,Polygender,63369.66,8/20/2020,2.41,24897.28,0291837050
630,Corty,McCreedy,cmccreedyhh@desdev.cn,Male,67120.0,2/24/2020,446.81,37315.4,6246911161
631,Bethany,Mepham,bmephamhi@canalblog.com,Agender,380118.29,8/13/2020,387.31,39490.9,3254054911
632,Lurlene,Perri,lperrihj@biglobe.ne.jp,Female,475046.1,6/3/2020,191.59,16555.57,5844107829
633,Maurita,Durrington,mdurringtonhk@dagondesign.com,Genderfluid,14407.54,9/16/2020,473.62,19691.89,2417345226
634,Stefano,Silverman,ssilvermanhl@yale.edu,Female,32042.39,6/22/2020,249.91,21423.27,3071244894
635,Nico,Ledington,nledingtonhm@va.gov,Genderqueer,175381.0,10/26/2020,7.54,6182.84,9255707345
636,Eward,Foulstone,efoulstonehn@homestead.com,Bigender,188313.44,10/20/2020,473.85,25555.59,0928960528
637,Kettie,Oakhill,koakhillho@latimes.com,Agender,270392.5,2/2/2021,100.72,21052.05,7243552927
638,Godart,Sayle,gsaylehp@acquirethisname.com,Bigender,26681.96,4/6/2020,73.62,25119.06,1173934707
639,Ragnar,Meffan,rmeffanhq@reverbnation.com,Genderqueer,327602.88,3/15/2020,418.5,29279.12,7987380938
640,Husein,Everest,heveresthr@bigcartel.com,Male,371321.56,5/24/2020,33.71,48222.8,7113491200
641,Jakob,Slixby,jslixbyhs@surveymonkey.com,Genderqueer,352511.71,3/11/2020,5.34,41927.87,2918005495
642,Daren,Powdrell,dpowdrellht@nba.com,Genderfluid,386729.35,10/30/2020,32.15,23500.25,9308238948
643,Gwendolyn,Van der Velden,gvanderveldenhu@twitter.com,Female,219894.28,11/3/2020,36.26,14451.39,2504225962
644,Courtnay,Tribell,ctribellhv@is.gd,Non-binary,314548.78,2/25/2020,319.12,119.78,2237048304
645,Erich,Wannes,ewanneshw@dion.ne.jp,Male,180993.89,6/19/2020,431.91,6001.58,8183829805
646,Raye,Wheelan,rwheelanhx@whitehouse.gov,Genderfluid,53312.41,7/23/2020,183.12,43798.54,4589655241
647,Rossie,Fellgatt,rfellgatthy@ovh.net,Agender,425969.64,5/17/2020,481.87,24839.58,3180823674
648,Leicester,Attwooll,lattwoollhz@gmpg.org,Genderfluid,96449.34,6/6/2020,71.59,33221.14,6690268497
649,Bartholomew,Hanselmann,bhanselmanni0@weather.com,Non-binary,151121.06,10/14/2020,125.09,49728.67,4192287099
650,Kearney,Holworth,kholworthi1@chron.com,Polygender,33293.62,4/22/2020,195.68,47168.54,6468197570
651,Traver,Peterkin,tpeterkini2@cdc.gov,Non-binary,236244.62,3/8/2020,310.11,17280.72,6412644164
652,Julio,Philpott,jphilpotti3@youtube.com,Genderqueer,482531.49,9/8/2020,306.91,24943.21,2406645738
653,Idell,Bruyntjes,ibruyntjesi4@parallels.com,Bigender,237116.99,6/28/2020,158.38,29983.5,3550132697
654,Amity,Mabson,amabsoni5@thetimes.co.uk,Genderfluid,381223.44,8/11/2020,484.08,47190.96,0175922284
655,Gallard,Sympson,gsympsoni6@sina.com.cn,Non-binary,404292.2,9/10/2020,401.57,43724.89,4426180996
656,Earle,Applebee,eapplebeei7@nps.gov,Bigender,159147.39,4/13/2020,102.79,36873.4,9285547656
657,Emory,MacDonald,emacdonaldi8@skyrock.com,Male,231274.42,9/30/2020,187.41,4986.65,8116443348
658,Ferdie,Hubeaux,fhubeauxi9@e-recht24.de,Genderfluid,77622.95,6/4/2020,376.54,10365.62,3507326752
659,Rianon,Rainton,rraintonia@timesonline.co.uk,Male,204563.62,2/26/2020,319.0,17370.67,8984684414
660,Whitney,Chiverton,wchivertonib@smugmug.com,Female,17117.66,7/10/2020,44.83,12873.42,9919331201
661,Brannon,Ertel,bertelic@w3.org,Bigender,359524.93,8/1/2020,457.75,33576.01,2514283949
662,Lorry,Iwaszkiewicz,liwaszkiewiczid@hostgator.com,Bigender,19187.87,12/14/2020,3.49,39593.56,4022697784
663,Rora,Bratten,rbrattenie@auda.org.au,Male,163057.41,4/5/2020,358.21,3671.39,1917846339
664,Kerstin,Ryder,kryderif@edublogs.org,Female,411245.57,1/13/2021,302.82,44969.81,6380238573
665,Hollyanne,Ambroise,hambroiseig@list-manage.com,Genderqueer,172335.57,11/23/2020,227.49,45578.19,4926901978
666,Anderea,Greeveson,agreevesonih@va.gov,Female,192396.73,9/28/2020,231.58,26692.92,0829827935
667,Ricardo,Menico,rmenicoii@webeden.co.uk,Polygender,380320.86,2/14/2020,437.3,23143.79,8169212316
668,Antonie,Garlick,agarlickij@ft.com,Polygender,425327.59,11/26/2020,146.44,36057.45,8504798496
669,Kath,Mannock,kmannockik@ameblo.jp,Genderqueer,239511.79,5/17/2020,140.99,40110.66,3626347796
670,Cindelyn,Lassells,classellsil@free.fr,Polygender,169158.03,7/25/2020,240.28,31648.04,3867745048
671,Alain,Frensche,afrenscheim@miibeian.gov.cn,Genderqueer,338705.3,8/18/2020,288.98,32174.48,3274225134
672,Athena,Gonnin,agonninin@pen.io,Agender,197056.94,12/26/2020,282.44,32051.24,7882839787
673,Henriette,Barthelmes,hbarthelmesio@imdb.com,Bigender,164629.17,8/8/2020,62.61,36916.66,9726709113
674,Toby,Cranshaw,tcranshawip@dailymotion.com,Female,317209.0,12/19/2020,431.56,18296.17,9100996246
675,Christyna,Khoter,ckhoteriq@dot.gov,Male,13657.97,3/10/2020,41.62,32299.86,8201624564
676,Lea,Snalom,lsnalomir@nih.gov,Genderqueer,365041.68,10/4/2020,413.27,15826.16,6996780306
677,Belia,Damerell,bdamerellis@behance.net,Genderfluid,242135.68,9/21/2020,105.63,28317.84,8679064335
678,Faith,Aird,fairdit@uol.com.br,Male,152082.65,11/19/2020,74.11,46548.54,9009936090
679,Biddy,Dunk,bdunkiu@typepad.com,Genderqueer,229573.55,2/11/2020,341.54,4632.54,5236415616
680,Otho,Ferriere,oferriereiv@fc2.com,Agender,320646.52,7/1/2020,497.1,13380.1,7629980787
681,Chalmers,Sommerled,csommerlediw@comcast.net,Non-binary,395064.39,11/17/2020,151.41,1603.72,7206790615
682,Paulina,Labb,plabbix@discovery.com,Male,11296.32,5/12/2020,68.79,42185.2,5562763982
683,Howie,Wales,hwalesiy@ebay.com,Female,236228.93,11/7/2020,374.74,46855.67,6077196185
684,Sullivan,Goldstraw,sgoldstrawiz@tumblr.com,Genderqueer,401144.91,12/14/2020,167.33,40838.01,5723067419
685,Leeann,Jewis,ljewisj0@about.me,Genderfluid,486185.11,1/5/2021,389.87,28036.25,2786948169
686,Calida,Weatherburn,cweatherburnj1@nba.com,Genderfluid,116035.31,12/6/2020,390.32,44091.51,1095331043
687,Tracey,Perago,tperagoj2@slate.com,Polygender,247767.11,2/14/2020,51.96,22359.1,1213732832
688,Austen,Hayland,ahaylandj3@skyrock.com,Bigender,381901.42,1/13/2021,82.57,35107.96,6910980174
689,Ferd,Daid,fdaidj4@ted.com,Agender,28491.34,11/12/2020,173.86,9069.04,6261147728
690,Marje,Tofanini,mtofaninij5@nbcnews.com,Non-binary,187612.77,2/19/2020,260.45,48094.78,0951647881
691,Cecilio,Berriman,cberrimanj6@g.co,Female,102915.06,1/23/2021,39.54,44351.86,0861111559
692,Cathee,Caswill,ccaswillj7@mashable.com,Polygender,10941.9,8/20/2020,485.55,36737.88,8851080615
693,Nalani,Leavens,nleavensj8@ucoz.ru,Female,250699.46,2/23/2020,308.03,19853.29,2282799828
694,Byrann,Jeanel,bjeanelj9@nationalgeographic.com,Female,185798.02,1/18/2021,422.98,32178.17,6624952903
695,Mikkel,Kiefer,mkieferja@salon.com,Female,345224.2,6/8/2020,200.9,48137.6,2446085547
696,Jecho,Maypother,jmaypotherjb@census.gov,Male,378973.03,4/10/2020,159.69,16045.14,3084264821
697,Giordano,Belleny,gbellenyjc@imgur.com,Polygender,175186.58,2/17/2020,433.53,31123.27,9986654505
698,Orelie,Gregh,ogreghjd@weibo.com,Non-binary,365457.15,10/5/2020,230.86,45186.63,7469025243
699,Terri,Keri,tkerije@va.gov,Bigender,152275.07,4/7/2020,5.15,29680.0,3049954566
700,Garvey,Reubbens,greubbensjf@redcross.org,Polygender,43478.93,5/16/2020,308.08,8103.74,9797799573
701,Jere,Semiras,jsemirasjg@wunderground.com,Genderfluid,350495.73,7/28/2020,22.29,32629.26,6845526478
702,Winfield,Muckart,wmuckartjh@adobe.com,Agender,385949.49,4/13/2020,80.87,938.73,3951563958
703,Kean,Aleksandrikin,kaleksandrikinji@t.co,Male,141664.67,9/18/2020,490.21,30440.94,9294269736
704,Calypso,Plows,cplowsjj@intel.com,Bigender,149370.06,5/24/2020,108.61,38466.94,5182064683
705,Brennan,Belliss,bbellissjk@soup.io,Non-binary,382787.71,5/13/2020,236.52,18883.85,0485038153
706,Brunhilde,Bloxsom,bbloxsomjl@ezinearticles.com,Agender,43240.95,9/1/2020,346.35,2861.84,9895197861
707,Mattie,Ind,mindjm@biblegateway.com,Male,304669.96,2/15/2020,259.26,27745.39,4236640848
708,Linnie,Wagstaff,lwagstaffjn@google.de,Male,316164.28,12/28/2020,61.9,18126.14,8580107474
709,Ashlen,Bendson,abendsonjo@arstechnica.com,Bigender,96754.1,3/25/2020,408.08,26764.42,6477913178
710,Cole,Valder,cvalderjp@joomla.org,Agender,259535.7,4/7/2020,165.82,27510.46,9590350968
711,Rubin,Vinnick,rvinnickjq@rambler.ru,Polygender,96612.84,2/2/2021,497.12,548.71,3223791175
712,Fanchette,Diperaus,fdiperausjr@reuters.com,Agender,171251.23,8/2/2020,310.15,47962.37,8628885153
713,Drona,Flattman,dflattmanjs@1und1.de,Bigender,65419.78,4/14/2020,265.37,26192.04,0911170154
714,Aurora,Kensy,akensyjt@360.cn,Genderqueer,25560.19,4/23/2020,461.22,40779.1,8445632175
715,Valencia,Landrean,vlandreanju@ovh.net,Non-binary,18783.24,7/18/2020,195.94,17114.99,4114818030
716,Aurelie,Kirby,akirbyjv@yandex.ru,Polygender,80932.31,2/4/2021,261.0,43980.63,7479023928
717,Sheelagh,Gorden,sgordenjw@comcast.net,Genderfluid,46210.65,12/29/2020,436.96,36201.31,1750750740
718,Budd,Lumpkin,blumpkinjx@apple.com,Female,389672.77,8/10/2020,1.76,15994.27,9297130518
719,Abigael,Beed,abeedjy@ning.com,Genderqueer,169396.29,3/21/2020,292.73,41358.88,5204570020
720,Babs,Skeldinge,bskeldingejz@csmonitor.com,Non-binary,8480.09,9/1/2020,444.5,41055.78,1223071391
721,Nicholle,Benezet,nbenezetk0@upenn.edu,Bigender,291089.02,12/21/2020,343.34,19804.82,9930753001
722,Craggie,Maginn,cmaginnk1@blogtalkradio.com,Male,219106.53,2/24/2020,346.37,44784.02,1422980898
723,Morgana,Tonbye,mtonbyek2@census.gov,Polygender,102820.23,9/3/2020,90.95,15053.69,8446544962
724,Jone,Caustic,jcaustick3@bbb.org,Male,379716.85,7/22/2020,270.95,37563.16,9531942412
725,Jennee,Theseira,jtheseirak4@tripadvisor.com,Polygender,133528.68,9/4/2020,175.56,45177.85,7802225361
726,Michel,Bealing,mbealingk5@about.me,Genderqueer,335958.58,1/3/2021,41.27,3445.29,4184729061
727,Neely,Sante,nsantek6@networkadvertising.org,Agender,288584.96,8/5/2020,466.33,3881.28,2282148576
728,Celeste,Cantrill,ccantrillk7@blog.com,Polygender,301321.49,5/8/2020,131.99,49232.98,8011445138
729,Alvina,Jaspar,ajaspark8@twitpic.com,Male,483593.81,5/15/2020,241.3,36730.45,6394621269
730,Roselia,Pettis,rpettisk9@prlog.org,Female,42017.64,6/24/2020,84.02,9160.18,5158178143
731,Benedick,Cardus,bcarduska@reuters.com,Bigender,34658.33,12/2/2020,463.98,36959.98,0227764471
732,Novelia,Hellicar,nhellicarkb@telegraph.co.uk,Male,387391.29,7/6/2020,402.59,24719.24,5396001925
733,Jaclyn,Ives,jiveskc@marketwatch.com,Genderqueer,162148.86,9/28/2020,451.13,48175.75,6472460892
734,Salvador,Comford,scomfordkd@noaa.gov,Non-binary,399011.69,1/27/2021,134.21,40157.37,3119531502
735,Theresa,Le Marchant,tlemarchantke@nationalgeographic.com,Female,73919.75,1/12/2021,230.27,12419.52,8298693043
736,Ruthi,Gilders,rgilderskf@1688.com,Male,421720.24,1/12/2021,10.28,1274.1,0669277827
737,Fredric,Goodswen,fgoodswenkg@phpbb.com,Female,23758.51,11/21/2020,365.09,6794.31,0232900825
738,Rebekkah,Foxcroft,rfoxcroftkh@arstechnica.com,Polygender,494641.6,6/13/2020,136.98,45650.93,2080090216
739,Catriona,Schimon,cschimonki@apache.org,Female,63000.55,7/21/2020,325.94,14424.71,3249797537
740,Annamarie,Crucetti,acrucettikj@opensource.org,Agender,278386.27,6/24/2020,118.44,30995.72,4642834095
741,Leon,Juleff,ljuleffkk@state.gov,Genderfluid,253658.34,9/8/2020,239.07,5687.58,1226312004
742,Kimberlee,Harper,kharperkl@addthis.com,Polygender,470921.35,9/27/2020,129.43,34696.24,3171463601
743,Ursala,Lorey,uloreykm@360.cn,Male,333793.7,6/28/2020,179.34,22944.55,2484618816
744,Yule,Lassells,ylassellskn@usa.gov,Genderqueer,193697.08,11/13/2020,372.87,37964.83,1715279778
745,Lorena,Liccardi,lliccardiko@imgur.com,Male,150302.79,2/4/2021,191.89,23270.29,9536347075
746,Morris,Hewertson,mhewertsonkp@illinois.edu,Male,91206.44,9/21/2020,16.65,1371.41,2855457114
747,Alisun,Keppie,akeppiekq@issuu.com,Genderqueer,291338.94,5/23/2020,63.54,33462.48,4701943525
748,Conrad,Crean,ccreankr@devhub.com,Non-binary,73801.65,11/25/2020,476.43,42541.15,6646328978
749,Clareta,Colquite,ccolquiteks@nasa.gov,Non-binary,178385.29,7/31/2020,76.89,3253.87,1648968120
750,Quintina,Acome,qacomekt@oakley.com,Non-binary,420342.23,3/5/2020,68.41,27031.41,8167704521
751,Iolande,Shinn,ishinnku@toplist.cz,Genderqueer,439418.0,4/9/2020,208.18,47131.72,8590307069
752,Toby,Stute,tstutekv@tinypic.com,Non-binary,300466.95,3/27/2020,194.14,19640.34,0000589888
753,Erena,Attridge,eattridgekw@tuttocitta.it,Male,25480.15,10/22/2020,399.55,37333.83,8743096271
754,Drusi,Barok,dbarokkx@woothemes.com,Non-binary,44797.32,7/11/2020,303.04,11699.67,5181970559
755,Mahmud,Lathleiff,mlathleiffky@china.com.cn,Female,126405.19,5/26/2020,51.18,38911.41,7010321795
756,Peterus,Elliston,pellistonkz@harvard.edu,Non-binary,439709.12,9/18/2020,191.97,48975.23,6282976154
757,Agata,Ravenhill,aravenhilll0@mashable.com,Non-binary,371101.3,12/24/2020,114.5,21504.14,1128358336
758,Allin,Wohlers,awohlersl1@ucla.edu,Agender,475567.06,11/16/2020,383.55,18016.78,9680887588
759,Nikolai,Biles,nbilesl2@1und1.de,Male,134783.12,9/3/2020,12.37,45887.18,7049583987
760,Elsinore,Valenti,evalentil3@hao123.com,Female,184062.14,10/5/2020,324.23,40240.38,5533481311
761,Everard,Dawkes,edawkesl4@sbwire.com,Bigender,63339.75,5/28/2020,69.14,39872.86,2641457822
762,Charmane,Garrettson,cgarrettsonl5@comsenz.com,Non-binary,387508.34,3/7/2020,15.64,25579.93,6528665613
763,Reagen,Bockings,rbockingsl6@blog.com,Non-binary,170792.55,9/12/2020,102.81,14423.22,7513054894
764,Liv,Sandercroft,lsandercroftl7@constantcontact.com,Polygender,40510.81,3/23/2020,88.91,10712.79,9132422199
765,Brady,Pinnere,bpinnerel8@usa.gov,Male,405469.64,8/14/2020,367.33,24019.38,0175748284
766,Karola,Mardlin,kmardlinl9@cafepress.com,Female,213941.6,2/15/2020,342.31,47575.49,6858341870
767,Joscelin,Sandever,jsandeverla@tripod.com,Bigender,257804.73,9/17/2020,164.84,9665.0,3378786949
768,Raeann,Winyard,rwinyardlb@friendfeed.com,Agender,458065.95,1/22/2021,234.72,34243.49,5843278409
769,Christina,Baguley,cbaguleylc@japanpost.jp,Agender,150719.23,11/27/2020,31.76,36495.15,0247228001
770,Edouard,Krolman,ekrolmanld@drupal.org,Bigender,217983.0,3/21/2020,347.47,19684.96,1117670228
771,Vin,Pecey,vpeceyle@vimeo.com,Agender,431037.21,4/19/2020,473.97,21763.96,4224070308
772,Frayda,Dyson,fdysonlf@craigslist.org,Genderqueer,20217.18,9/25/2020,169.73,771.48,4299930118
773,Gwyn,Coners,gconerslg@yale.edu,Genderqueer,117963.81,8/18/2020,456.74,23625.36,8868220504
774,Linnea,Lias,lliaslh@dagondesign.com,Genderqueer,451941.53,4/30/2020,101.51,29806.49,4033034927
775,Normie,Webster,nwebsterli@tuttocitta.it,Female,63359.17,2/7/2021,308.08,527.23,0857597094
776,Marcos,Kaygill,mkaygilllj@ca.gov,Non-binary,329463.87,2/26/2020,73.12,45067.63,2215861843
777,Addy,Antill,aantilllk@aboutads.info,Polygender,310855.62,11/10/2020,320.8,1006.64,6448936149
778,Alano,Charville,acharvillell@seattletimes.com,Genderfluid,227279.46,5/13/2020,115.65,48386.79,0036243744
779,Elvira,Sydes,esydeslm@google.co.jp,Genderqueer,412801.34,2/12/2020,204.4,29419.58,6718175889
780,Giulietta,Ogley,gogleyln@ucoz.ru,Female,96466.47,12/24/2020,174.28,15971.82,3265447871
781,Gavin,Belcham,gbelchamlo@pcworld.com,Non-binary,93853.01,4/21/2020,113.94,19294.8,4184713440
782,Cornelius,Danjoie,cdanjoielp@typepad.com,Genderqueer,162415.39,9/9/2020,488.17,28691.01,1654514578
783,Walsh,Geipel,wgeipellq@is.gd,Agender,81512.13,1/22/2021,117.32,10622.4,4377914367
784,Norah,Kondrachenko,nkondrachenkolr@dyndns.org,Bigender,415900.18,2/23/2020,115.63,27056.34,6415240560
785,Odell,Burras,oburrasls@dot.gov,Genderqueer,265138.55,6/7/2020,318.18,2501.0,0082299080
786,Caren,Glanville,cglanvillelt@google.es,Bigender,334388.04,4/29/2020,57.72,35844.71,5539975251
787,Wilmette,Dallosso,wdallossolu@themeforest.net,Polygender,483211.55,8/24/2020,404.46,3183.74,6040366559
788,Kare,Grishinov,kgrishinovlv@chron.com,Male,24929.74,5/27/2020,400.35,15704.47,4134100313
789,Gage,Girkins,ggirkinslw@hao123.com,Agender,414800.54,2/6/2021,198.63,34571.58,8915766407
790,Estevan,Attenborrow,eattenborrowlx@usatoday.com,Bigender,332582.61,8/28/2020,87.42,46716.57,2192764812
791,Regen,Rooson,rroosonly@deliciousdays.com,Female,334654.44,11/21/2020,235.05,34633.84,5931088172
792,Bobby,Prest,bprestlz@independent.co.uk,Male,70619.49,10/2/2020,335.95,22513.25,7885025357
793,Royce,Irlam,rirlamm0@walmart.com,Bigender,413860.83,4/19/2020,126.46,18525.49,5974273443
794,Kaye,Jacop,kjacopm1@tiny.cc,Agender,302332.82,5/11/2020,321.0,6690.79,3484604573
795,Daniela,Kaasmann,dkaasmannm2@mashable.com,Non-binary,119479.59,7/15/2020,311.39,9204.53,1957332077
796,Loraine,Avramovitz,lavramovitzm3@patch.com,Bigender,481828.39,7/12/2020,190.26,30628.99,3818629889
797,Rudiger,Jose,rjosem4@posterous.com,Non-binary,359346.15,12/8/2020,159.62,7359.94,0909476055
798,Sheffie,Doxsey,sdoxseym5@mayoclinic.com,Agender,83119.51,10/28/2020,244.38,17575.85,7598661715
799,Reggis,Jennings,rjenningsm6@xing.com,Genderfluid,190025.24,3/24/2020,163.81,30818.02,3046896905
800,Jo-anne,McLaine,jmclainem7@slate.com,Male,322897.78,5/7/2020,395.99,41191.95,4360537751
801,Audre,Pond,apondm8@sakura.ne.jp,Agender,134648.14,8/4/2020,20.8,24181.59,1155258800
802,Blanche,Duffy,bduffym9@chicagotribune.com,Genderqueer,470340.91,9/3/2020,98.26,35515.92,6051405801
803,Janaye,Hulle,jhullema@chronoengine.com,Genderfluid,444360.02,12/18/2020,24.57,25238.17,3409905820
804,Emyle,Clowser,eclowsermb@hostgator.com,Genderqueer,11123.5,3/4/2020,125.97,28793.56,9540134196
805,Tuck,Wiltshier,twiltshiermc@creativecommons.org,Male,326047.45,8/6/2020,270.88,16779.29,1933348488
806,Nike,Oxtiby,noxtibymd@1688.com,Genderfluid,302970.57,12/14/2020,448.38,47357.31,4116108995
807,Doretta,MacGrath,dmacgrathme@csmonitor.com,Genderqueer,413046.63,8/26/2020,200.93,37371.68,4968266928
808,Elisabetta,Tolotti,etolottimf@aol.com,Polygender,361860.66,5/20/2020,132.01,29753.34,3018340167
809,Sunny,Towey,stoweymg@is.gd,Polygender,253003.11,10/9/2020,245.8,36327.56,2337230465
810,Dulcie,Erley,derleymh@bravesites.com,Female,107699.63,8/14/2020,280.54,18029.31,6819159897
811,Skelly,Matus,smatusmi@amazonaws.com,Genderfluid,469494.0,1/31/2021,261.88,45497.57,0453723276
812,Gill,Celloni,gcellonimj@friendfeed.com,Genderqueer,11491.45,5/4/2020,137.35,36489.9,9285128572
813,Constantine,Kersley,ckersleymk@intel.com,Polygender,86239.18,8/31/2020,212.88,48241.14,1160345708
814,Ree,Segrave,rsegraveml@taobao.com,Genderfluid,419517.03,1/3/2021,160.2,25420.1,4503811541
815,Fredric,Berford,fberfordmm@ed.gov,Agender,260360.58,3/28/2020,394.93,4874.3,8751741652
816,Dorey,Antonoyev,dantonoyevmn@cam.ac.uk,Female,234227.12,3/2/2020,221.01,29444.25,0905158628
817,Chase,Stockell,cstockellmo@cbc.ca,Genderqueer,69915.12,1/2/2021,225.88,43572.83,5721728426
818,Lennie,Auchinleck,lauchinleckmp@ask.com,Male,100050.74,2/24/2020,495.39,14408.82,8352077643
819,Maximilianus,Vanelli,mvanellimq@nymag.com,Male,437562.46,9/14/2020,52.06,27997.99,0704097893
820,Crissie,Ginity,cginitymr@blogtalkradio.com,Male,48280.22,10/8/2020,241.55,9805.58,3456927428
821,Corabella,Yeiles,cyeilesms@ifeng.com,Genderqueer,378393.69,4/3/2020,217.43,2471.35,8151923334
822,Elsinore,Beed,ebeedmt@gravatar.com,Polygender,474518.91,5/27/2020,115.46,17403.32,8221446335
823,Skipper,Tether,stethermu@zimbio.com,Female,190579.16,12/23/2020,158.03,26973.32,2719761443
824,Rory,Vondrys,rvondrysmv@123-reg.co.uk,Bigender,80524.49,3/3/2020,101.25,12069.65,6722029913
825,Godfrey,Buttfield,gbuttfieldmw@yale.edu,Polygender,414259.83,3/17/2020,208.74,15339.99,6156194630
826,Carey,Levitt,clevittmx@businessinsider.com,Male,292126.63,9/2/2020,97.89,32589.69,7487784975
827,Tallie,Dwane,tdwanemy@nba.com,Genderfluid,68101.04,2/29/2020,288.22,4050.9,2074368399
828,Darlene,Tawn,dtawnmz@opensource.org,Genderqueer,240027.36,6/4/2020,412.8,36097.45,6783437612
829,Worth,Bewlie,wbewlien0@uiuc.edu,Genderfluid,141271.45,8/10/2020,62.21,16635.06,4371473733
830,Duffie,Cummine,dcumminen1@zdnet.com,Male,314928.41,12/26/2020,452.8,11321.23,8361784926
831,Nadia,Sanger,nsangern2@hp.com,Non-binary,485093.2,12/3/2020,301.4,18226.48,1445839083
832,Maggee,McKeon,mmckeonn3@w3.org,Polygender,370707.76,11/25/2020,349.24,12061.9,4544874114
833,Margalit,Woodings,mwoodingsn4@usatoday.com,Polygender,359959.65,9/28/2020,166.01,7355.43,7291696542
834,Hale,Tran,htrann5@digg.com,Agender,482558.99,10/27/2020,448.43,13487.96,5807624424
835,Zebedee,Hince,zhincen6@bbb.org,Agender,32408.6,10/8/2020,215.1,25303.63,8206539263
836,Blake,Delph,bdelphn7@webmd.com,Female,206885.54,11/26/2020,464.54,10166.96,9727678718
837,Chrysa,Ronchi,cronchin8@slideshare.net,Female,113062.43,5/2/2020,29.65,14443.81,9567970696
838,Skell,Bilbie,sbilbien9@sun.com,Polygender,15149.62,3/19/2020,293.04,35283.14,1934197939
839,Honor,Swatman,hswatmanna@de.vu,Polygender,216317.0,11/4/2020,432.72,48589.26,8174704558
840,Nari,Woliter,nwoliternb@timesonline.co.uk,Bigender,304617.22,6/24/2020,208.19,48749.3,0493761403
841,Forbes,Ickov,fickovnc@blogtalkradio.com,Polygender,234279.73,5/29/2020,484.1,16394.55,9946294826
842,Candie,Craze,ccrazend@prnewswire.com,Genderqueer,57350.95,1/29/2021,468.47,26272.83,9196618027
843,Luke,Hoff,lhoffne@senate.gov,Bigender,364251.86,8/2/2020,87.38,12123.14,8160031092
844,Darin,Lamzed,dlamzednf@ask.com,Genderfluid,222951.41,1/5/2021,282.99,39804.38,9463687130
845,Neddy,Siflet,nsifletng@123-reg.co.uk,Female,171434.93,1/13/2021,155.0,4551.58,6345377155
846,Ragnar,McGooch,rmcgoochnh@hubpages.com,Female,39258.58,8/30/2020,395.94,12155.13,8305379051
847,Eddy,Jeremiah,ejeremiahni@hud.gov,Non-binary,12440.01,9/21/2020,188.2,36667.75,9624094527
848,Dodi,Breawood,dbreawoodnj@umich.edu,Genderfluid,176666.25,3/3/2020,131.08,38523.1,4093602441
849,Wilfred,Cluney,wcluneynk@about.me,Genderqueer,16931.33,5/30/2020,466.61,16614.05,8170254647
850,Leon,Adrain,ladrainnl@google.ru,Male,79656.85,6/6/2020,120.83,3672.43,2926705433
851,Ileana,Surmeyer,isurmeyernm@tiny.cc,Agender,401517.46,6/26/2020,465.48,33965.78,0180274074
852,Ollie,Mizzi,omizzinn@indiegogo.com,Genderqueer,282322.88,5/2/2020,325.99,34625.72,6129957270
853,Aryn,Clampe,aclampeno@amazon.co.uk,Polygender,212237.69,11/30/2020,6.31,28134.03,3594264920
854,John,Favill,jfavillnp@plala.or.jp,Female,347421.56,7/12/2020,100.92,47400.44,8098808505
855,Norton,Gerler,ngerlernq@stumbleupon.com,Genderfluid,360870.52,8/11/2020,383.27,22448.26,0801556848
856,Armando,Bewlie,abewlienr@latimes.com,Female,367307.46,9/21/2020,350.2,34350.4,7189259856
857,Burk,Moodie,bmoodiens@army.mil,Genderfluid,295264.31,8/18/2020,98.49,40723.44,6568575399
858,Netti,Endrighi,nendrighint@rediff.com,Genderqueer,436666.76,12/21/2020,148.78,48327.17,0987719319
859,Theressa,Broune,tbrounenu@vkontakte.ru,Polygender,197337.57,8/31/2020,59.89,29275.09,2670461174
860,Mercedes,Lowrie,mlowrienv@cdc.gov,Polygender,51592.03,8/19/2020,386.69,33130.79,0075909286
861,Wilhelmina,Park,wparknw@g.co,Genderfluid,95731.76,10/3/2020,39.12,46772.28,3474842587
862,Dalila,Gerretsen,dgerretsennx@themeforest.net,Female,405522.59,10/22/2020,285.84,49649.86,8114030461
863,Farleigh,Whitmore,fwhitmoreny@state.gov,Female,364982.29,5/11/2020,41.6,16686.57,4735058885
864,Ladonna,Wynrahame,lwynrahamenz@youtu.be,Bigender,52541.32,8/1/2020,425.45,30802.66,0611887770
865,Isak,Staff,istaffo0@indiatimes.com,Non-binary,398825.07,8/3/2020,124.66,48244.87,3157017993
866,Raymund,Geerling,rgeerlingo1@paginegialle.it,Non-binary,244221.7,10/15/2020,278.86,26237.26,7311279755
867,Nana,Gligoraci,ngligoracio2@time.com,Non-binary,249155.39,1/2/2021,416.39,23328.44,6235105274
868,Alan,Argyle,aargyleo3@ovh.net,Non-binary,170023.32,4/9/2020,75.2,19776.97,6313994841
869,Garret,Swett,gswetto4@deliciousdays.com,Genderqueer,476743.95,1/9/2021,72.43,42715.44,7926131059
870,Meridith,Hanlon,mhanlono5@csmonitor.com,Genderfluid,85863.66,9/25/2020,348.54,49424.21,5294026724
871,Fan,Breslin,fbreslino6@tmall.com,Bigender,118274.62,8/6/2020,172.09,48815.6,5131851637
872,Bengt,Matiebe,bmatiebeo7@va.gov,Genderqueer,448481.3,6/12/2020,51.73,2270.24,5072556689
873,Sergent,Short,sshorto8@ocn.ne.jp,Non-binary,428138.86,6/8/2020,489.64,9139.19,2752836554
874,Bondon,Kwietak,bkwietako9@netvibes.com,Genderfluid,247760.84,6/25/2020,214.26,36924.77,1045615889
875,Moyna,Faulkner,mfaulkneroa@dyndns.org,Male,43722.05,3/21/2020,345.18,13158.92,8099363183
876,Lothario,Cockling,lcocklingob@biblegateway.com,Bigender,274487.22,9/21/2020,372.83,38657.3,2248087187
877,Ted,Coxen,tcoxenoc@newyorker.com,Genderqueer,301265.99,8/9/2020,31.17,3129.44,1494513811
878,Muire,Dri,mdriod@ftc.gov,Female,365127.9,7/18/2020,239.12,10583.61,1660631491
879,Emmalyn,Blaney,eblaneyoe@diigo.com,Genderfluid,23538.89,3/9/2020,248.6,31942.48,6491715590
880,Tatum,Janouch,tjanouchof@fema.gov,Bigender,488352.0,3/2/2020,24.53,44077.23,0048950742
881,Devin,Gommowe,dgommoweog@wordpress.org,Genderfluid,99617.42,11/21/2020,157.77,11193.99,2435747772
882,Guntar,Coombes,gcoombesoh@1und1.de,Genderqueer,19041.44,1/21/2021,114.48,20883.32,3856627227
883,Jakie,Gages,jgagesoi@1688.com,Female,103621.27,1/17/2021,252.71,12804.15,5244612867
884,Laurice,Holdron,lholdronoj@ucsd.edu,Non-binary,337932.11,3/1/2020,381.67,27127.83,6356393912
885,Joana,Geri,jgeriok@twitpic.com,Female,313481.57,2/8/2021,91.23,991.46,2026062978
886,Holly-anne,Hillam,hhillamol@google.it,Bigender,219531.56,1/11/2021,303.4,37768.81,6499939463
887,Gigi,Catterick,gcatterickom@boston.com,Genderfluid,327665.45,10/3/2020,188.42,27084.85,1270467174
888,Elton,Bartleet,ebartleeton@diigo.com,Polygender,451005.15,3/6/2020,79.52,31832.63,2850155748
889,Lulu,Shird,lshirdoo@engadget.com,Bigender,399576.14,12/29/2020,203.71,49182.53,0572838085
890,Cody,McCard,cmccardop@yellowbook.com,Genderqueer,103936.84,4/4/2020,431.36,16355.76,3148670949
891,Jacob,Davydychev,jdavydychevoq@miibeian.gov.cn,Bigender,241372.21,8/7/2020,51.02,38265.97,5898625739
892,Garrick,Paskin,gpaskinor@quantcast.com,Genderqueer,249963.86,4/16/2020,61.85,31222.88,4100641435
893,Westleigh,Doyley,wdoyleyos@businessweek.com,Genderqueer,209446.48,7/15/2020,284.96,47823.38,9343638922
894,Antony,Veare,aveareot@globo.com,Genderfluid,309096.94,10/5/2020,111.23,31606.94,0077126653
895,Angel,McElwee,amcelweeou@illinois.edu,Male,94822.72,5/8/2020,348.29,14813.91,1933555904
896,Leeanne,Secretan,lsecretanov@pen.io,Genderfluid,37781.9,1/15/2021,162.11,13638.35,5266863196
897,Hobie,Abendroth,habendrothow@sfgate.com,Genderfluid,371509.59,4/7/2020,141.3,31091.08,1785667602
898,Hilarius,Dunsleve,hdunsleveox@infoseek.co.jp,Non-binary,57766.26,3/8/2020,469.43,6742.26,5137330078
899,Chick,Caulder,ccaulderoy@goo.ne.jp,Bigender,422678.35,2/6/2021,90.94,16363.48,2757862960
900,Laurence,Bamforth,lbamforthoz@dailymotion.com,Agender,29702.76,2/26/2020,97.53,5786.15,5059506517
901,Daisie,Southon,dsouthonp0@si.edu,Genderfluid,343144.69,3/8/2020,137.7,7872.17,3873704706
902,Oralia,Gooderick,ogooderickp1@google.fr,Female,243809.91,6/23/2020,389.67,4846.51,3464046540
903,Bethanne,Dutton,bduttonp2@vinaora.com,Agender,293264.62,5/28/2020,399.6,18004.89,8552855798
904,Dorie,Radage,dradagep3@apache.org,Genderfluid,404522.99,8/3/2020,485.38,27398.24,7635216538
905,Halimeda,Maybery,hmayberyp4@blog.com,Genderqueer,76513.21,1/17/2021,344.37,38814.22,8393145058
906,Jud,Rich,jrichp5@theatlantic.com,Non-binary,368716.83,2/27/2020,214.84,46137.74,2430879948
907,Quinta,Rosewell,qrosewellp6@jimdo.com,Polygender,388217.03,5/7/2020,31.09,8937.71,6862812653
908,Ephraim,Adamczyk,eadamczykp7@infoseek.co.jp,Genderfluid,284312.99,7/17/2020,46.14,39301.93,3223530126
909,Eldridge,MacQuarrie,emacquarriep8@answers.com,Agender,346488.44,9/13/2020,317.81,47363.25,4284873563
910,Richard,Skally,rskallyp9@house.gov,Polygender,213800.39,2/3/2021,341.55,4647.31,6247602987
911,Cornelius,Grevel,cgrevelpa@prweb.com,Female,80026.11,4/16/2020,165.04,40374.91,7527499435
912,Koenraad,McIlhone,kmcilhonepb@boston.com,Female,99972.7,6/9/2020,189.53,29041.93,1838544607
913,Charil,Jandak,cjandakpc@wunderground.com,Polygender,103639.05,4/19/2020,420.6,33046.4,5043606533
914,Cassandry,Farish,cfarishpd@posterous.com,Female,103688.36,7/4/2020,469.32,10202.76,6971954432
915,Gisella,Simester,gsimesterpe@webeden.co.uk,Genderqueer,333639.47,8/14/2020,339.02,48617.55,1615775110
916,Mia,Gallon,mgallonpf@free.fr,Non-binary,236917.0,10/20/2020,454.73,15101.86,2042078867
917,Bone,Petracek,bpetracekpg@imgur.com,Genderfluid,99172.4,2/27/2020,57.72,38145.93,9411594794
918,Tamqrah,Sherwyn,tsherwynph@icq.com,Genderqueer,370830.09,9/5/2020,455.89,22060.31,4474406931
919,Gilli,Keach,gkeachpi@hatena.ne.jp,Genderqueer,30440.75,4/10/2020,217.83,36176.83,7182235102
920,Carol-jean,Speechley,cspeechleypj@wordpress.com,Male,491324.88,9/28/2020,279.8,11962.07,0544545702
921,Daffie,Greiser,dgreiserpk@xrea.com,Genderqueer,350943.02,8/31/2020,235.13,4681.64,3224364130
922,Tersina,McNish,tmcnishpl@google.com.br,Male,173816.57,9/10/2020,114.87,29315.02,1199996653
923,Torrance,Biaggetti,tbiaggettipm@house.gov,Genderqueer,140898.03,4/22/2020,496.7,45364.99,1813581436
924,Maximo,Wein,mweinpn@tripod.com,Polygender,300423.43,8/30/2020,189.16,2500.63,6168204903
925,Kean,Klampt,kklamptpo@wikipedia.org,Female,102789.55,7/7/2020,314.75,16287.67,0573075484
926,Chelsea,Dalston,cdalstonpp@sogou.com,Non-binary,96334.01,10/20/2020,482.04,35160.71,4567765893
927,Randy,Wasson,rwassonpq@indiatimes.com,Bigender,13600.2,11/8/2020,14.12,42648.23,3037747129
928,Bethena,Goodbody,bgoodbodypr@theglobeandmail.com,Genderfluid,208472.92,7/26/2020,227.99,13536.34,8817955752
929,Helene,Van Daalen,hvandaalenps@so-net.ne.jp,Male,390092.12,11/27/2020,129.59,39735.83,7116968849
930,Reece,Hamil,rhamilpt@wunderground.com,Agender,293107.38,4/21/2020,89.9,314.9,1571171789
931,Shaylynn,Hugle,shuglepu@e-recht24.de,Bigender,233282.79,8/8/2020,431.76,28690.56,8412953517
932,Cosmo,Riditch,criditchpv@sfgate.com,Agender,129007.52,7/31/2020,356.41,46418.01,5000605349
933,Keary,Wraggs,kwraggspw@yahoo.com,Bigender,201175.51,4/12/2020,265.73,20225.05,4980918360
934,Quintilla,Pabst,qpabstpx@weebly.com,Agender,231029.07,5/20/2020,214.32,6417.64,2529206007
935,Stephine,Redler,sredlerpy@xrea.com,Polygender,289773.44,8/23/2020,154.46,38926.15,3243351146
936,Lamond,Rubrow,lrubrowpz@prlog.org,Bigender,99409.93,9/15/2020,310.92,33357.63,4682511343
937,Isidora,Huke,ihukeq0@tinyurl.com,Female,328907.61,6/22/2020,200.91,37665.54,3814488512
938,Bel,Winspare,bwinspareq1@ebay.co.uk,Male,194821.96,10/31/2020,281.43,28283.07,5869211743
939,Andra,Hubery,ahuberyq2@ask.com,Non-binary,105425.5,1/23/2021,446.19,43889.12,5236697220
940,Chloris,Werndly,cwerndlyq3@booking.com,Genderfluid,445166.94,6/11/2020,132.49,2765.8,2919166344
941,Elvina,Duesbury,eduesburyq4@ihg.com,Female,377567.25,3/11/2020,343.49,44223.59,3085280863
942,Arv,Blamphin,ablamphinq5@loc.gov,Polygender,264880.12,6/12/2020,95.02,18447.17,9493818586
943,Brett,O'Scanlan,boscanlanq6@shinystat.com,Female,75667.73,9/5/2020,235.71,19749.07,0690724411
944,Merrick,Ference,mferenceq7@jiathis.com,Genderfluid,372543.24,3/5/2020,69.31,44890.08,6192021783
945,Steffane,Aukland,sauklandq8@devhub.com,Agender,288385.48,10/19/2020,487.09,32937.39,2533374997
946,Goldy,Carwithan,gcarwithanq9@craigslist.org,Non-binary,247472.24,9/21/2020,149.19,4133.06,8282735450
947,Genovera,Brislawn,gbrislawnqa@google.nl,Non-binary,274611.94,10/1/2020,452.41,6208.66,9090333517
948,Jere,Mougel,jmougelqb@behance.net,Polygender,413162.09,8/20/2020,497.63,38136.14,3324202361
949,Lynnelle,Parren,lparrenqc@ebay.co.uk,Male,335854.75,4/30/2020,409.94,32484.72,9151922835
950,Alberik,March,amarchqd@unesco.org,Genderfluid,495539.13,1/27/2021,126.64,10372.98,1539837505
951,Christophe,Grogor,cgrogorqe@wordpress.com,Male,401843.29,10/31/2020,381.48,16795.26,2594248088
952,Baryram,Fishenden,bfishendenqf@miibeian.gov.cn,Genderfluid,318823.81,10/20/2020,13.7,30999.61,7818516794
953,Elsie,Burcombe,eburcombeqg@mlb.com,Male,68858.44,11/25/2020,446.32,32697.72,8141536915
954,Heida,Alaway,halawayqh@ed.gov,Agender,455506.44,5/1/2020,69.88,41736.12,1863039910
955,Hulda,Disbrey,hdisbreyqi@kickstarter.com,Genderfluid,394083.92,10/29/2020,164.28,5602.91,8816834714
956,Westleigh,Barrell,wbarrellqj@blinklist.com,Male,185693.99,6/20/2020,275.85,24122.92,2204566101
957,Ellwood,Lansbury,elansburyqk@fotki.com,Genderfluid,276753.25,12/15/2020,496.86,29559.06,0248892932
958,Maren,Castagne,mcastagneql@bbc.co.uk,Male,154705.71,9/6/2020,338.32,23032.58,6153930840
959,Eal,Simao,esimaoqm@hao123.com,Male,41120.03,8/7/2020,74.77,204.23,1589116127
960,Rorie,Duffield,rduffieldqn@theatlantic.com,Polygender,359170.91,1/10/2021,77.55,21220.71,6897672041
961,Em,Crombie,ecrombieqo@usatoday.com,Male,205322.05,1/21/2021,441.04,31386.78,7705059452
962,Rossy,Blood,rbloodqp@usgs.gov,Female,481579.62,9/11/2020,145.22,18342.11,0173119972
963,Ranice,Venable,rvenableqq@nytimes.com,Polygender,186595.57,8/31/2020,75.32,19361.78,7609041610
964,Ola,Houlaghan,ohoulaghanqr@youtube.com,Non-binary,89358.14,1/29/2021,487.47,8853.79,1660574196
965,Martin,Wheatcroft,mwheatcroftqs@woothemes.com,Non-binary,115227.0,3/9/2020,51.57,1555.37,4777312208
966,Phelia,Hufton,phuftonqt@google.ca,Bigender,9533.95,1/2/2021,445.23,15971.34,7841373813
967,Ruby,Sloper,rsloperqu@linkedin.com,Non-binary,115408.81,11/22/2020,265.18,3539.08,4482585181
968,Tyne,Kembry,tkembryqv@arstechnica.com,Genderqueer,251006.85,8/9/2020,392.68,18760.4,4611747441
969,Gayler,Gilardoni,ggilardoniqw@dion.ne.jp,Non-binary,49063.71,3/11/2020,2.8,1824.53,6115128773
970,Tuckie,Pane,tpaneqx@cbc.ca,Genderfluid,83433.0,6/4/2020,158.15,43543.41,5919030224
971,Zelda,Wilds,zwildsqy@patch.com,Agender,298072.23,12/27/2020,342.3,18988.83,9741081308
972,Rosita,Birchill,rbirchillqz@newsvine.com,Agender,342603.15,1/21/2021,468.85,41125.09,2686684828
973,Pinchas,Rowlatt,prowlattr0@cisco.com,Non-binary,95546.04,6/22/2020,388.38,49703.52,2521071242
974,Arnie,Speed,aspeedr1@prlog.org,Bigender,448006.31,5/19/2020,449.78,20597.27,2948706068
975,Carlin,Letteresse,cletteresser2@squidoo.com,Bigender,75361.79,2/16/2020,173.63,6755.19,7704771310
976,Jase,Lacky,jlackyr3@yelp.com,Agender,12940.93,5/13/2020,4.27,19715.35,3572184789
977,Sarine,Feldfisher,sfeldfisherr4@ft.com,Genderfluid,166487.14,7/26/2020,13.03,6067.72,9012209250
978,Welsh,Cooke,wcooker5@wired.com,Non-binary,424009.46,2/8/2021,102.93,33292.98,2332842950
979,Alric,Pues,apuesr6@163.com,Bigender,97331.87,7/21/2020,293.61,5240.59,2472790422
980,Gregorio,Gallandre,ggallandrer7@pbs.org,Non-binary,370128.53,3/1/2020,433.11,8103.31,7330439126
981,Michaela,McBryde,mmcbryder8@e-recht24.de,Bigender,443557.49,4/20/2020,303.16,27351.8,9682228867
982,Marilyn,Ocheltree,mocheltreer9@oaic.gov.au,Bigender,455548.51,7/29/2020,373.24,14821.13,2555320458
983,Chandra,Spender,cspenderra@amazon.com,Polygender,205490.59,1/11/2021,384.73,27805.63,6670405006
984,Kelly,April,kaprilrb@gmpg.org,Genderqueer,83080.2,5/29/2020,182.37,23773.87,2350577635
985,Lock,Esch,leschrc@purevolume.com,Bigender,227060.2,9/3/2020,347.61,44235.73,3265373134
986,Curr,Lightning,clightningrd@ucla.edu,Polygender,166903.66,5/9/2020,257.93,32909.09,1828164348
987,Wells,MacCartney,wmaccartneyre@hostgator.com,Female,127482.52,4/22/2020,448.92,23740.61,2921574551
988,Polly,Stower,pstowerrf@behance.net,Polygender,233634.18,8/1/2020,413.31,13157.74,3187030513
989,Erwin,Garforth,egarforthrg@bluehost.com,Genderfluid,291261.29,4/21/2020,362.82,7410.05,2370004622
990,Hunt,Dulson,hdulsonrh@merriam-webster.com,Bigender,33481.33,11/21/2020,116.63,20948.2,1134085478
991,Seka,Maffia,smaffiari@state.tx.us,Polygender,215652.89,1/2/2021,80.35,28582.89,2817497570
992,Alberta,Glassborow,aglassborowrj@redcross.org,Genderfluid,21458.38,9/9/2020,390.24,40495.96,6175138627
993,Patricio,Colnet,pcolnetrk@yelp.com,Polygender,312578.75,4/5/2020,437.69,30896.98,9872757151
994,Jelene,Huddy,jhuddyrl@irs.gov,Genderfluid,129202.08,7/21/2020,416.15,44755.31,8737194321
995,Neils,Gilli,ngillirm@devhub.com,Non-binary,484959.8,5/27/2020,274.28,7427.55,3002928178
996,Gannie,Beckinsall,gbeckinsallrn@quantcast.com,Non-binary,69603.69,1/31/2021,154.9,17162.4,3187671470
997,Josias,Veale,jvealero@spotify.com,Polygender,387750.76,1/19/2021,429.7,22888.83,0066633168
998,Annadiane,Burn,aburnrp@marketwatch.com,Female,407967.0,1/29/2021,329.07,2935.81,5924929833
999,Devy,Rubinovici,drubinovicirq@biglobe.ne.jp,Non-binary,98624.97,2/29/2020,327.09,2519.61,4474771265
1000,Norry,Kernes,nkernesrr@ca.gov,Agender,83027.4,7/13/2020,114.67,25850.41,7634241490
