id_dipendente,first_name,last_name,email,gender,salario,data assunzione,id_autonoleggio,id_manager,numero_di_telefono
1,Aigneis,Lardiner,alardiner0@discuz.net,Bigender,44404.81,12/9/2020,149.42,32514.97,0716611821
2,Claresta,Litherborough,clitherborough1@mapquest.com,Polygender,249382.91,10/2/2020,87.58,33806.58,0836637526
3,Ruthi,Jaan,rjaan2@tumblr.com,Female,411803.95,8/28/2020,481.77,35247.65,1525584618
4,Joanne,Choppen,jchoppen3@gnu.org,Genderfluid,298930.54,1/16/2021,0.28,43570.35,4779660505
5,Demetre,Becarra,dbecarra4@slideshare.net,Genderqueer,146956.12,2/3/2021,123.93,37236.11,8776105628
6,Rebeca,Skynner,rskynner5@sina.com.cn,Male,435735.52,7/7/2020,321.55,43561.32,5655489120
7,Isadora,Joblin,ijoblin6@ameblo.jp,Agender,455450.05,2/4/2021,256.63,47500.82,4135242294
8,Luther,Powles,lpowles7@epa.gov,Female,490349.77,7/24/2020,18.43,20812.44,8791977614
9,Caddric,Cluatt,ccluatt8@virginia.edu,Non-binary,494526.42,4/28/2020,247.71,45866.86,8380025938
10,Orion,Trippitt,otrippitt9@ucsd.edu,Polygender,422109.01,9/4/2020,464.45,12396.29,3195444569
11,Iolanthe,Renachowski,irenachowskia@reddit.com,Polygender,212868.32,5/5/2020,481.81,750.8,9501667731
12,Cassie,Sibery,csiberyb@cnbc.com,Bigender,68374.09,9/30/2020,238.79,11571.34,3603495837
13,Gun,Ayree,gayreec@list-manage.com,Polygender,325752.97,10/30/2020,443.53,35688.32,6721796104
14,Adah,Coole,acooled@wufoo.com,Genderqueer,235577.74,4/5/2020,281.01,34265.22,8714423529
15,Kacey,Rowlin,krowline@census.gov,Genderqueer,465800.9,6/24/2020,44.58,48984.86,2316340490
16,Herbert,Fri,hfrif@skyrock.com,Agender,222919.82,1/11/2021,68.3,34365.81,6436857354
17,Odie,Cristoforo,ocristoforog@com.com,Genderqueer,339744.99,12/3/2020,339.44,35481.14,4705851072
18,Lorna,Vamplers,lvamplersh@prlog.org,Non-binary,46064.94,6/9/2020,343.36,30146.83,0985599596
19,Marmaduke,Cootes,mcootesi@wired.com,Male,146501.79,3/16/2020,40.18,2566.72,7597332866
20,Hertha,Minshaw,hminshawj@domainmarket.com,Genderfluid,155591.07,10/17/2020,233.18,19956.36,4971585362
21,Ange,Gullane,agullanek@reuters.com,Genderfluid,451390.61,4/5/2020,455.67,12790.84,9270959945
22,Lynna,Stickley,lstickleyl@stanford.edu,Agender,142741.64,3/17/2020,229.49,46531.36,3774249806
23,Pieter,Wegman,pwegmanm@apple.com,Non-binary,47023.26,4/5/2020,14.36,15077.82,4565903113
24,Laverna,Wolfenden,lwolfendenn@umn.edu,Polygender,230424.61,1/8/2021,393.74,21887.69,1247242315
25,Phaedra,Ferryman,pferrymano@nature.com,Genderfluid,48130.23,7/6/2020,402.98,15870.64,3833754206
26,Kenon,Akaster,kakasterp@dedecms.com,Polygender,200577.9,10/12/2020,454.19,14520.14,3495010521
27,Jobyna,Rivett,jrivettq@mtv.com,Agender,41019.72,9/10/2020,339.58,34182.7,9119026617
28,Kendal,Wiggett,kwiggettr@networkadvertising.org,Female,323323.3,12/12/2020,322.59,22102.29,0612835049
29,Rachael,Feron,rferons@businessinsider.com,Agender,387187.11,1/4/2021,59.95,32866.66,7577707341
30,Albie,Hugonin,ahugonint@woothemes.com,Genderqueer,256739.96,6/21/2020,260.24,40604.05,4428036906
31,Danny,Thursby,dthursbyu@pbs.org,Polygender,39861.19,11/8/2020,259.28,28403.63,3736506333
32,Baxie,McGiveen,bmcgiveenv@technorati.com,Genderqueer,428300.95,4/23/2020,98.47,29627.71,8603940894
33,Jillie,Lebrun,jlebrunw@smh.com.au,Polygender,291038.38,8/11/2020,436.7,6999.05,6341373554
34,Boniface,Checo,bchecox@google.co.uk,Genderqueer,65978.73,10/15/2020,328.73,5209.81,5090432643
35,Bee,Endrighi,bendrighiy@live.com,Polygender,492462.68,6/20/2020,317.71,13349.4,5876401854
36,Jedediah,Wayte,jwaytez@dion.ne.jp,Non-binary,82228.39,8/31/2020,123.11,6536.25,5278723211
37,Dorie,Battson,dbattson10@zimbio.com,Genderfluid,317069.45,4/17/2020,101.79,45449.22,3568658879
38,Luke,Mc Cahey,lmccahey11@goo.gl,Bigender,28030.47,8/12/2020,484.92,3317.81,5820527275
39,Cosme,Reedie,creedie12@gizmodo.com,Agender,355164.73,11/15/2020,101.41,29280.33,6094798562
40,Alexandra,Frosch,afrosch13@ezinearticles.com,Genderfluid,207717.49,12/21/2020,271.76,46841.09,2635672849
41,Judas,Bonnick,jbonnick14@nba.com,Genderqueer,43836.6,4/3/2020,437.91,13234.74,4780488672
42,Marget,Cutting,mcutting15@trellian.com,Genderfluid,15897.33,6/2/2020,156.13,31523.27,4094597727
43,Min,Skaid,mskaid16@biglobe.ne.jp,Bigender,462401.25,9/9/2020,354.67,31653.13,6209848362
44,Celesta,Clail,cclail17@purevolume.com,Polygender,420733.0,4/14/2020,27.51,3936.48,5551345467
45,Hale,Wiz,hwiz18@oakley.com,Male,343228.28,5/2/2020,115.08,17176.6,9214743959
46,Alaine,De Bruijne,adebruijne19@mayoclinic.com,Bigender,143794.64,9/5/2020,318.54,29297.34,0280051727
47,Anabel,Matteris,amatteris1a@e-recht24.de,Genderqueer,354939.89,9/9/2020,221.54,4048.73,4997123730
48,Charissa,Monkhouse,cmonkhouse1b@thetimes.co.uk,Genderqueer,46381.15,6/8/2020,422.86,46493.85,7931621581
49,Monroe,Wigg,mwigg1c@cnbc.com,Genderfluid,187859.53,10/8/2020,81.04,8832.42,8684670124
50,Denys,Gradley,dgradley1d@webnode.com,Agender,2226.02,6/16/2020,130.44,36171.69,7576449047
51,Dotti,Stone,dstone1e@vistaprint.com,Genderqueer,71510.37,4/20/2020,365.41,49510.89,9213487355
52,Charlena,Wordington,cwordington1f@aboutads.info,Bigender,237910.85,12/30/2020,304.03,47645.84,3529618748
53,Penrod,Robertelli,probertelli1g@opera.com,Female,414792.93,7/31/2020,414.02,37412.21,2206338963
54,Sara-ann,Ellard,sellard1h@adobe.com,Polygender,66958.67,1/2/2021,266.88,6392.52,1412559685
55,Town,Saltmarshe,tsaltmarshe1i@yale.edu,Agender,183151.12,8/20/2020,462.6,4616.07,3093582571
56,Jeni,Kinvan,jkinvan1j@illinois.edu,Non-binary,489439.79,6/30/2020,369.98,29241.38,7710145132
57,Kalli,Uphill,kuphill1k@icq.com,Polygender,270398.56,11/16/2020,64.37,16497.2,1248449800
58,Brit,Pasek,bpasek1l@ucoz.ru,Male,114207.71,11/10/2020,473.52,30094.3,0116531258
59,Erminia,Gretton,egretton1m@umich.edu,Genderfluid,84712.61,5/13/2020,193.98,24784.95,1578079349
60,Nelson,Tattersfield,ntattersfield1n@utexas.edu,Male,263113.89,6/1/2020,289.77,12520.4,6440999621
61,Adams,FitzGeorge,afitzgeorge1o@about.com,Male,31457.85,3/2/2020,10.66,44464.74,0931135958
62,Dougy,Kiezler,dkiezler1p@nifty.com,Male,52671.06,10/19/2020,96.37,39507.15,2261212631
63,Vaughn,Cribbin,vcribbin1q@go.com,Non-binary,396303.78,2/27/2020,351.82,5838.99,9778850860
64,Noah,Djorvic,ndjorvic1r@goodreads.com,Bigender,330105.3,9/21/2020,334.24,8089.09,8437781728
65,Salli,Massie,smassie1s@tmall.com,Genderfluid,263784.12,4/17/2020,487.03,27028.22,5135761845
66,Finn,Stather,fstather1t@spotify.com,Male,464111.53,6/17/2020,454.97,11135.96,5252699607
67,Toddie,Daubeny,tdaubeny1u@dailymail.co.uk,Non-binary,331921.81,9/1/2020,86.13,39756.5,2375378652
68,Bernardo,Boskell,bboskell1v@bloomberg.com,Female,344543.77,7/13/2020,5.49,49682.1,4652994400
69,Lynnell,Forte,lforte1w@symantec.com,Male,143333.47,3/14/2020,155.65,6356.8,9522988227
70,Burch,Reap,breap1x@jiathis.com,Non-binary,75902.25,3/12/2020,449.9,6548.16,3036940669
71,Sibyl,MacLennan,smaclennan1y@myspace.com,Male,477602.98,6/28/2020,331.17,49957.39,2914723032
72,Rosaleen,Meighan,rmeighan1z@google.com.au,Agender,258231.48,12/24/2020,75.1,42173.34,4383305393
73,Peder,Legion,plegion20@xrea.com,Non-binary,111501.76,4/20/2020,33.8,29653.89,1691119598
74,Cammy,Showte,cshowte21@ox.ac.uk,Female,152189.95,8/2/2020,499.31,10401.14,0159624339
75,Verge,Pfaffel,vpfaffel22@cisco.com,Non-binary,102585.67,5/8/2020,51.86,32598.63,7671517879
76,Morgan,Pane,mpane23@google.pl,Non-binary,324697.29,4/4/2020,248.0,41097.83,0042596661
77,Janeva,Durrance,jdurrance24@people.com.cn,Non-binary,47549.4,4/5/2020,499.97,36281.67,0344584321
78,Timotheus,Darington,tdarington25@time.com,Agender,469055.75,7/18/2020,81.98,15383.56,6704330984
79,Ginelle,Tissell,gtissell26@mlb.com,Female,477087.32,3/23/2020,115.6,29447.75,9164997790
80,Edouard,Blowne,eblowne27@scribd.com,Agender,449554.15,9/16/2020,369.81,12984.66,8757455430
81,Alida,Shead,ashead28@issuu.com,Female,492330.15,2/14/2020,31.79,14593.57,7111507096
82,Lucilia,Kupker,lkupker29@alibaba.com,Genderfluid,376558.92,11/18/2020,181.88,6752.76,5204232265
83,Ludovika,Cassells,lcassells2a@live.com,Genderqueer,262384.49,7/12/2020,48.24,29153.12,6972601886
84,Thane,Epsly,tepsly2b@technorati.com,Agender,126943.04,7/4/2020,138.57,36592.56,2855528909
85,Padget,Menaul,pmenaul2c@imdb.com,Female,416704.95,8/21/2020,399.62,44470.35,2659909806
86,Dyan,De Bruijne,ddebruijne2d@cafepress.com,Female,471924.24,3/17/2020,467.07,20142.25,6464958224
87,Willis,Speller,wspeller2e@i2i.jp,Genderqueer,86384.37,2/12/2020,132.77,47786.63,3845298839
88,Mateo,Lorne,mlorne2f@cbc.ca,Genderqueer,95211.18,7/21/2020,279.38,43618.26,1408985586
89,Keelby,Pancast,kpancast2g@statcounter.com,Genderqueer,132539.94,1/7/2021,89.38,19901.16,3582998533
90,Rurik,Teissier,rteissier2h@ning.com,Agender,39109.0,5/23/2020,16.92,36397.89,7174723543
91,Casey,Bernardos,cbernardos2i@mapy.cz,Genderfluid,295280.09,5/4/2020,140.23,20891.6,3848070138
92,Adan,Edelmann,aedelmann2j@utexas.edu,Non-binary,239041.28,6/6/2020,347.55,28483.58,6339179479
93,Adolphus,Skoggings,askoggings2k@sun.com,Genderfluid,93728.38,4/18/2020,344.64,42861.99,5049565332
94,Iain,Bartkowiak,ibartkowiak2l@cbsnews.com,Male,449010.71,6/8/2020,278.45,29140.66,7829391106
95,Elia,Loughan,eloughan2m@sun.com,Male,297585.33,11/18/2020,183.19,40346.62,3330094915
96,Rosabelle,Clewer,rclewer2n@tinypic.com,Male,20361.59,2/7/2021,6.17,8380.85,5792914966
97,Godard,Skoughman,gskoughman2o@slashdot.org,Genderqueer,384182.58,8/15/2020,230.03,21519.95,9311370215
98,Quinlan,Dudley,qdudley2p@flavors.me,Agender,368617.44,3/2/2020,115.89,25928.76,3798624755
99,Mordecai,Boutellier,mboutellier2q@army.mil,Genderfluid,371677.0,8/28/2020,275.89,11323.39,4923430435
100,Elbertine,Parcall,eparcall2r@ed.gov,Female,51268.41,4/20/2020,493.01,37537.12,8759632526
101,Elmira,Terrans,eterrans2s@squarespace.com,Genderfluid,47538.21,1/25/2021,387.6,31418.72,9241789603
102,Torrey,Asple,tasple2t@lulu.com,Male,26668.17,8/11/2020,89.51,24375.3,3869858354
103,Malchy,Edgecombe,medgecombe2u@twitter.com,Female,208339.6,3/11/2020,295.12,11234.3,4516277697
104,Reba,Doppler,rdoppler2v@zdnet.com,Bigender,87760.24,5/31/2020,499.79,7804.45,7261780472
105,Amargo,Attryde,aattryde2w@dailymotion.com,Genderqueer,135126.77,9/24/2020,354.56,22735.96,5617465007
106,Mervin,Lorimer,mlorimer2x@github.io,Agender,120050.17,1/6/2021,339.36,15576.67,7759166273
107,Sibeal,Dimnage,sdimnage2y@ed.gov,Bigender,75139.31,10/9/2020,63.93,21097.48,5020267600
108,Vinnie,Cannicott,vcannicott2z@rediff.com,Female,75994.37,5/11/2020,257.69,26498.75,8534672644
109,Lilias,Kovacs,lkovacs30@ameblo.jp,Agender,169944.59,8/23/2020,430.94,49912.14,6180879001
110,Iolande,Oleshunin,ioleshunin31@last.fm,Polygender,186370.36,1/24/2021,92.37,23806.47,9704950276
111,Iolanthe,Coathup,icoathup32@soup.io,Agender,187955.95,10/3/2020,191.7,31753.34,8570927770
112,Madella,Folk,mfolk33@jugem.jp,Genderqueer,316912.79,11/14/2020,360.28,20925.96,9684498373
113,Hadleigh,Wilbore,hwilbore34@google.ca,Female,21143.65,6/8/2020,278.45,27424.89,6192241767
114,Josias,Cinderey,jcinderey35@reuters.com,Non-binary,257290.13,4/8/2020,264.38,2060.3,9303494598
115,Kara,Mowsdell,kmowsdell36@apache.org,Non-binary,29790.91,7/12/2020,55.62,23526.53,4126786848
116,Kipp,Jerg,kjerg37@cpanel.net,Polygender,426583.54,5/6/2020,290.71,11872.29,5328208668
117,Ingra,Jaffrey,ijaffrey38@yale.edu,Genderfluid,288899.78,3/10/2020,431.09,2024.5,0524956847
118,Wit,Guirau,wguirau39@cbsnews.com,Non-binary,417318.27,6/29/2020,304.6,28960.98,9462825858
119,Andreas,Lynes,alynes3a@admin.ch,Agender,490647.71,7/22/2020,434.36,1342.05,1231808934
120,Myranda,Parmby,mparmby3b@slideshare.net,Agender,332472.61,6/22/2020,171.8,15504.74,5157480873
121,Elysia,Keaveny,ekeaveny3c@spiegel.de,Agender,465558.84,3/4/2020,405.7,40195.61,9125204750
122,Adrianne,Hellin,ahellin3d@over-blog.com,Genderfluid,76071.0,10/18/2020,200.48,46550.64,9288005552
123,Davida,Paty,dpaty3e@ibm.com,Polygender,373211.31,8/4/2020,400.89,7436.03,3269004486
124,Ad,Gonnely,agonnely3f@facebook.com,Polygender,306269.51,11/12/2020,35.78,49480.99,6748850932
125,Zachariah,Shivlin,zshivlin3g@google.co.jp,Genderqueer,265194.45,6/17/2020,243.38,2927.59,0423216821
126,Dulciana,McGlade,dmcglade3h@blog.com,Polygender,472494.97,12/14/2020,124.57,23630.19,0585871493
127,Laura,Guntrip,lguntrip3i@4shared.com,Bigender,433299.4,2/12/2020,453.95,31792.84,1194456995
128,Arielle,Draycott,adraycott3j@blog.com,Agender,246751.58,6/20/2020,361.01,35504.71,3015956671
129,Aurelea,Rides,arides3k@nps.gov,Genderfluid,74021.4,9/13/2020,432.98,18875.15,8117492407
130,Fleming,Gieraths,fgieraths3l@facebook.com,Female,66967.66,5/18/2020,182.34,27894.7,3616289270
131,Chane,Gergely,cgergely3m@parallels.com,Genderqueer,291184.72,7/3/2020,227.24,30680.32,1709949635
132,Donny,Diggles,ddiggles3n@yahoo.com,Genderfluid,419732.9,3/29/2020,2.76,40459.03,6230914905
133,Ninetta,Linford,nlinford3o@nationalgeographic.com,Non-binary,368747.99,11/26/2020,431.26,12478.35,4437207505
134,Petronella,Kuhnt,pkuhnt3p@com.com,Agender,33159.2,2/28/2020,76.5,6188.25,8680956848
135,Andy,Eseler,aeseler3q@vinaora.com,Female,356673.54,8/16/2020,106.14,18222.18,2172017701
136,Mark,Mounch,mmounch3r@utexas.edu,Male,24510.94,10/13/2020,56.35,36572.27,9206886258
137,Hernando,Bannester,hbannester3s@storify.com,Bigender,94849.69,1/1/2021,242.33,13115.44,0992899834
138,Frederick,Baggelley,fbaggelley3t@pcworld.com,Non-binary,29385.58,9/22/2020,46.16,49452.68,2056023695
139,Brandise,Van Castele,bvancastele3u@de.vu,Bigender,320622.72,7/29/2020,276.66,26609.05,9321198547
140,Sonnie,Galletley,sgalletley3v@gizmodo.com,Genderfluid,47686.64,9/28/2020,122.94,34814.72,3795707552
141,Alexina,Wloch,awloch3w@foxnews.com,Male,378166.05,4/11/2020,349.96,47373.17,2732599794
142,Elvin,Treasure,etreasure3x@nhs.uk,Polygender,420383.6,4/18/2020,479.48,30710.3,8149654267
143,Collin,Duligal,cduligal3y@nature.com,Genderfluid,350232.58,7/26/2020,386.35,16635.24,1229649832
144,Washington,Madre,wmadre3z@statcounter.com,Bigender,30940.49,2/2/2021,419.78,36601.84,8769506949
145,Moss,Bottle,mbottle40@wired.com,Male,499612.51,1/6/2021,236.82,39371.45,0188030646
146,Pattie,Scorer,pscorer41@list-manage.com,Female,100909.33,7/18/2020,66.03,12771.93,9011383370
147,Mickie,Caplin,mcaplin42@edublogs.org,Male,406196.79,3/21/2020,184.12,42451.25,2195199776
148,Wenonah,Sproston,wsproston43@wikia.com,Genderqueer,244419.97,10/12/2020,123.77,6307.36,4078169228
149,Payton,Slane,pslane44@bbc.co.uk,Polygender,398264.62,3/18/2020,381.51,12427.03,3460213728
150,Janeen,Morot,jmorot45@feedburner.com,Genderfluid,444666.08,5/18/2020,32.22,30046.81,2484363710
151,Amandi,Sayward,asayward46@timesonline.co.uk,Bigender,462283.0,11/26/2020,433.67,10306.97,0365286192
152,Milli,Defont,mdefont47@washingtonpost.com,Female,413205.49,12/17/2020,194.66,42410.05,3870732539
153,Guillaume,Luckcuck,gluckcuck48@creativecommons.org,Agender,198089.58,11/26/2020,364.98,6919.98,5553315581
154,Issi,Kirsz,ikirsz49@blogger.com,Genderqueer,41199.11,11/18/2020,235.63,16547.84,3542012254
155,Anastasie,Lorek,alorek4a@lulu.com,Male,2321.87,5/9/2020,238.36,47421.37,5094421948
156,Inglebert,Huxter,ihuxter4b@creativecommons.org,Non-binary,406013.16,6/1/2020,51.4,28292.77,6009515149
157,Arabel,Scarsbrook,ascarsbrook4c@hc360.com,Polygender,12644.18,10/21/2020,223.84,23243.88,2707317179
158,Blithe,Yokley,byokley4d@sun.com,Genderfluid,290913.66,5/8/2020,186.46,49095.04,0462893685
159,Ethe,Poundford,epoundford4e@zimbio.com,Agender,411981.02,7/2/2020,110.73,5315.76,8607174126
160,Bern,Rounding,brounding4f@foxnews.com,Agender,447952.65,8/13/2020,436.92,13511.41,6950829205
161,Nelia,Struan,nstruan4g@arizona.edu,Bigender,481082.12,4/20/2020,406.56,11809.02,3955880230
162,Niki,Willes,nwilles4h@theguardian.com,Bigender,229574.65,9/22/2020,173.27,12035.95,7483379065
163,Alfonse,Semrad,asemrad4i@auda.org.au,Genderqueer,48382.01,3/7/2020,448.57,6361.49,2068559129
164,Cordelia,Canon,ccanon4j@wikispaces.com,Male,196512.94,7/22/2020,429.82,48361.08,1581514689
165,Gisella,Stapleton,gstapleton4k@yandex.ru,Non-binary,375406.83,2/26/2020,86.86,11959.31,2829253795
166,Corliss,Nowland,cnowland4l@go.com,Genderqueer,354488.72,10/16/2020,72.77,37816.76,2904880240
167,Dugald,McLeod,dmcleod4m@i2i.jp,Genderqueer,463497.9,11/18/2020,310.33,13751.6,3453478770
168,Dolley,Minnis,dminnis4n@narod.ru,Female,53313.62,12/1/2020,494.33,20881.16,3045434320
169,Natassia,Cornes,ncornes4o@dagondesign.com,Genderqueer,56360.17,7/4/2020,340.98,42585.22,8013284816
170,Job,Forde,jforde4p@artisteer.com,Male,297873.85,11/14/2020,316.55,10216.63,2862249017
171,Renaud,Agostini,ragostini4q@youtube.com,Polygender,30004.74,9/3/2020,171.64,48099.77,3169195689
172,Hagen,Quiddihy,hquiddihy4r@google.it,Female,149845.99,3/11/2020,48.38,27817.52,6303532837
173,Wynnie,Kenford,wkenford4s@blogtalkradio.com,Female,128545.35,8/19/2020,38.68,34469.48,5115861429
174,Caitrin,Cammis,ccammis4t@mayoclinic.com,Female,57059.81,3/22/2020,221.77,41917.13,1569584826
175,Bernard,Sauvain,bsauvain4u@businessinsider.com,Polygender,291588.45,8/6/2020,377.52,10118.21,7083537585
176,Murielle,Moulding,mmoulding4v@jalbum.net,Non-binary,215478.47,4/12/2020,245.7,13319.88,1534672877
177,Jephthah,Hounson,jhounson4w@arstechnica.com,Genderfluid,141946.66,5/5/2020,446.37,5354.8,6437785020
178,Etti,Fife,efife4x@squarespace.com,Polygender,375533.82,2/23/2020,337.05,7645.52,2838672665
179,Crista,Schaffler,cschaffler4y@chron.com,Bigender,137787.59,12/14/2020,18.23,46849.45,4172750168
180,Emili,Freak,efreak4z@icq.com,Male,153305.85,9/20/2020,300.75,47279.63,6682142927
181,Fina,Tregido,ftregido50@usatoday.com,Bigender,230429.75,3/15/2020,300.26,19358.0,4406583602
182,Daloris,Garwill,dgarwill51@dagondesign.com,Genderfluid,306680.38,2/10/2020,233.13,22007.8,6359054752
183,Benji,Sciacovelli,bsciacovelli52@ucsd.edu,Agender,399773.35,4/5/2020,209.71,32165.96,3898395898
184,Ermanno,Cameron,ecameron53@admin.ch,Genderfluid,277555.26,8/17/2020,470.01,13626.16,7517009923
185,Tallulah,Sauven,tsauven54@dailymail.co.uk,Male,259969.54,4/26/2020,410.56,947.2,2365695434
186,Ogdan,Gowthorpe,ogowthorpe55@pinterest.com,Non-binary,122284.71,1/12/2021,10.65,6657.35,2827611090
187,Javier,Renowden,jrenowden56@skyrock.com,Female,352732.1,10/25/2020,446.86,12794.32,1503362345
188,Gerhard,Cricket,gcricket57@qq.com,Male,241129.7,10/14/2020,124.26,13608.76,4737842168
189,Maynord,Lafont,mlafont58@tinyurl.com,Non-binary,389971.02,7/14/2020,50.19,15797.9,9499768688
190,Fan,Philipeaux,fphilipeaux59@washington.edu,Bigender,222109.24,4/25/2020,498.19,5985.13,2826070274
191,Paco,Cadwallader,pcadwallader5a@de.vu,Genderqueer,240593.31,5/14/2020,113.73,8475.32,7491862438
192,Dotti,Leuty,dleuty5b@slideshare.net,Polygender,204884.83,1/20/2021,53.0,42631.87,8377237768
193,Susann,Edmed,sedmed5c@exblog.jp,Genderqueer,127956.57,11/30/2020,106.63,35159.24,2487431768
194,Leelah,Le Friec,llefriec5d@yandex.ru,Agender,43080.13,3/4/2020,115.93,7760.45,5087435408
195,Clair,Hearns,chearns5e@prlog.org,Genderfluid,152062.6,5/15/2020,395.52,38260.07,1379203422
196,Wenonah,Mulvagh,wmulvagh5f@microsoft.com,Bigender,386499.19,3/24/2020,176.43,24707.39,1898827133
197,Prudence,Gadsdon,pgadsdon5g@weebly.com,Genderfluid,453143.17,7/10/2020,41.49,135.86,8358170653
198,Linell,Hubach,lhubach5h@etsy.com,Genderfluid,49919.19,11/2/2020,187.86,16302.71,1554442656
199,Tripp,Rew,trew5i@posterous.com,Bigender,42834.62,11/2/2020,154.61,29840.11,2273609612
200,Max,Crowd,mcrowd5j@google.com.hk,Female,423981.24,7/26/2020,193.59,599.5,4027120124
201,Gwendolyn,Macconachy,gmacconachy5k@merriam-webster.com,Male,319425.11,1/18/2021,78.25,36352.5,2744315753
202,Joachim,Goodrum,jgoodrum5l@bigcartel.com,Non-binary,197719.26,1/11/2021,212.76,36937.89,0303577649
203,Kylila,Dagnall,kdagnall5m@uiuc.edu,Genderqueer,295910.3,2/11/2020,286.25,28325.29,5442027790
204,Kimbra,Aistrop,kaistrop5n@discuz.net,Genderqueer,151625.29,11/14/2020,130.13,34247.41,9451310517
205,Vivienne,Mockler,vmockler5o@dailymotion.com,Agender,367048.8,7/9/2020,390.47,36898.91,1018022694
206,Allyn,Di Boldi,adiboldi5p@umn.edu,Genderqueer,364317.69,6/25/2020,28.75,8097.09,1700003003
207,Huntlee,Abotson,habotson5q@issuu.com,Genderqueer,57013.61,2/18/2020,492.86,12261.79,5551992136
208,Ilene,Cyples,icyples5r@cbc.ca,Non-binary,153003.76,7/31/2020,145.78,42903.79,7971268904
209,Tina,Fuzzard,tfuzzard5s@accuweather.com,Female,159108.24,7/28/2020,300.12,43250.8,8731421644
210,Cesaro,Coveley,ccoveley5t@bloomberg.com,Polygender,478844.63,4/15/2020,172.06,3609.89,8088954045
211,Dwight,Ryall,dryall5u@google.pl,Male,5648.99,12/25/2020,243.15,12572.18,9101032291
212,Aleen,Strapp,astrapp5v@discovery.com,Genderfluid,239716.51,11/22/2020,276.88,30659.54,2443355004
213,Brendin,Foukx,bfoukx5w@cdc.gov,Bigender,195086.54,2/10/2020,330.8,10812.9,3920963067
214,Cazzie,Cutmere,ccutmere5x@behance.net,Non-binary,478934.15,6/9/2020,218.94,31806.17,1176323415
215,Birk,Stonestreet,bstonestreet5y@ovh.net,Polygender,375014.75,3/17/2020,91.04,19349.34,1769308563
216,Brandise,Cow,bcow5z@webnode.com,Polygender,467425.05,9/12/2020,231.29,33983.76,6433219985
217,Camilla,Daughtry,cdaughtry60@altervista.org,Agender,36028.15,10/4/2020,426.1,11074.92,0666867399
218,Christabella,Tenny,ctenny61@amazon.co.uk,Female,150874.67,10/24/2020,5.92,21722.48,8733279861
219,Friedrick,Brewitt,fbrewitt62@walmart.com,Polygender,306406.25,12/12/2020,486.43,44673.36,0541374397
220,Dorelle,Melendez,dmelendez63@webnode.com,Genderqueer,484375.85,7/4/2020,70.39,2008.44,8868546272
221,Annaliese,Levings,alevings64@vinaora.com,Agender,488227.22,2/7/2021,197.96,36026.35,2878407733
222,Margarethe,Langan,mlangan65@ocn.ne.jp,Male,312377.92,11/22/2020,495.76,27459.66,2411012063
223,Bobby,Cleland,bcleland66@parallels.com,Male,309155.93,7/31/2020,71.1,48708.86,1166439518
224,Marcellus,Schrei,mschrei67@microsoft.com,Female,269401.94,8/20/2020,50.91,28675.99,4201491846
225,Chariot,Searchfield,csearchfield68@cbsnews.com,Genderfluid,327774.7,2/27/2020,427.19,46104.36,5535757608
226,Kissiah,Coker,kcoker69@reddit.com,Female,50087.15,12/25/2020,80.07,10294.73,3257722699
227,Conney,Abelwhite,cabelwhite6a@samsung.com,Genderqueer,116709.33,7/29/2020,319.85,2687.39,2930349344
228,Riva,Caughey,rcaughey6b@apache.org,Non-binary,428438.31,5/31/2020,91.27,37036.97,6510870819
229,Lorri,Belford,lbelford6c@blogspot.com,Male,184852.21,1/1/2021,19.25,48883.35,8699858566
230,Conrade,Dommersen,cdommersen6d@cocolog-nifty.com,Male,91711.65,6/13/2020,378.5,6675.49,4393649427
231,Garik,Giffard,ggiffard6e@nps.gov,Polygender,300607.84,12/8/2020,76.35,36366.46,6876071227
232,Katrina,O' Molan,komolan6f@wsj.com,Genderqueer,421435.05,7/4/2020,369.75,39914.65,9209129024
233,Helena,Mogie,hmogie6g@taobao.com,Female,469182.18,6/28/2020,147.7,39958.23,8987021157
234,Ari,Hyne,ahyne6h@joomla.org,Genderqueer,229731.7,11/13/2020,8.57,46608.98,5748911965
235,Desdemona,Noorwood,dnoorwood6i@123-reg.co.uk,Genderfluid,347832.15,1/16/2021,89.96,32604.1,0827094442
236,Jakie,Fulk,jfulk6j@stumbleupon.com,Agender,249593.5,6/15/2020,484.01,4110.73,5004624593
237,Abrahan,Clew,aclew6k@ted.com,Bigender,352290.45,2/15/2020,242.99,46741.73,7960337101
238,Diena,Willes,dwilles6l@ucsd.edu,Agender,113996.27,10/24/2020,256.33,9738.24,3673117831
239,Jenifer,Godman,jgodman6m@go.com,Genderfluid,335070.85,5/2/2020,412.54,19414.3,6578617612
240,Christalle,Ballchin,cballchin6n@ucsd.edu,Genderqueer,286405.65,10/10/2020,117.1,22899.02,5751492234
241,Josh,Henrie,jhenrie6o@nationalgeographic.com,Genderqueer,49617.31,4/19/2020,245.15,5300.99,5563201821
242,Sammy,Hindge,shindge6p@smugmug.com,Agender,461048.24,7/20/2020,347.97,26279.04,8592395747
243,Jayme,Matuschek,jmatuschek6q@networksolutions.com,Polygender,72218.15,2/17/2020,21.81,11912.86,8355603184
244,Vlad,Lempenny,vlempenny6r@lulu.com,Male,411454.47,6/25/2020,192.54,30658.89,8336409386
245,Ebba,Brocking,ebrocking6s@redcross.org,Male,283734.84,7/15/2020,422.41,16800.47,3542195545
246,Jean,Kitchinham,jkitchinham6t@shutterfly.com,Genderfluid,191838.99,11/22/2020,272.79,4785.67,5097872495
247,Alon,Natwick,anatwick6u@tripadvisor.com,Genderqueer,328660.12,6/22/2020,421.03,18048.15,3648785591
248,Kissie,Nairn,knairn6v@booking.com,Non-binary,150701.97,4/4/2020,382.42,44889.81,5531703449
249,Bernie,Ramirez,bramirez6w@smugmug.com,Male,471682.65,3/23/2020,307.07,37570.87,7548472285
250,Jarrad,Cow,jcow6x@ebay.co.uk,Male,130335.52,9/24/2020,79.14,1097.61,1988293723
251,Marnie,Vaughn,mvaughn6y@accuweather.com,Female,394764.66,8/6/2020,253.86,31068.31,0513773479
252,Sayres,Crossfield,scrossfield6z@xrea.com,Non-binary,67202.84,8/27/2020,440.54,4801.04,2100508024
253,Adrian,Bertomieu,abertomieu70@deliciousdays.com,Non-binary,307205.37,7/14/2020,308.19,1806.1,1943901996
254,Terrence,Huckstepp,thuckstepp71@utexas.edu,Genderfluid,325411.89,1/14/2021,198.52,8204.54,0714606804
255,Noam,Lissemore,nlissemore72@vk.com,Male,244331.71,5/19/2020,103.82,28889.06,3580202723
256,Elysee,Scanterbury,escanterbury73@imgur.com,Agender,178314.3,1/28/2021,162.45,12492.19,1798965763
257,Marlon,Featherston,mfeatherston74@shutterfly.com,Genderqueer,433508.4,11/15/2020,36.87,17550.65,7617268165
258,Henryetta,Murgatroyd,hmurgatroyd75@nationalgeographic.com,Non-binary,6434.9,2/29/2020,89.11,46290.62,8790141474
259,Petey,Risebrow,prisebrow76@answers.com,Genderqueer,272096.67,3/11/2020,36.68,41507.36,1898435197
260,Celene,Mathy,cmathy77@imageshack.us,Polygender,468713.38,10/17/2020,17.03,13166.68,0680269207
261,Arlen,Gebuhr,agebuhr78@moonfruit.com,Female,497570.01,5/26/2020,39.53,23350.19,1184791279
262,Lucais,Kuhndel,lkuhndel79@instagram.com,Genderfluid,107173.89,1/24/2021,101.62,8760.37,7049419389
263,Dareen,Lengthorn,dlengthorn7a@tinypic.com,Male,89328.03,1/25/2021,138.56,6091.48,0286045133
264,Lauralee,Kenlin,lkenlin7b@comsenz.com,Bigender,405949.74,4/6/2020,203.41,48765.45,6147850180
265,Mikey,Flippini,mflippini7c@parallels.com,Male,94254.61,8/31/2020,189.2,39722.21,2209335167
266,Glad,Lanchberry,glanchberry7d@archive.org,Female,352228.58,2/9/2020,196.74,8961.34,9090966463
267,Barclay,Greim,bgreim7e@drupal.org,Non-binary,253789.97,3/9/2020,486.75,13189.06,8631164143
268,Alberto,Pittaway,apittaway7f@forbes.com,Female,378428.44,11/28/2020,179.99,23987.22,4952443310
269,Christy,Pachta,cpachta7g@prweb.com,Polygender,320445.28,2/6/2021,338.84,10903.8,7856661372
270,Audry,Milton-White,amiltonwhite7h@wordpress.org,Agender,100581.99,9/23/2020,127.47,10523.51,0015349306
271,Coleman,Gotch,cgotch7i@qq.com,Agender,307768.0,11/16/2020,71.19,11945.64,3584653150
272,Vivyanne,Beardshall,vbeardshall7j@cbslocal.com,Genderqueer,454382.61,3/17/2020,274.24,39901.5,5071331519
273,Cornell,Cisson,ccisson7k@wsj.com,Non-binary,128371.2,11/7/2020,185.28,17881.49,0354563181
274,Hurley,Prosch,hprosch7l@angelfire.com,Agender,370694.3,2/13/2020,438.65,5353.89,5664087749
275,Gui,Lambourne,glambourne7m@mapy.cz,Agender,309921.86,12/14/2020,108.66,27058.86,5587150593
276,Georgy,Henrot,ghenrot7n@creativecommons.org,Genderfluid,253573.91,8/18/2020,174.68,18231.31,0923819088
277,Veda,Skellen,vskellen7o@merriam-webster.com,Genderfluid,335679.16,2/15/2020,135.86,26482.12,5106816572
278,Solly,Bowler,sbowler7p@stanford.edu,Genderfluid,149035.26,10/8/2020,49.93,13532.89,9076974616
279,Jaquelin,Domingues,jdomingues7q@hp.com,Bigender,255914.98,1/24/2021,268.45,48596.14,7907623650
280,Alayne,Divall,adivall7r@wordpress.org,Genderqueer,375435.59,9/18/2020,122.58,42563.02,4712330589
281,Darelle,Tschursch,dtschursch7s@archive.org,Genderqueer,401975.55,9/19/2020,214.12,4227.82,3264901145
282,Bidget,Tomisch,btomisch7t@boston.com,Male,77707.11,2/9/2020,245.82,12479.61,7407189765
283,Dina,Bruhnicke,dbruhnicke7u@craigslist.org,Male,25663.74,3/23/2020,465.09,18800.02,2266890050
284,Valenka,Chiles,vchiles7v@pen.io,Bigender,455737.0,8/9/2020,159.56,35319.54,9645014409
285,Keslie,Redfearn,kredfearn7w@ibm.com,Agender,397140.55,5/6/2020,240.84,20434.94,0610652427
286,Devan,McMurraya,dmcmurraya7x@printfriendly.com,Non-binary,214365.99,5/14/2020,498.37,28895.7,5020829382
287,Torry,Sprake,tsprake7y@icio.us,Agender,238961.88,4/6/2020,375.65,19384.62,5677335347
288,Rubina,Lowrie,rlowrie7z@statcounter.com,Polygender,155795.58,6/23/2020,468.18,48215.21,4876222568
289,Regan,Pinard,rpinard80@java.com,Female,50487.05,7/16/2020,293.44,10717.31,8717286514
290,Zelma,Lotze,zlotze81@nba.com,Genderfluid,261467.35,1/5/2021,116.3,40914.34,5127691248
291,Averil,Cecchetelli,acecchetelli82@nationalgeographic.com,Genderqueer,202730.44,10/5/2020,490.35,27299.15,0508542863
292,Sibby,Aynsley,saynsley83@ft.com,Non-binary,90502.61,5/24/2020,458.57,41892.28,2590075588
293,Cori,Bahlmann,cbahlmann84@goodreads.com,Bigender,196363.29,5/31/2020,296.63,24944.85,3909374360
294,Albina,Sweeney,asweeney85@sourceforge.net,Genderfluid,199732.19,8/31/2020,168.11,43955.11,6678851579
295,Justino,Goosnell,jgoosnell86@umn.edu,Agender,238749.42,11/30/2020,391.75,28366.3,4764039559
296,Blair,Piwell,bpiwell87@is.gd,Genderqueer,336681.22,12/29/2020,438.09,47138.62,0072814969
297,Alfie,Lovelady,alovelady88@npr.org,Bigender,443692.84,5/5/2020,436.44,42994.68,3588796991
298,Annabella,Flanagan,aflanagan89@cocolog-nifty.com,Polygender,153200.18,9/25/2020,206.44,6585.25,4436190668
299,Raeann,Dumphry,rdumphry8a@howstuffworks.com,Genderqueer,287607.9,12/22/2020,38.58,16187.46,1090491611
300,Marcelline,Hachard,mhachard8b@nytimes.com,Agender,18681.75,11/18/2020,253.21,38686.27,3698097354
301,Joli,Domanek,jdomanek8c@gmpg.org,Female,286545.46,10/17/2020,186.99,21769.85,0228236258
302,Bridie,Jahncke,bjahncke8d@vinaora.com,Genderqueer,318748.62,7/17/2020,340.24,8259.15,1347491473
303,Haley,Crowne,hcrowne8e@senate.gov,Genderqueer,376371.48,2/7/2021,32.04,46972.54,2363606132
304,Si,Champken,schampken8f@twitter.com,Male,134193.35,12/1/2020,350.73,37560.99,3066420248
305,Shalna,Siegertsz,ssiegertsz8g@simplemachines.org,Polygender,251854.0,12/27/2020,148.38,1805.5,8896756014
306,Sibyl,Knobell,sknobell8h@oracle.com,Male,54934.15,6/12/2020,216.91,49562.85,1184132127
307,Shirleen,Ault,sault8i@123-reg.co.uk,Non-binary,171244.2,5/25/2020,29.75,16401.98,9900034325
308,Delly,Sayers,dsayers8j@ameblo.jp,Polygender,48477.19,2/4/2021,165.88,29025.9,1932335293
309,Robinia,Hellwich,rhellwich8k@github.com,Genderqueer,489588.6,7/21/2020,36.95,11684.34,7094283334
310,Nikolai,MacNeilley,nmacneilley8l@springer.com,Male,187318.51,10/23/2020,85.88,32124.03,6149789926
311,Anthony,Laughlan,alaughlan8m@webnode.com,Agender,186227.84,4/4/2020,251.8,19917.8,8488087829
312,Heinrik,Henzer,hhenzer8n@cyberchimps.com,Polygender,21941.14,12/23/2020,324.43,31320.3,7344253879
313,Sande,Burras,sburras8o@pcworld.com,Genderqueer,429028.83,3/3/2020,127.75,33175.26,9462524254
314,Evangelia,Otto,eotto8p@imageshack.us,Polygender,99398.97,9/24/2020,332.24,36373.71,0719424232
315,Helyn,Foyle,hfoyle8q@usnews.com,Agender,309103.36,5/28/2020,3.91,47725.57,8405358153
316,Corissa,Derell,cderell8r@vk.com,Male,126133.59,3/26/2020,235.75,46886.47,4540572865
317,Nicolette,Hearse,nhearse8s@ehow.com,Non-binary,182317.7,8/13/2020,283.98,12508.85,4447669463
318,Patty,Bakey,pbakey8t@microsoft.com,Genderfluid,414553.74,6/4/2020,41.17,3403.47,1404748911
319,Rolland,How,rhow8u@wikipedia.org,Polygender,150358.99,10/2/2020,45.86,45376.42,4951341298
320,Fidelio,Crevagh,fcrevagh8v@jalbum.net,Female,458207.39,6/13/2020,136.07,2717.72,0760047499
321,Karilynn,Wegner,kwegner8w@google.es,Polygender,412775.2,11/9/2020,114.61,41449.56,1378429192
322,Farica,Haryngton,fharyngton8x@earthlink.net,Non-binary,123161.9,5/19/2020,324.49,39061.95,8034740047
323,Ali,Hadcroft,ahadcroft8y@ovh.net,Male,316168.64,8/19/2020,373.78,35575.75,0142159085
324,Beck,Reddecliffe,breddecliffe8z@uiuc.edu,Non-binary,303849.64,2/7/2021,445.4,30475.74,1366036905
325,Codee,Hinken,chinken90@phoca.cz,Genderfluid,179319.28,11/14/2020,130.78,46231.59,6379803130
326,Maryjo,Di Biasi,mdibiasi91@typepad.com,Bigender,460227.63,6/7/2020,334.58,18063.85,1533102082
327,Lari,Fidgett,lfidgett92@a8.net,Agender,126878.13,10/7/2020,478.81,42308.35,6832186045
328,Verile,MacKowle,vmackowle93@state.tx.us,Genderqueer,221125.75,9/30/2020,387.74,20600.82,0056219695
329,Gilburt,Stranahan,gstranahan94@hostgator.com,Polygender,472509.74,7/13/2020,86.68,14982.36,8760273976
330,Radcliffe,Lethby,rlethby95@vkontakte.ru,Polygender,154521.58,9/8/2020,6.53,2475.07,9957139711
331,Lemmie,Harsum,lharsum96@columbia.edu,Polygender,208111.8,6/19/2020,107.48,44128.55,1288751656
332,Enrika,Frowen,efrowen97@com.com,Bigender,245017.0,2/10/2020,167.97,43925.47,2285598661
333,Laurel,Lapere,llapere98@dagondesign.com,Male,162465.35,2/16/2020,294.41,28099.67,2162348748
334,Hal,Howgill,hhowgill99@live.com,Bigender,327884.31,8/11/2020,181.23,45850.4,8595453063
335,Kendricks,McRorie,kmcrorie9a@t.co,Non-binary,185703.31,11/23/2020,385.72,39885.79,1018584161
336,Berty,Perschke,bperschke9b@wikimedia.org,Genderqueer,21224.59,1/21/2021,24.29,20399.53,6940445390
337,Tomi,McCorkell,tmccorkell9c@washington.edu,Agender,166518.21,6/8/2020,426.2,14389.31,4830657715
338,Henrie,Laytham,hlaytham9d@dmoz.org,Genderqueer,193885.47,11/12/2020,120.27,42982.26,4211287923
339,Gracie,Ralton,gralton9e@tumblr.com,Polygender,128272.34,11/7/2020,328.04,11952.27,6487205087
340,Cristin,Walshe,cwalshe9f@un.org,Female,313120.8,8/8/2020,124.25,31266.47,0742058646
341,Naomi,Barling,nbarling9g@bbb.org,Male,163327.52,8/22/2020,400.57,3407.35,8405402047
342,Jacinthe,Esposito,jesposito9h@comcast.net,Genderfluid,446555.38,9/9/2020,349.83,49985.59,2612934057
343,Farlie,Hanbidge,fhanbidge9i@examiner.com,Non-binary,120291.97,10/18/2020,127.99,25205.56,0920885772
344,Hermine,Rainard,hrainard9j@pen.io,Polygender,353363.29,10/18/2020,272.83,5991.56,4181797635
345,Frasco,Skurray,fskurray9k@facebook.com,Genderqueer,119436.6,11/5/2020,76.42,34250.29,0587588012
346,Griselda,Kennsley,gkennsley9l@smugmug.com,Agender,248830.68,4/28/2020,386.91,15895.03,2581105569
347,Sanders,Cursons,scursons9m@reference.com,Genderqueer,152403.99,9/30/2020,26.99,26917.56,9767609903
348,Pamela,Shovelton,pshovelton9n@alexa.com,Genderqueer,213037.14,3/20/2020,434.63,21615.61,1090620047
349,Mari,Danbury,mdanbury9o@bravesites.com,Male,260810.85,9/21/2020,23.02,20346.46,6546744074
350,Bogey,Gabbetis,bgabbetis9p@ed.gov,Female,287185.97,8/4/2020,80.58,13287.97,9564547946
351,Pandora,MacDaid,pmacdaid9q@indiegogo.com,Female,271643.95,5/12/2020,381.64,25962.42,7046894353
352,Francyne,Prescote,fprescote9r@usa.gov,Genderqueer,128838.03,1/30/2021,54.16,44244.7,8475694012
353,Alexis,Cahani,acahani9s@cnet.com,Agender,413097.9,9/20/2020,312.74,36458.1,4721712634
354,Lianne,Conroy,lconroy9t@harvard.edu,Male,370132.73,12/3/2020,99.17,24025.13,1186645466
355,Domingo,Antonik,dantonik9u@squarespace.com,Genderqueer,168186.7,4/21/2020,41.62,18456.6,0038688409
356,Helenka,Sinclair,hsinclair9v@youtu.be,Genderfluid,299730.39,5/12/2020,138.71,23912.37,6712765358
357,Terrell,Seger,tseger9w@geocities.jp,Male,177231.25,7/19/2020,261.28,30446.25,6016506478
358,Stevy,Rohfsen,srohfsen9x@t-online.de,Genderqueer,57810.61,5/13/2020,63.43,30867.58,6340626432
359,Tessy,Broomhead,tbroomhead9y@dion.ne.jp,Genderqueer,403966.39,8/29/2020,19.06,21595.0,3803104416
360,Kaile,Wedlake,kwedlake9z@abc.net.au,Genderqueer,392811.68,2/2/2021,322.59,47060.95,0882229451
361,Patten,Gerber,pgerbera0@youtube.com,Genderfluid,445329.17,11/26/2020,415.25,32269.55,0785985824
362,Reinaldo,Bergin,rbergina1@slashdot.org,Bigender,251717.95,12/25/2020,292.99,5223.64,1697601499
363,Ilka,Eringey,ieringeya2@barnesandnoble.com,Male,426481.12,12/17/2020,360.09,33398.69,5763088832
364,Elset,Chaston,echastona3@dailymotion.com,Female,52761.75,7/7/2020,395.5,35693.73,4716629724
365,Chuck,Cohn,ccohna4@weather.com,Genderqueer,338779.6,8/1/2020,166.11,31421.84,4660223000
366,Aubree,Neame,aneamea5@tmall.com,Non-binary,89053.0,11/6/2020,245.12,40806.46,5483997565
367,Octavia,Caffin,ocaffina6@studiopress.com,Female,271902.55,9/30/2020,142.55,20035.97,6046373638
368,Didi,Roback,drobacka7@csmonitor.com,Genderqueer,255363.45,3/1/2020,458.71,8145.35,0832320161
369,Honoria,Verman,hvermana8@yale.edu,Genderqueer,373300.15,6/28/2020,46.85,5276.38,3775516344
370,Trev,GiacobbiniJacob,tgiacobbinijacoba9@bloomberg.com,Polygender,392809.3,5/19/2020,445.73,760.87,5090715238
371,Sauveur,Dinneges,sdinnegesaa@ftc.gov,Non-binary,388023.08,2/3/2021,399.15,17856.76,7444858705
372,Nicolas,Girodias,ngirodiasab@indiegogo.com,Female,437346.03,9/9/2020,239.95,16163.09,9778367248
373,Armando,Sayle,asayleac@wix.com,Genderfluid,424375.54,7/7/2020,309.15,6120.9,1221600486
374,Cletus,Rowland,crowlandad@oaic.gov.au,Genderqueer,449932.04,3/15/2020,229.58,2949.37,4990880420
375,Bonnee,Grutchfield,bgrutchfieldae@twitter.com,Male,1676.39,4/12/2020,215.4,16739.69,8879335685
376,Fonz,Altree,faltreeaf@prweb.com,Non-binary,57204.3,3/1/2020,315.67,23000.18,3140779593
377,Barnaby,Stapele,bstapeleag@youtube.com,Polygender,337738.13,2/1/2021,298.29,33448.51,2858816166
378,Orv,Thornber,othornberah@wordpress.com,Genderqueer,344201.55,5/12/2020,94.71,16253.62,9683157092
379,Stephana,Calderon,scalderonai@wisc.edu,Non-binary,137931.1,8/5/2020,159.7,9435.69,9204498986
380,Robenia,Idell,ridellaj@addthis.com,Bigender,169956.27,10/11/2020,0.1,5520.32,9590720676
381,Nadean,Penke,npenkeak@desdev.cn,Non-binary,79167.18,2/27/2020,67.84,3194.63,8064404606
382,Peadar,Frackiewicz,pfrackiewiczal@home.pl,Male,309339.34,5/28/2020,142.28,20339.81,9368663939
383,Odelia,Garforth,ogarfortham@ft.com,Genderfluid,173546.14,7/2/2020,77.84,5470.0,6991168971
384,Algernon,Lundbech,alundbechan@wordpress.org,Non-binary,374323.42,12/26/2020,398.74,25195.91,0278902111
385,Jozef,Maben,jmabenao@geocities.jp,Agender,52304.35,2/13/2020,197.74,2912.27,3130732209
386,Barde,Simmill,bsimmillap@unblog.fr,Female,247032.33,3/3/2020,255.36,43397.8,4909298843
387,Dorthea,Pring,dpringaq@soup.io,Polygender,223014.92,2/27/2020,101.83,19995.42,2725301092
388,Myca,Dowsing,mdowsingar@sina.com.cn,Genderqueer,278416.92,4/10/2020,236.92,13574.05,3943716406
389,Delphinia,Kryszkiecicz,dkryszkieciczas@nytimes.com,Agender,368577.84,12/7/2020,470.55,47532.09,8921181954
390,Rhianna,Wheelband,rwheelbandat@dagondesign.com,Agender,498855.34,3/18/2020,458.22,30712.89,2492854256
391,Ewell,Sagg,esaggau@wikipedia.org,Genderfluid,120803.45,5/14/2020,455.47,13713.99,6526300715
392,Pearline,Shrimptone,pshrimptoneav@sciencedirect.com,Polygender,422855.62,11/14/2020,360.99,25474.45,4656035998
393,Erhart,Dreher,edreheraw@simplemachines.org,Genderfluid,186576.66,5/28/2020,120.58,3812.66,6447592527
394,Isaak,Mapis,imapisax@slate.com,Genderqueer,395816.63,1/16/2021,242.13,47360.59,0722878567
395,Martin,Lipsett,mlipsettay@latimes.com,Non-binary,490313.99,7/20/2020,218.58,33011.32,9349248964
396,Carlota,McDonald,cmcdonaldaz@fc2.com,Male,462208.48,5/12/2020,50.03,12940.01,2641255863
397,Latrena,Bontoft,lbontoftb0@yandex.ru,Genderfluid,115644.73,7/23/2020,358.59,24413.9,5727212499
398,Alexine,Mc Corley,amccorleyb1@themeforest.net,Genderfluid,216748.45,3/7/2020,303.4,40512.36,3224340150
399,Cati,Horstead,chorsteadb2@sakura.ne.jp,Bigender,219248.16,8/12/2020,329.53,43075.75,1723554022
400,Neel,Tolcher,ntolcherb3@blogger.com,Genderqueer,395569.01,10/4/2020,259.5,25486.27,9841737671
401,Kelsey,Benthall,kbenthallb4@cdc.gov,Polygender,499939.95,7/18/2020,185.61,8729.94,6072281893
402,Emmalynn,Diment,edimentb5@mlb.com,Female,186015.39,11/13/2020,333.16,36434.72,1447440862
403,Dottie,Oldford,doldfordb6@istockphoto.com,Genderqueer,40250.61,7/12/2020,456.67,4139.59,1673963064
404,Willard,Mullaly,wmullalyb7@senate.gov,Female,318385.76,1/10/2021,484.0,22585.6,2740771169
405,Humfrey,McPeake,hmcpeakeb8@sitemeter.com,Polygender,470692.37,10/6/2020,396.98,39995.81,2828728382
406,Lothaire,Hillaby,lhillabyb9@purevolume.com,Agender,221443.06,9/1/2020,215.39,32416.69,8014501098
407,Brigid,Mayze,bmayzeba@wikispaces.com,Genderfluid,469934.58,6/26/2020,86.24,33572.46,9670515785
408,Kiley,Billyeald,kbillyealdbb@thetimes.co.uk,Polygender,160786.02,4/30/2020,331.27,37499.09,5177299880
409,Iolande,Quinby,iquinbybc@ucoz.com,Genderfluid,168833.32,2/14/2020,62.08,44404.47,5277479643
410,Thibaut,Dooman,tdoomanbd@mozilla.com,Bigender,419003.92,11/29/2020,77.48,46510.38,6361899519
411,Demetrius,Episcopio,depiscopiobe@squidoo.com,Bigender,356752.01,6/18/2020,330.78,2527.49,5445319776
412,Haskell,Rozycki,hrozyckibf@bandcamp.com,Agender,13600.28,1/2/2021,396.27,31000.45,0986931152
413,Dore,Faucherand,dfaucherandbg@w3.org,Agender,201913.78,2/18/2020,126.13,28714.19,2005011665
414,Ketti,Leeke,kleekebh@barnesandnoble.com,Agender,60109.24,12/6/2020,413.78,11976.67,7845335592
415,Binni,Billson,bbillsonbi@huffingtonpost.com,Male,354341.82,11/20/2020,61.84,14206.32,6746940225
416,Winifield,Bickerstaffe,wbickerstaffebj@examiner.com,Male,304473.02,10/7/2020,214.6,1273.68,4275827902
417,Meridith,Leblanc,mleblancbk@globo.com,Polygender,148196.07,5/11/2020,429.97,14303.09,5565105595
418,Gris,Bernaldez,gbernaldezbl@purevolume.com,Non-binary,380113.45,4/11/2020,31.46,7628.7,4022092629
419,Rebecka,Delafont,rdelafontbm@alibaba.com,Non-binary,50804.99,3/25/2020,300.97,45956.13,1785041320
420,Cosimo,Manntschke,cmanntschkebn@ameblo.jp,Bigender,148083.02,4/23/2020,98.23,23390.07,6921920372
421,Lisbeth,Filipowicz,lfilipowiczbo@adobe.com,Genderfluid,479578.47,2/19/2020,267.86,13624.28,7718175316
422,Dex,McLukie,dmclukiebp@indiegogo.com,Non-binary,26150.15,9/5/2020,224.41,27822.13,2158191139
423,Royall,Marrow,rmarrowbq@furl.net,Polygender,311667.28,7/18/2020,480.05,976.92,9760776898
424,Wallis,Handy,whandybr@dropbox.com,Genderqueer,58370.87,11/7/2020,150.28,3590.01,1415243158
425,Twyla,Haigh,thaighbs@comsenz.com,Bigender,200445.1,7/22/2020,393.99,37502.79,1074200950
426,Dolph,Kitchen,dkitchenbt@cafepress.com,Polygender,19861.61,3/29/2020,271.16,42706.91,9966876685
427,Julissa,Pillinger,jpillingerbu@kickstarter.com,Agender,378624.39,5/13/2020,204.53,7906.3,0692955186
428,Giffie,Landal,glandalbv@printfriendly.com,Bigender,354120.43,4/13/2020,342.43,23754.27,6703841330
429,Aldwin,Peirpoint,apeirpointbw@diigo.com,Agender,60441.41,9/25/2020,296.25,49144.64,0852589859
430,Mallissa,Faulconer,mfaulconerbx@tumblr.com,Genderqueer,114174.14,1/14/2021,182.88,38472.01,1909910562
431,Irvin,Thoday,ithodayby@cargocollective.com,Genderqueer,25768.15,12/12/2020,414.94,26869.35,4829474890
432,Dasi,Aspden,daspdenbz@bigcartel.com,Genderfluid,423002.29,6/2/2020,18.88,25421.01,3268901697
433,Garvey,Binden,gbindenc0@unicef.org,Agender,103030.06,7/31/2020,325.6,23054.75,5812126496
434,Gwyn,McMahon,gmcmahonc1@thetimes.co.uk,Polygender,271155.38,3/23/2020,292.45,24446.51,8499153534
435,Fawn,Garrit,fgarritc2@fotki.com,Non-binary,447031.23,2/4/2021,376.41,33622.06,4709237352
436,Geordie,Dibden,gdibdenc3@xinhuanet.com,Polygender,365918.71,1/13/2021,441.37,17687.35,4139516933
437,Ally,Gipp,agippc4@nba.com,Genderqueer,377184.02,7/16/2020,467.53,7545.56,1817295330
438,Cassandra,McColley,cmccolleyc5@ox.ac.uk,Polygender,118034.54,5/3/2020,68.66,22391.73,2383840297
439,Hilary,Sesons,hsesonsc6@ezinearticles.com,Female,211753.78,9/15/2020,358.49,27157.75,4662267013
440,Joanne,Lieb,jliebc7@theguardian.com,Bigender,353168.39,12/27/2020,275.77,11096.99,4419306750
441,Clare,Gleave,cgleavec8@jigsy.com,Agender,59582.23,5/18/2020,324.4,10497.69,9866132137
442,Roxana,Cianni,rciannic9@loc.gov,Female,168354.82,12/15/2020,174.09,21691.82,1400678145
443,Helga,Killerby,hkillerbyca@histats.com,Genderfluid,200954.5,2/26/2020,359.96,45801.16,1514269015
444,Derward,Coskerry,dcoskerrycb@ezinearticles.com,Genderqueer,240716.97,3/18/2020,330.12,18627.89,2374935116
445,Allayne,Turbefield,aturbefieldcc@examiner.com,Non-binary,167508.29,8/14/2020,261.44,44697.26,1002047064
446,Janot,Docket,jdocketcd@foxnews.com,Polygender,223099.83,8/14/2020,478.84,2058.39,7254316367
447,Trisha,Caldero,tcalderoce@hc360.com,Agender,114870.47,7/5/2020,245.32,20964.11,9675056029
448,Burke,Cruz,bcruzcf@scientificamerican.com,Bigender,475959.37,9/9/2020,353.98,36970.02,7693414282
449,Benjy,Pinxton,bpinxtoncg@cnn.com,Bigender,341124.42,7/5/2020,47.49,10649.04,5250539432
450,Annadiana,Chavey,achaveych@virginia.edu,Female,232627.8,11/8/2020,322.38,32488.69,7590735922
451,Rachele,Medwell,rmedwellci@huffingtonpost.com,Polygender,15441.67,2/11/2020,215.7,4093.56,9770726966
452,Artemis,Daniells,adaniellscj@soup.io,Genderqueer,175045.81,5/2/2020,483.85,9863.95,1723837202
453,Nerte,Smiley,nsmileyck@over-blog.com,Polygender,29094.09,4/19/2020,497.04,28152.4,6643604842
454,Emory,Forsdike,eforsdikecl@sina.com.cn,Genderqueer,37447.44,6/20/2020,421.04,40466.76,8333151523
455,Alice,Downgate,adowngatecm@forbes.com,Male,214031.3,8/1/2020,468.34,42781.3,3723322859
456,Fayre,Spatarul,fspatarulcn@godaddy.com,Genderfluid,294791.93,8/4/2020,223.23,46494.16,4427393845
457,Gabriella,Featherstone,gfeatherstoneco@mlb.com,Female,153093.47,2/1/2021,62.65,9633.73,5811391951
458,Hedvige,Gouge,hgougecp@mozilla.org,Polygender,412839.56,7/19/2020,206.56,24834.49,5755345457
459,Modestine,Thies,mthiescq@skyrock.com,Male,170195.21,6/21/2020,134.25,42123.93,6548541154
460,Brand,Goldster,bgoldstercr@delicious.com,Genderqueer,307896.73,2/9/2020,41.29,27167.83,9476461012
461,Cordelie,Childes,cchildescs@angelfire.com,Genderqueer,409009.56,1/27/2021,343.5,1432.99,0365781134
462,Jeanie,Wrennall,jwrennallct@cornell.edu,Bigender,278317.95,3/28/2020,361.91,23182.17,8327687182
463,Caterina,Terram,cterramcu@hubpages.com,Female,185919.91,9/9/2020,80.61,23873.52,3396116941
464,Maxy,Da Costa,mdacostacv@google.com.br,Male,292898.37,4/11/2020,282.26,48668.09,2110033134
465,Martyn,Heintz,mheintzcw@pbs.org,Non-binary,175121.31,7/31/2020,262.7,6743.85,3449990284
466,Rowe,Fonzo,rfonzocx@paginegialle.it,Non-binary,96626.18,10/28/2020,3.39,33583.68,6780894109
467,Abbie,Meas,ameascy@mozilla.com,Non-binary,399376.71,5/9/2020,339.61,16787.54,9703851908
468,Casi,Maudlin,cmaudlincz@spotify.com,Female,114071.65,1/3/2021,32.33,733.16,0615547346
469,Elvira,Lagden,elagdend0@cnn.com,Non-binary,387441.32,2/11/2020,116.47,24766.83,0977374092
470,Carolan,Pepperrall,cpepperralld1@rediff.com,Bigender,90726.92,8/9/2020,304.12,8458.36,5082052403
471,Constance,Pounder,cpounderd2@google.co.jp,Non-binary,231871.32,7/8/2020,408.11,14218.42,9513362442
472,Ahmed,Mandal,amandald3@g.co,Female,347573.64,5/15/2020,208.71,16083.9,0740936166
473,Englebert,Blogg,ebloggd4@eepurl.com,Male,18320.17,4/29/2020,374.48,44513.75,2352390508
474,Lida,Sparrowe,lsparrowed5@pen.io,Genderfluid,128059.74,6/21/2020,284.21,38972.07,4653571465
475,Anjela,Wilshin,awilshind6@eventbrite.com,Non-binary,100763.55,7/17/2020,157.99,16914.24,8402144411
476,Olly,Monte,omonted7@plala.or.jp,Male,28159.56,8/7/2020,420.9,21296.67,6566280030
477,Karola,McCullogh,kmcculloghd8@slideshare.net,Female,138151.45,11/5/2020,309.35,31192.42,8626942737
478,Mohammed,Tzar,mtzard9@privacy.gov.au,Genderfluid,461832.12,5/10/2020,128.35,46738.94,0472632337
479,Hakeem,McGarry,hmcgarryda@simplemachines.org,Agender,233399.49,3/27/2020,166.5,14595.14,2944700383
480,Miof mela,Peeke-Vout,mpeekevoutdb@nsw.gov.au,Genderfluid,282182.4,6/19/2020,428.47,20109.81,2776410948
481,Vonni,Cramb,vcrambdc@parallels.com,Male,35526.77,9/2/2020,180.16,19849.87,2866109503
482,Ramsay,Balaizot,rbalaizotdd@salon.com,Bigender,163154.2,3/27/2020,97.32,31596.21,2870745435
483,Donni,Threadgold,dthreadgoldde@google.com.au,Female,67777.52,7/9/2020,415.78,37492.32,0048390569
484,Barnaby,Warfield,bwarfielddf@last.fm,Genderqueer,323334.94,3/31/2020,117.62,2603.95,8022175633
485,Hermine,Pedersen,hpedersendg@diigo.com,Non-binary,196099.13,3/20/2020,461.68,39296.76,9517883455
486,Chelsie,Labden,clabdendh@prnewswire.com,Bigender,441667.65,3/4/2020,72.66,27477.99,3758664837
487,Kaleb,Clemson,kclemsondi@zimbio.com,Non-binary,393552.38,9/15/2020,308.15,7564.37,2075402280
488,Ruttger,Broek,rbroekdj@yellowbook.com,Genderfluid,323743.08,6/19/2020,353.93,8758.34,3891570996
489,Stavro,Sugar,ssugardk@typepad.com,Female,374548.0,4/6/2020,391.95,17630.61,5945195618
490,Wren,Rawsthorne,wrawsthornedl@ycombinator.com,Male,380884.39,3/31/2020,91.05,25558.46,9279413708
491,Minta,Silwood,msilwooddm@deviantart.com,Bigender,349523.11,6/17/2020,273.16,47304.07,0863401635
492,Cecily,Burbury,cburburydn@cafepress.com,Female,280116.93,10/5/2020,179.75,35222.44,8111639791
493,Efrem,Frisby,efrisbydo@columbia.edu,Non-binary,392203.62,5/3/2020,436.94,6324.94,0875895050
494,Edwina,Gauche,egauchedp@i2i.jp,Non-binary,74111.0,5/8/2020,159.61,19948.78,8889244607
495,Eloisa,Rosenblatt,erosenblattdq@amazonaws.com,Genderfluid,60533.54,1/14/2021,13.19,9939.43,2049197861
496,Lissie,Titmarsh,ltitmarshdr@ftc.gov,Polygender,239606.64,3/1/2020,493.32,16987.45,4524397469
497,Vito,Scaplehorn,vscaplehornds@google.cn,Non-binary,499241.91,1/17/2021,481.49,32464.08,9216639784
498,Jeff,Frearson,jfrearsondt@ucoz.com,Agender,315901.21,6/20/2020,182.03,29827.14,4863313667
499,Arlan,Winterton,awintertondu@wisc.edu,Female,298480.96,3/8/2020,162.33,27678.74,6082903870
500,Cloe,Gookey,cgookeydv@aboutads.info,Agender,344433.46,4/7/2020,187.22,13634.24,5396505044
501,Brantley,Donaghie,bdonaghiedw@people.com.cn,Bigender,253058.15,4/30/2020,257.1,20869.07,8689128735
502,Vittorio,Greendale,vgreendaledx@chronoengine.com,Bigender,152115.75,8/27/2020,239.31,14109.38,0376951206
503,Monika,Trenear,mtreneardy@odnoklassniki.ru,Female,54465.38,12/6/2020,138.99,49470.96,0222223731
504,Abe,Kirkebye,akirkebyedz@fastcompany.com,Female,201260.01,9/13/2020,194.5,15936.9,2413527427
505,Cristina,Towler,ctowlere0@cnbc.com,Non-binary,239878.43,7/5/2020,292.71,46918.91,5522512660
506,Neille,Caulier,ncauliere1@nih.gov,Genderqueer,421052.92,7/29/2020,286.44,40390.09,3097990771
507,Franni,Congram,fcongrame2@studiopress.com,Polygender,114229.61,6/12/2020,268.46,8117.67,6226064560
508,Isaak,Harkus,iharkuse3@imdb.com,Genderfluid,353343.31,5/3/2020,9.15,12235.84,4176017783
509,Zea,Gottschalk,zgottschalke4@drupal.org,Genderqueer,77916.77,9/19/2020,114.79,9038.7,1980003238
510,Belicia,Capel,bcapele5@abc.net.au,Non-binary,204700.5,4/11/2020,259.28,35012.91,7909218990
511,Anjanette,Bucham,abuchame6@ask.com,Polygender,67270.72,5/27/2020,205.54,43916.92,2974793274
512,Berne,Belverstone,bbelverstonee7@mail.ru,Female,174131.18,6/26/2020,168.71,34545.08,2811707255
513,Gay,Biagioni,gbiagionie8@tamu.edu,Agender,386568.4,9/14/2020,340.19,30763.9,9180159230
514,Camella,Galea,cgaleae9@lycos.com,Non-binary,327677.84,8/12/2020,290.81,39663.04,8083544108
515,Moira,Lawrie,mlawrieea@adobe.com,Female,147361.0,8/7/2020,239.1,393.05,4037277263
516,Marcellina,Marquot,mmarquoteb@irs.gov,Genderfluid,198025.77,4/10/2020,111.7,8600.23,5520337578
517,Noella,Butters,nbuttersec@gmpg.org,Genderqueer,131549.83,3/9/2020,389.56,23842.8,4798792896
518,Juliette,Saffin,jsaffined@java.com,Male,80377.07,6/7/2020,206.23,6796.91,5341421604
519,Glenn,Ghion,gghionee@vinaora.com,Bigender,287767.83,5/30/2020,5.58,36587.34,2695226667
520,Arlyne,Echallier,aechallieref@prnewswire.com,Genderqueer,406629.38,8/1/2020,16.34,47488.9,5152077698
521,Brion,Windless,bwindlesseg@time.com,Genderqueer,134416.82,5/20/2020,62.02,33132.71,9697841993
522,Noell,Creelman,ncreelmaneh@dion.ne.jp,Agender,397036.59,5/3/2020,17.63,22959.71,3570640019
523,Orbadiah,Plackstone,oplackstoneei@zdnet.com,Agender,135313.45,5/27/2020,472.41,41498.96,1100757104
524,Indira,Lantry,ilantryej@scribd.com,Polygender,46124.5,12/19/2020,171.25,14164.19,9583828815
525,Sigismondo,Saxton,ssaxtonek@wordpress.org,Male,51803.14,8/26/2020,3.78,15195.01,3154922725
526,Waylan,Berrigan,wberriganel@blogtalkradio.com,Agender,392106.6,4/25/2020,153.95,7686.43,4967444520
527,Devon,Mallender,dmallenderem@usa.gov,Bigender,218835.23,8/7/2020,220.4,3418.36,8598560154
528,Emelen,Rubinsohn,erubinsohnen@engadget.com,Polygender,494142.69,12/15/2020,198.81,49190.5,7644247599
529,Standford,Leare,sleareeo@utexas.edu,Bigender,80196.4,10/14/2020,123.81,44703.25,7987961817
530,Wiley,Maryet,wmaryetep@t-online.de,Bigender,69426.49,12/18/2020,75.51,15944.97,7889764154
531,Duane,Legonidec,dlegonideceq@paginegialle.it,Polygender,170335.16,10/16/2020,422.96,8272.54,0576403172
532,Jarvis,Castanho,jcastanhoer@statcounter.com,Bigender,94710.79,2/26/2020,428.68,48071.58,1256097357
533,Lock,Comelini,lcomelinies@domainmarket.com,Non-binary,75390.18,12/2/2020,365.38,33745.76,6390262124
534,Tedman,Jackling,tjacklinget@about.me,Genderqueer,317109.8,8/30/2020,175.58,20856.51,7547215521
535,Jodie,Inkpin,jinkpineu@addtoany.com,Bigender,162876.56,3/29/2020,289.04,4920.28,3630023827
536,Rhiamon,Moakes,rmoakesev@webnode.com,Agender,427501.61,4/16/2020,274.81,7119.95,8403414005
537,Obadiah,Screeton,oscreetonew@bbc.co.uk,Female,345026.45,10/4/2020,310.99,49507.14,0759298998
538,Bari,Phillput,bphillputex@liveinternet.ru,Genderqueer,148054.38,1/20/2021,63.79,24424.3,3258627444
539,Kylen,Demeza,kdemezaey@123-reg.co.uk,Agender,203213.4,2/14/2020,274.37,133.42,2852082683
540,Kerr,Bellew,kbellewez@ehow.com,Genderqueer,479954.96,9/5/2020,331.01,24084.48,7081331149
541,Jeni,Gaiger,jgaigerf0@nymag.com,Non-binary,423791.88,12/12/2020,421.08,30230.21,7884442132
542,Melody,Aggus,maggusf1@weather.com,Female,381000.93,3/26/2020,496.07,44640.0,2118984200
543,Lenka,Ablewhite,lablewhitef2@apple.com,Non-binary,98102.88,4/23/2020,310.61,47268.79,8239298656
544,Maxi,Grog,mgrogf3@hugedomains.com,Agender,228265.05,8/3/2020,272.15,39685.08,5297142970
545,Charmian,Friatt,cfriattf4@xrea.com,Polygender,267456.57,7/10/2020,145.17,9556.07,9736433617
546,Thedrick,Hubbuck,thubbuckf5@jimdo.com,Genderqueer,179843.65,9/12/2020,225.28,8687.4,7526251693
547,Ronni,Swindley,rswindleyf6@cdc.gov,Genderqueer,474372.0,6/8/2020,325.13,13039.93,5053724792
548,Blake,Whitington,bwhitingtonf7@wikia.com,Genderqueer,173908.51,6/10/2020,428.6,49317.25,4242593716
549,Tabbie,Delacroux,tdelacrouxf8@economist.com,Male,307238.02,1/26/2021,44.15,35151.75,7787480459
550,Shauna,Ghilardini,sghilardinif9@ehow.com,Genderfluid,474904.93,11/12/2020,140.94,27328.93,6675056735
551,Domingo,Jervis,djervisfa@wikia.com,Polygender,224788.45,9/28/2020,481.96,36226.24,5095267012
552,Emilee,Antushev,eantushevfb@constantcontact.com,Genderqueer,381992.01,8/20/2020,452.54,40404.69,1549923935
553,Natalie,McGriele,nmcgrielefc@unc.edu,Male,329903.38,7/1/2020,119.58,26040.98,4883927601
554,Arlen,Campanelle,acampanellefd@ifeng.com,Genderfluid,415561.87,8/7/2020,89.64,9108.29,8842939854
555,Lotta,Jickells,ljickellsfe@free.fr,Polygender,421749.57,6/27/2020,96.62,47348.66,4448369382
556,Stacia,Gatley,sgatleyff@thetimes.co.uk,Non-binary,336830.54,8/20/2020,35.97,46996.51,5974559487
557,Veriee,Haythorne,vhaythornefg@nytimes.com,Non-binary,346324.15,4/20/2020,293.18,38041.98,3506305611
558,Brandon,Powell,bpowellfh@behance.net,Genderqueer,79667.67,12/15/2020,469.58,17779.91,8986916886
559,Joshua,Pendred,jpendredfi@google.de,Male,474317.37,8/5/2020,83.25,26134.08,5939421687
560,Glenine,Doole,gdoolefj@state.gov,Genderqueer,203479.08,4/11/2020,278.53,26635.46,9688322776
561,Karim,Eayres,keayresfk@issuu.com,Bigender,331877.06,9/2/2020,227.55,16379.28,5316815750
562,Aland,Crates,acratesfl@sciencedirect.com,Non-binary,405556.27,8/29/2020,145.24,36729.79,5079649321
563,Frederich,Rome,fromefm@imageshack.us,Bigender,121571.66,8/3/2020,10.02,16194.21,0800269306
564,Jervis,Smullen,jsmullenfn@tumblr.com,Male,319629.16,4/25/2020,330.69,19466.62,1756159696
565,Dougy,Cremin,dcreminfo@bing.com,Genderfluid,204309.15,2/28/2020,331.13,30336.11,2493435885
566,Clevie,Duchesne,cduchesnefp@fotki.com,Agender,340261.14,7/8/2020,401.4,39459.38,8716871898
567,Jackquelin,Dudin,jdudinfq@nsw.gov.au,Bigender,273813.91,2/28/2020,385.08,36078.53,5230869402
568,Kenon,Mottinelli,kmottinellifr@tumblr.com,Genderqueer,266562.59,9/23/2020,164.76,18199.37,8088235537
569,Nicky,Dunton,nduntonfs@biblegateway.com,Genderfluid,201344.95,12/11/2020,471.25,23332.17,3571190300
570,Marni,Roseby,mrosebyft@dot.gov,Female,16041.38,11/18/2020,56.37,9784.05,6133059788
571,Arvin,Stennine,astenninefu@unc.edu,Male,163708.5,9/30/2020,418.42,27162.83,9909108461
572,Barbra,Triggol,btriggolfv@illinois.edu,Genderqueer,253606.3,6/28/2020,358.93,10585.53,2318275688
573,Mirabelle,Hoolaghan,mhoolaghanfw@ocn.ne.jp,Genderqueer,401569.56,1/9/2021,213.22,23112.0,9000002249
574,Trent,Musicka,tmusickafx@pinterest.com,Agender,172322.56,5/1/2020,201.62,6912.55,3796577105
575,Clarisse,Sparks,csparksfy@samsung.com,Agender,469948.56,9/17/2020,288.09,15753.85,5261865980
576,Micky,Cleminshaw,mcleminshawfz@cbslocal.com,Polygender,373584.22,9/1/2020,257.66,42485.86,7882830100
577,Lydon,Peirpoint,lpeirpointg0@google.ca,Female,339074.24,1/16/2021,8.41,36114.82,4608475258
578,Fletch,Dannel,fdannelg1@dion.ne.jp,Bigender,259751.05,12/2/2020,257.67,20040.61,4361979006
579,Elmo,Bignal,ebignalg2@ameblo.jp,Bigender,456257.44,10/25/2020,279.0,22016.36,4693354244
580,Alexia,Medeway,amedewayg3@unesco.org,Agender,7019.33,11/19/2020,307.32,17815.67,6916138629
581,Olympia,Legonidec,olegonidecg4@shinystat.com,Male,380667.53,8/21/2020,102.42,15861.25,6431934423
582,Germayne,Punchard,gpunchardg5@utexas.edu,Non-binary,250282.92,6/16/2020,295.85,1283.05,9839062891
583,Matthieu,Fortie,mfortieg6@so-net.ne.jp,Non-binary,272570.04,10/12/2020,411.94,41411.41,8086870618
584,Liza,Abby,labbyg7@bandcamp.com,Genderqueer,376446.55,7/14/2020,232.22,16864.65,6948459978
585,Brig,Kevis,bkevisg8@xrea.com,Male,401447.87,1/9/2021,430.95,34049.61,9956523100
586,Andreas,Kendal,akendalg9@gizmodo.com,Non-binary,325493.26,1/26/2021,60.4,35235.57,4447221381
587,Malorie,Downgate,mdowngatega@mail.ru,Female,429861.31,5/29/2020,116.3,38539.34,6955703226
588,Elise,Romand,eromandgb@usda.gov,Genderqueer,334644.74,1/19/2021,111.31,16745.82,9495950961
589,Julietta,Dowson,jdowsongc@tamu.edu,Genderqueer,130842.93,7/17/2020,92.25,40099.53,1131305809
590,Daven,Devons,ddevonsgd@amazon.co.jp,Male,221770.1,12/4/2020,136.03,44800.1,8513088412
591,Felicia,Goodbar,fgoodbarge@cbslocal.com,Genderqueer,246062.59,11/17/2020,152.11,40979.22,7512046693
592,Carr,Barrus,cbarrusgf@ox.ac.uk,Genderfluid,121050.76,4/8/2020,227.39,37378.78,1508941610
593,Suzanne,Malsher,smalshergg@goodreads.com,Agender,110237.91,2/9/2020,44.93,46634.21,7821451622
594,Lorrie,Hayselden,lhayseldengh@engadget.com,Non-binary,343910.01,10/21/2020,160.04,6120.28,4026379094
595,Rebecka,Mulvany,rmulvanygi@domainmarket.com,Non-binary,23235.37,3/4/2020,53.22,45387.52,6415025090
596,Enrichetta,Odby,eodbygj@nsw.gov.au,Agender,363049.72,4/27/2020,227.02,38916.83,9853348829
597,Stacie,MacKnockiter,smacknockitergk@tinypic.com,Polygender,26632.15,12/3/2020,16.83,42820.37,4930845858
598,Ursala,Sellen,usellengl@cdc.gov,Bigender,163250.39,3/4/2020,161.47,30258.58,6857890013
599,Bevvy,Petken,bpetkengm@last.fm,Genderqueer,369671.53,1/20/2021,64.73,7532.83,9361049895
600,Evonne,Abramov,eabramovgn@sakura.ne.jp,Female,454096.86,3/4/2020,319.91,11957.1,1088772927
601,Ranice,Twitchings,rtwitchingsgo@usatoday.com,Female,162525.83,7/25/2020,381.57,42984.87,3213415103
602,Jo-anne,Whiting,jwhitinggp@odnoklassniki.ru,Female,41565.12,1/23/2021,380.67,44870.26,0521088984
603,Gilligan,Dullaghan,gdullaghangq@amazon.com,Polygender,388298.3,2/17/2020,31.72,39416.81,2219788202
604,Kerri,Fanshaw,kfanshawgr@privacy.gov.au,Genderfluid,190643.19,12/21/2020,313.71,41577.26,0637308239
605,Stavros,Tallyn,stallyngs@weebly.com,Bigender,418505.21,10/10/2020,381.79,35299.84,7896734613
606,Eydie,Pinnion,epinniongt@bloomberg.com,Agender,160071.25,5/18/2020,265.29,34122.01,0560354185
607,Annis,Dobel,adobelgu@ezinearticles.com,Bigender,298772.62,11/19/2020,380.83,43187.1,9698747591
608,Euell,Duffield,eduffieldgv@alexa.com,Genderfluid,388595.04,10/3/2020,1.7,1443.13,7673680106
609,Lorrayne,Aubery,lauberygw@buzzfeed.com,Genderqueer,284805.87,6/26/2020,333.66,31177.53,5637329427
610,Yettie,MacGille,ymacgillegx@indiatimes.com,Genderfluid,320732.01,12/28/2020,21.05,32582.78,1724364278
611,Ephrayim,Ricardon,ericardongy@patch.com,Polygender,22726.1,2/2/2021,135.69,12663.07,0926944266
612,Carlye,McPeice,cmcpeicegz@mit.edu,Male,184286.13,9/25/2020,107.28,35838.07,4948755923
613,Dar,Haslin,dhaslinh0@photobucket.com,Genderqueer,21017.98,8/20/2020,225.79,13682.95,7183346846
614,Dione,Chessil,dchessilh1@ning.com,Polygender,302178.31,11/27/2020,445.5,10658.79,8322305087
615,Galven,Robley,grobleyh2@fda.gov,Agender,186287.94,3/29/2020,158.67,39527.61,4184923003
616,Eliot,Du Plantier,eduplantierh3@weibo.com,Agender,38248.53,9/27/2020,364.43,43700.14,2710436914
617,Binnie,Bedford,bbedfordh4@archive.org,Non-binary,230622.64,5/3/2020,45.37,44023.21,4698239095
618,Sarina,Jakubovicz,sjakuboviczh5@google.ca,Male,486960.64,7/8/2020,257.66,41049.89,4219604634
619,Hunter,Mushrow,hmushrowh6@tamu.edu,Agender,89404.0,4/1/2020,496.38,6275.17,8522035512
620,Sarene,Farnfield,sfarnfieldh7@infoseek.co.jp,Polygender,31849.16,3/23/2020,406.12,38592.0,5028552258
621,Ave,Matteau,amatteauh8@unicef.org,Female,228138.63,7/9/2020,139.85,11618.1,1233855328
622,Doralyn,Algy,dalgyh9@cnn.com,Genderfluid,242940.24,9/22/2020,434.03,18154.75,2388080789
623,Angelique,Struis,astruisha@admin.ch,Non-binary,244974.34,10/12/2020,183.74,17322.81,5062230209
624,Elfreda,Poltun,epoltunhb@baidu.com,Agender,240776.98,5/17/2020,325.35,45453.44,2361633167
625,Massimo,Bridie,mbridiehc@redcross.org,Polygender,395703.78,12/21/2020,203.53,3161.05,8919741735
626,Jourdan,MacEllen,jmacellenhd@csmonitor.com,Genderqueer,194882.9,3/24/2020,230.76,12705.99,2285932049
627,Addison,Schollar,aschollarhe@parallels.com,Polygender,443457.36,8/29/2020,457.36,36386.11,9134863923
628,Jecho,Pumphrey,jpumphreyhf@imdb.com,Male,395713.97,4/1/2020,347.2,5485.91,5298738850
629,Emiline,Blaw,eblawhg@elegantthemes.com,Agender,366196.25,10/7/2020,161.76,5579.3,2404582232
630,Worthy,Piens,wpienshh@digg.com,Genderqueer,271783.75,7/10/2020,391.46,3352.49,3463355531
631,Tybie,Sheircliffe,tsheircliffehi@webs.com,Bigender,228281.2,10/23/2020,92.45,28367.41,7723676980
632,Goldy,Dymidowicz,gdymidowiczhj@lulu.com,Male,408090.41,7/20/2020,54.38,35415.27,6004919616
633,Herrick,Gregolin,hgregolinhk@blogspot.com,Genderfluid,305286.9,11/14/2020,346.64,44285.94,6700259711
634,Brander,Dakin,bdakinhl@hibu.com,Male,84242.62,12/9/2020,151.94,42756.03,1132635683
635,Anjanette,Avrahamy,aavrahamyhm@google.ru,Genderfluid,310566.34,5/5/2020,196.47,28721.04,3760585299
636,Gran,Leehane,gleehanehn@about.com,Genderqueer,205363.11,4/20/2020,115.83,19954.86,7388982523
637,Dolley,Janes,djanesho@ehow.com,Non-binary,279012.55,6/16/2020,37.72,10145.92,8850626991
638,Valle,Peyzer,vpeyzerhp@netscape.com,Male,154663.17,10/11/2020,294.03,46296.37,5298218504
639,Zabrina,Glossop,zglossophq@mashable.com,Bigender,415533.67,10/28/2020,405.36,21644.91,9727769551
640,Velvet,Hedges,vhedgeshr@sfgate.com,Genderfluid,48363.95,4/11/2020,449.53,2515.86,0361431422
641,Calypso,Kaesmakers,ckaesmakershs@sohu.com,Genderqueer,323353.32,5/18/2020,43.75,13835.41,5930475660
642,Inger,Haugen,ihaugenht@biglobe.ne.jp,Bigender,42951.93,7/22/2020,172.47,23685.38,3756743101
643,Jacynth,Rustan,jrustanhu@weather.com,Polygender,365736.5,10/1/2020,124.08,11817.3,2018588338
644,Ernst,Neylon,eneylonhv@friendfeed.com,Genderqueer,54949.72,4/21/2020,93.5,16132.54,8848467695
645,Sarette,Alexandre,salexandrehw@ted.com,Bigender,202272.79,11/18/2020,445.34,12595.55,1273114388
646,Judith,Aldwich,jaldwichhx@blinklist.com,Agender,239388.75,10/15/2020,244.74,49441.91,2664182250
647,Pinchas,Jakubovsky,pjakubovskyhy@xinhuanet.com,Male,253528.94,9/29/2020,398.6,33526.22,7399954550
648,Angelika,Antognoni,aantognonihz@businessweek.com,Non-binary,280113.57,9/7/2020,220.07,28299.41,0668347554
649,Randene,Larderot,rlarderoti0@newsvine.com,Non-binary,157141.42,9/18/2020,399.4,42990.53,7845245429
650,Delmor,Ugo,dugoi1@springer.com,Male,419184.47,1/21/2021,344.34,43262.79,8183639607
651,Edlin,Mackneis,emackneisi2@google.nl,Genderqueer,254991.8,10/22/2020,122.19,29146.12,1696782449
652,Geno,Ellaman,gellamani3@smugmug.com,Female,68778.2,12/23/2020,146.49,12035.96,8416072205
653,Heidi,Radenhurst,hradenhursti4@dion.ne.jp,Non-binary,23825.12,1/27/2021,93.21,48626.7,1083205196
654,Rollie,Gallaccio,rgallaccioi5@soundcloud.com,Male,376272.65,3/16/2020,354.94,42182.63,3090109611
655,Peterus,Orys,porysi6@netvibes.com,Polygender,247226.31,4/28/2020,251.06,41872.25,1461564484
656,Perry,Trineman,ptrinemani7@yelp.com,Female,470382.83,8/2/2020,228.15,8779.85,7764236276
657,Helen-elizabeth,Limpenny,hlimpennyi8@weibo.com,Female,449942.4,5/4/2020,315.21,10490.47,2744909343
658,Aeriela,Bearward,abearwardi9@tripod.com,Genderfluid,337285.22,9/27/2020,325.16,45036.86,0136870910
659,Esme,Carrington,ecarringtonia@cafepress.com,Genderfluid,256432.52,6/4/2020,164.08,14178.92,1904795641
660,Sheffy,Baumadier,sbaumadierib@twitter.com,Male,486166.04,7/4/2020,289.31,42226.48,2957585065
661,Dino,Blackboro,dblackboroic@godaddy.com,Non-binary,232148.3,8/11/2020,412.65,48677.34,0691788979
662,Chloris,Malling,cmallingid@ucla.edu,Male,437564.95,7/19/2020,128.17,5712.76,2905732628
663,Petey,Goodison,pgoodisonie@discuz.net,Bigender,274499.09,2/14/2020,404.97,45901.7,4534656106
664,Garwood,Reford,grefordif@guardian.co.uk,Genderqueer,162621.17,10/17/2020,123.99,35696.27,4677675279
665,Donica,Samson,dsamsonig@wikispaces.com,Polygender,229335.7,10/7/2020,290.68,42760.91,4274766241
666,Armin,Commander,acommanderih@123-reg.co.uk,Polygender,164060.07,7/4/2020,194.76,33701.23,7469214909
667,Ansell,McGrae,amcgraeii@howstuffworks.com,Female,163997.58,1/7/2021,231.51,22179.72,0508194350
668,Salim,Seathwright,sseathwrightij@bluehost.com,Genderfluid,319009.73,3/25/2020,441.62,15856.79,2731155299
669,Asia,Oganesian,aoganesianik@prnewswire.com,Female,16340.44,4/7/2020,259.83,44578.72,8197536376
670,Arman,Dreamer,adreameril@xinhuanet.com,Polygender,112185.27,3/16/2020,84.51,7465.04,4669990640
671,Deirdre,Akid,dakidim@ifeng.com,Female,18910.58,4/24/2020,367.29,28865.75,9141004744
672,Lannie,Rizzardo,lrizzardoin@tripod.com,Agender,395063.88,7/22/2020,210.96,44880.89,6910372506
673,Nealon,Gawen,ngawenio@springer.com,Male,333345.97,3/1/2020,439.84,14815.97,2711384578
674,Heinrik,Orgen,horgenip@globo.com,Agender,292777.51,6/13/2020,176.25,38254.58,7815439314
675,Gawain,Folonin,gfoloniniq@symantec.com,Agender,180466.78,7/8/2020,498.81,43495.36,2506208070
676,Ward,Humpherson,whumphersonir@hao123.com,Genderqueer,289196.76,2/14/2020,299.49,17762.14,9713830717
677,Garnette,Circuit,gcircuitis@va.gov,Bigender,226800.42,3/30/2020,276.9,46334.82,7089564541
678,Betteanne,Creeghan,bcreeghanit@springer.com,Bigender,298372.7,9/2/2020,360.11,306.5,3181829730
679,Tania,Kienzle,tkienzleiu@sfgate.com,Male,148954.02,12/2/2020,473.09,35541.68,5536640305
680,Farlee,Beel,fbeeliv@free.fr,Agender,275955.49,9/20/2020,271.91,44200.11,7488599888
681,Norby,Parkyn,nparkyniw@rakuten.co.jp,Genderqueer,465194.36,11/22/2020,486.65,38796.46,5319899807
682,Sadie,Claxson,sclaxsonix@t-online.de,Male,401674.71,12/27/2020,213.29,40602.38,1327674653
683,Reina,O' Kelleher,rokelleheriy@newsvine.com,Polygender,427943.78,3/15/2020,330.15,99.45,1472712226
684,Lukas,Leetham,lleethamiz@issuu.com,Genderqueer,467390.01,2/18/2020,342.29,24054.57,6212132143
685,Aliza,Jenken,ajenkenj0@ask.com,Non-binary,408571.0,8/20/2020,8.7,48926.89,6827633640
686,Ashlan,Lumox,alumoxj1@amazon.co.jp,Genderfluid,324322.35,8/19/2020,494.62,5042.75,2969385759
687,Deana,Milliere,dmillierej2@digg.com,Genderfluid,286678.54,11/11/2020,16.0,4125.88,5191511581
688,Luise,Guye,lguyej3@sina.com.cn,Female,444111.21,4/16/2020,83.91,12424.28,6096637361
689,Archaimbaud,Farbrace,afarbracej4@house.gov,Polygender,39379.89,3/5/2020,203.24,28577.93,4672750868
690,Costa,Aslott,caslottj5@alexa.com,Genderfluid,162970.22,12/6/2020,228.13,23099.84,9843501837
691,Aldous,Kinchington,akinchingtonj6@webeden.co.uk,Non-binary,97175.23,7/12/2020,83.3,19814.78,5038758606
692,Yalonda,Danson,ydansonj7@exblog.jp,Male,277305.91,12/26/2020,407.06,36038.96,9699738383
693,La verne,De Bell,ldebellj8@ifeng.com,Genderqueer,16714.82,9/30/2020,244.41,7516.02,6108541989
694,Sissie,Vallance,svallancej9@elegantthemes.com,Male,253554.26,3/12/2020,427.75,39213.92,3712680082
695,Imogen,Search,isearchja@bravesites.com,Agender,241234.83,4/18/2020,164.13,26769.03,3965264494
696,Vilma,Galliford,vgallifordjb@nsw.gov.au,Female,64416.24,4/9/2020,254.22,30610.55,1417345055
697,Darren,Seabrook,dseabrookjc@joomla.org,Polygender,87293.49,12/8/2020,40.06,42920.3,2154858414
698,Jaclin,Domoney,jdomoneyjd@1und1.de,Genderfluid,358567.42,10/6/2020,259.47,9239.09,2769371754
699,Oliviero,Espinha,oespinhaje@engadget.com,Non-binary,278760.27,6/19/2020,341.73,41817.54,8963838293
700,Wildon,Mapples,wmapplesjf@acquirethisname.com,Genderqueer,406161.78,5/3/2020,310.91,5218.11,1008064459
701,Gabriela,Srawley,gsrawleyjg@nymag.com,Genderqueer,451393.57,1/26/2021,284.09,23453.27,8061943220
702,Lindsay,Helwig,lhelwigjh@infoseek.co.jp,Genderfluid,420664.72,1/15/2021,333.59,261.02,7833355755
703,Benedick,Rowsell,browsellji@geocities.com,Agender,24688.93,9/5/2020,240.27,24941.32,3733551907
704,Osgood,Kabos,okabosjj@indiatimes.com,Bigender,195340.79,5/22/2020,466.86,35014.46,3280839963
705,Nadeen,Pinch,npinchjk@cnbc.com,Bigender,318145.61,4/12/2020,124.82,27501.89,2001116063
706,Tate,Cheales,tchealesjl@1688.com,Non-binary,134840.92,4/28/2020,10.86,45496.83,8851126895
707,Matty,Benton,mbentonjm@free.fr,Non-binary,443062.01,10/13/2020,81.56,47926.51,9287369410
708,Gilemette,Fradson,gfradsonjn@networkadvertising.org,Female,426146.12,9/17/2020,426.78,39016.57,0548016798
709,Brittan,Bramwell,bbramwelljo@goo.ne.jp,Agender,223735.34,12/29/2020,368.89,40770.32,9546250600
710,Gabriell,Chittey,gchitteyjp@topsy.com,Male,329892.23,1/23/2021,360.56,41944.43,2079681958
711,Margot,Feaster,mfeasterjq@soundcloud.com,Male,413548.46,6/21/2020,170.86,48558.73,4958895647
712,Rosetta,O'Tierney,rotierneyjr@uiuc.edu,Genderfluid,34137.49,6/4/2020,203.17,32191.02,0298927438
713,Stuart,Throssell,sthrosselljs@squidoo.com,Genderfluid,283777.29,10/30/2020,235.67,26845.69,7480168950
714,Dino,Hugonin,dhugoninjt@hatena.ne.jp,Male,167475.43,1/16/2021,368.98,11644.22,4091529186
715,Alli,Lody,alodyju@columbia.edu,Bigender,465771.25,12/25/2020,48.66,25251.38,5358381481
716,Rianon,Kleis,rkleisjv@infoseek.co.jp,Bigender,393366.65,4/16/2020,298.6,20259.78,4970530068
717,Marabel,Burnet,mburnetjw@ustream.tv,Non-binary,54581.96,12/20/2020,466.43,24508.91,7278482720
718,Kinnie,Adel,kadeljx@vistaprint.com,Genderqueer,268979.56,5/1/2020,145.0,24554.27,5018165952
719,Ashlee,Malkin,amalkinjy@ftc.gov,Female,432093.42,4/26/2020,395.77,41073.1,8673571006
720,Valentijn,Broke,vbrokejz@narod.ru,Agender,435044.16,7/5/2020,29.56,4473.78,5455970895
721,Sayers,Rosone,srosonek0@yolasite.com,Female,176972.13,7/13/2020,393.92,9557.91,2040326278
722,Lissie,Whorton,lwhortonk1@godaddy.com,Agender,374876.77,12/6/2020,285.89,21799.21,0790748614
723,Manolo,Pirt,mpirtk2@icio.us,Female,403409.53,10/22/2020,0.91,47247.55,3347178963
724,Raphaela,Wooddisse,rwooddissek3@bravesites.com,Polygender,286426.91,2/14/2020,75.43,5971.96,5471695771
725,Ives,Pendergast,ipendergastk4@bravesites.com,Polygender,394712.93,12/29/2020,450.85,41938.7,9270990877
726,Bendite,Slingsby,bslingsbyk5@artisteer.com,Polygender,233502.15,5/29/2020,440.41,33683.59,9347691208
727,Glen,Dignan,gdignank6@ameblo.jp,Genderqueer,192357.3,11/8/2020,166.75,31212.3,2074922035
728,Sax,Hale,shalek7@ask.com,Agender,236083.14,9/14/2020,408.02,36422.54,3907725514
729,Selinda,Servante,sservantek8@icio.us,Male,499180.83,9/16/2020,292.37,23991.43,6844249470
730,Germaine,Quarmby,gquarmbyk9@multiply.com,Male,116982.97,5/10/2020,152.72,10805.21,9183218874
731,Cacilie,Bath,cbathka@jimdo.com,Polygender,331814.25,6/2/2020,444.24,45770.47,0837232481
732,Dynah,Lile,dlilekb@creativecommons.org,Male,208493.82,9/23/2020,33.59,1050.67,5407864770
733,Ludwig,Fidell,lfidellkc@hexun.com,Bigender,430834.71,9/22/2020,483.5,28843.43,2119637660
734,Tandi,Elcombe,telcombekd@soup.io,Female,65738.2,5/27/2020,420.11,1021.73,2808493789
735,Dav,Tapley,dtapleyke@dyndns.org,Genderfluid,461517.72,5/11/2020,435.19,13758.56,5266174900
736,Lew,Cowlard,lcowlardkf@disqus.com,Agender,374308.47,12/26/2020,475.57,17531.95,7601936317
737,Darrin,Hayselden,dhayseldenkg@facebook.com,Polygender,161399.58,8/10/2020,142.04,10884.05,2546049488
738,Fred,Sains,fsainskh@trellian.com,Genderqueer,104945.29,9/28/2020,333.67,22068.19,7071791929
739,Vita,Pinckney,vpinckneyki@tripod.com,Genderfluid,269163.05,9/28/2020,310.07,7708.91,6398089928
740,Dody,Hechlin,dhechlinkj@cnet.com,Male,102552.22,12/15/2020,399.23,44655.06,7754253658
741,Josepha,Keysall,jkeysallkk@163.com,Genderqueer,144922.99,5/13/2020,18.11,3852.23,8504408418
742,Morey,Fenwick,mfenwickkl@myspace.com,Polygender,452611.76,8/19/2020,173.09,38056.77,4822678377
743,Enid,Delaprelle,edelaprellekm@blogs.com,Genderfluid,223346.44,1/22/2021,33.29,40669.45,1022191675
744,Hyacinthie,Kunze,hkunzekn@friendfeed.com,Agender,10330.16,1/25/2021,266.59,31415.12,4762336408
745,Manny,Whittington,mwhittingtonko@alexa.com,Male,310789.04,10/19/2020,132.71,33722.98,8316161060
746,Maurizio,Haller,mhallerkp@is.gd,Agender,320728.49,1/25/2021,33.69,47700.31,1873785720
747,Berenice,Dashkov,bdashkovkq@cyberchimps.com,Polygender,90666.53,3/29/2020,349.68,22293.38,9031617741
748,Cathrine,Kubista,ckubistakr@cdbaby.com,Agender,330043.24,4/6/2020,295.33,28128.63,8106897087
749,Ashly,Rolling,arollingks@prnewswire.com,Male,478607.71,11/17/2020,182.41,19146.09,2434514006
750,Torrin,Astbury,tastburykt@auda.org.au,Polygender,281489.11,12/27/2020,351.01,5955.98,0707705355
751,Brooks,Senton,bsentonku@bluehost.com,Female,83815.46,4/20/2020,373.99,44065.22,6602610384
752,Wynn,Corona,wcoronakv@si.edu,Female,51546.11,10/27/2020,441.73,42062.88,3760521371
753,Dev,Carr,dcarrkw@privacy.gov.au,Male,316881.05,4/21/2020,481.86,11862.58,2944728628
754,Jose,O'Keenan,jokeenankx@wsj.com,Non-binary,480168.16,12/25/2020,288.7,38338.32,4153361194
755,Janith,Pourvoieur,jpourvoieurky@etsy.com,Female,232557.6,3/2/2020,310.03,21752.52,7782904684
756,Timmy,Greggs,tgreggskz@sphinn.com,Male,261433.63,12/5/2020,221.06,49998.88,5936509222
757,Maudie,Kinzett,mkinzettl0@msn.com,Non-binary,341847.03,7/16/2020,431.09,1287.57,7368978857
758,Lisha,Stiegar,lstiegarl1@ucoz.ru,Non-binary,106931.86,8/4/2020,62.7,27790.15,7045238231
759,Thurston,Martyntsev,tmartyntsevl2@answers.com,Genderfluid,279911.67,8/12/2020,294.93,42503.74,3493615329
760,Fidelity,Tregust,ftregustl3@phpbb.com,Genderfluid,13071.23,12/4/2020,482.44,30284.62,2489802240
761,Marjie,Thundercliffe,mthundercliffel4@ocn.ne.jp,Male,430364.07,9/25/2020,39.31,12935.11,2058533542
762,Gabbi,Trayhorn,gtrayhornl5@symantec.com,Genderfluid,266908.27,2/11/2020,306.42,32708.06,9470661370
763,Brantley,Briffett,bbriffettl6@globo.com,Genderqueer,347341.38,6/27/2020,20.27,42195.07,4657022318
764,Cort,Rogeron,crogeronl7@japanpost.jp,Non-binary,415704.57,11/3/2020,276.2,40239.7,2857682026
765,Torey,Wandless,twandlessl8@ask.com,Agender,448479.73,4/4/2020,256.67,15301.84,1040610765
766,Bernete,Grant,bgrantl9@independent.co.uk,Polygender,116934.59,6/4/2020,126.23,43701.96,9408889150
767,Noami,Varran,nvarranla@twitter.com,Polygender,380425.93,5/26/2020,217.43,13208.45,9347631582
768,Corri,Harborow,charborowlb@twitter.com,Polygender,168371.1,6/26/2020,65.9,28289.71,4181744876
769,Fransisco,Topley,ftopleylc@nifty.com,Genderfluid,93164.29,8/15/2020,93.96,29288.62,2160188727
770,Baillie,Itzakson,bitzaksonld@mashable.com,Agender,497283.47,9/28/2020,88.69,42660.18,2936989531
771,Ciro,Lode,clodele@addtoany.com,Genderqueer,264213.56,11/16/2020,384.26,23205.02,5079605510
772,Randal,Tomkowicz,rtomkowiczlf@purevolume.com,Non-binary,77346.93,8/27/2020,72.35,30164.55,8981195021
773,Donica,Tavener,dtavenerlg@4shared.com,Polygender,322149.75,8/27/2020,389.58,8620.58,3747859925
774,Brandea,Cheer,bcheerlh@dailymail.co.uk,Bigender,474543.86,10/21/2020,192.84,13909.91,2190360315
775,Kennith,Reavell,kreavellli@mozilla.org,Genderfluid,354787.22,8/6/2020,3.95,47215.72,5192888654
776,Lanie,Stoffler,lstofflerlj@ft.com,Non-binary,495814.0,1/21/2021,164.44,21972.36,1797601520
777,Merle,Flockhart,mflockhartlk@illinois.edu,Bigender,385816.07,5/6/2020,40.59,34658.36,8215046991
778,Alexander,Ossipenko,aossipenkoll@spiegel.de,Polygender,391226.77,4/2/2020,148.16,8042.78,6374000633
779,Romonda,Bernaldez,rbernaldezlm@blogs.com,Genderfluid,290687.72,3/20/2020,57.91,1069.74,8273747441
780,Vilma,Foort,vfoortln@gmpg.org,Male,55793.08,12/28/2020,419.71,24173.14,8402367682
781,Ingelbert,Moxstead,imoxsteadlo@nytimes.com,Polygender,111565.4,1/21/2021,5.77,18300.02,2413047166
782,Chiquita,Braffington,cbraffingtonlp@cyberchimps.com,Polygender,141017.05,5/12/2020,320.58,37711.89,2341846076
783,Lindsey,Pattemore,lpattemorelq@liveinternet.ru,Genderfluid,295094.15,12/12/2020,277.77,41464.38,6864998282
784,Mart,Makepeace,mmakepeacelr@statcounter.com,Female,220471.77,7/28/2020,60.23,28057.69,2345288043
785,Alisander,Corre,acorrels@people.com.cn,Male,347123.38,1/2/2021,383.77,42911.93,3491301173
786,Analiese,Duke,adukelt@cargocollective.com,Genderqueer,20507.27,5/25/2020,266.17,41707.87,3677156564
787,Sherwood,Kemble,skemblelu@mac.com,Non-binary,140123.72,5/13/2020,478.8,40952.65,2614137375
788,Kimbell,Dolling,kdollinglv@usatoday.com,Genderfluid,408717.49,2/27/2020,141.14,48973.31,6416616505
789,Rafe,Vizor,rvizorlw@fastcompany.com,Polygender,273331.08,10/19/2020,112.46,758.45,8692977640
790,Filbert,Apple,fapplelx@scientificamerican.com,Genderfluid,87702.48,3/16/2020,408.29,47619.13,2715191006
791,Amory,Bianco,abiancoly@shareasale.com,Polygender,252613.2,11/20/2020,465.75,19555.31,8744389795
792,Adair,Lundberg,alundberglz@washington.edu,Non-binary,58033.16,9/9/2020,363.81,763.31,6745399857
793,Madelina,Goggey,mgoggeym0@example.com,Male,430540.8,9/10/2020,222.11,43417.34,6016453242
794,Barr,Boucher,bboucherm1@tiny.cc,Male,81864.06,5/19/2020,492.63,35520.31,0808663011
795,Alyce,Birtwell,abirtwellm2@jimdo.com,Bigender,12582.31,5/15/2020,16.97,40515.5,7986559241
796,Rafa,Gethen,rgethenm3@bizjournals.com,Non-binary,112452.52,10/16/2020,195.98,19786.49,5265503390
797,Eddi,Tuma,etumam4@reddit.com,Polygender,272315.02,10/19/2020,48.89,39961.73,0251362469
798,Willie,Haton,whatonm5@apache.org,Non-binary,26654.86,1/24/2021,442.85,10816.93,7136522110
799,Jude,Few,jfewm6@ow.ly,Female,441608.56,1/4/2021,67.32,22579.44,9753794711
800,Torey,Blofield,tblofieldm7@symantec.com,Male,87128.87,8/30/2020,219.04,40437.62,9745766895
801,Quintina,Atchly,qatchlym8@bbc.co.uk,Non-binary,45160.44,5/12/2020,441.79,2446.21,4453346603
802,Harald,Kiely,hkielym9@samsung.com,Bigender,412283.56,2/26/2020,342.87,28927.62,0125741294
803,Leupold,Auty,lautyma@diigo.com,Agender,133856.46,8/9/2020,352.75,4574.73,4858538753
804,Dorotea,Ryde,drydemb@aol.com,Polygender,211274.85,4/5/2020,36.88,48310.09,6791351896
805,Woodie,Rickersy,wrickersymc@pen.io,Female,150355.76,10/17/2020,462.92,14348.0,2240698241
806,Laure,Arnowicz,larnowiczmd@princeton.edu,Non-binary,114853.08,11/21/2020,76.71,12016.56,3603430182
807,Fairfax,Funcheon,ffuncheonme@harvard.edu,Male,236318.95,10/20/2020,171.29,14855.32,3424337854
808,Isaac,Allett,iallettmf@nymag.com,Polygender,65138.58,9/11/2020,220.8,14193.45,3311328612
809,Bride,Crispin,bcrispinmg@ted.com,Male,291490.95,3/16/2020,9.49,27229.39,0229307248
810,Sloane,Hellyer,shellyermh@si.edu,Female,455665.68,3/29/2020,211.74,5961.94,3642923410
811,Celesta,Orrow,corrowmi@hibu.com,Genderqueer,149211.95,10/24/2020,383.43,8948.88,2760750019
812,Leonardo,Safont,lsafontmj@microsoft.com,Agender,205334.39,10/29/2020,388.73,39360.34,8628570519
813,Lanna,McNulty,lmcnultymk@dailymotion.com,Non-binary,21599.58,8/23/2020,439.98,41271.25,3044602564
814,Elbert,Chetwin,echetwinml@amazon.co.uk,Non-binary,35308.27,1/3/2021,94.08,25433.79,0903583895
815,Susie,Watkiss,swatkissmm@tmall.com,Genderfluid,275392.6,7/29/2020,404.15,28144.26,4536181903
816,Myrtice,Blaskett,mblaskettmn@ebay.com,Genderqueer,311439.82,9/29/2020,417.35,36048.58,4260411608
817,Carroll,Rocca,croccamo@trellian.com,Genderfluid,416193.01,11/25/2020,97.65,7481.21,5726211502
818,Micki,Mitchiner,mmitchinermp@icio.us,Male,234465.34,9/23/2020,491.0,33121.13,1613626916
819,Iseabal,Shotter,ishottermq@acquirethisname.com,Genderfluid,264781.94,4/27/2020,161.64,20276.0,5005210725
820,Jaquenette,Getcliff,jgetcliffmr@businessinsider.com,Bigender,465137.4,5/16/2020,489.35,16207.67,6692757304
821,Donella,Wainscoat,dwainscoatms@a8.net,Agender,149208.15,12/4/2020,107.71,34002.15,6157471808
822,Erskine,Werrit,ewerritmt@europa.eu,Bigender,55626.16,7/5/2020,326.27,44198.39,1766695515
823,Osmond,Pedrazzi,opedrazzimu@cnet.com,Bigender,116001.86,7/10/2020,4.73,4660.35,4239958822
824,Norton,Mollett,nmollettmv@statcounter.com,Male,184287.08,4/3/2020,291.56,16437.91,1541014065
825,Norman,Sandeford,nsandefordmw@reuters.com,Male,25118.48,9/24/2020,172.0,23819.39,7932937418
826,Bryce,Downham,bdownhammx@altervista.org,Female,285361.56,5/28/2020,326.96,10070.11,4229655010
827,Ceil,Capponer,ccapponermy@bing.com,Female,148850.06,9/5/2020,145.62,35437.77,0992004055
828,Ermin,Renzullo,erenzullomz@google.ru,Agender,329103.03,1/6/2021,125.9,28381.1,1608883566
829,Jobey,Waine,jwainen0@timesonline.co.uk,Non-binary,119466.19,6/16/2020,229.66,45883.03,3026702722
830,Quinton,Cardozo,qcardozon1@merriam-webster.com,Bigender,324595.07,8/4/2020,256.94,13908.6,0634863231
831,Yoshi,Bidgood,ybidgoodn2@unesco.org,Genderfluid,267485.0,2/5/2021,86.3,4320.34,2130879195
832,Enrique,Hansel,ehanseln3@issuu.com,Agender,411289.0,10/31/2020,224.54,31559.3,5620464725
833,Brande,Mosby,bmosbyn4@elegantthemes.com,Polygender,310602.37,1/13/2021,465.98,35291.67,5513509288
834,Maiga,O'Crigan,mocrigann5@cocolog-nifty.com,Agender,452008.94,11/26/2020,474.76,44456.65,5068548014
835,Petronille,Spens,pspensn6@theguardian.com,Non-binary,324623.0,4/17/2020,239.72,4266.33,5602323716
836,Cathryn,Bovis,cbovisn7@over-blog.com,Non-binary,65169.36,4/27/2020,312.52,16957.96,4397513244
837,Consolata,Steventon,csteventonn8@engadget.com,Bigender,420863.0,3/10/2020,487.53,29685.41,2070025802
838,Sandor,Bourges,sbourgesn9@pagesperso-orange.fr,Polygender,88159.18,5/11/2020,401.8,1981.61,1184760098
839,Gaelan,Dunnaway,gdunnawayna@ask.com,Non-binary,194392.36,1/20/2021,496.77,21491.29,1166289583
840,Thorpe,Adamsen,tadamsennb@macromedia.com,Female,452561.6,10/29/2020,177.91,21294.26,0267997418
841,Georgiana,Martignon,gmartignonnc@dailymail.co.uk,Genderfluid,412197.69,7/4/2020,377.34,32283.95,8034480630
842,Buckie,Peschet,bpeschetnd@smh.com.au,Non-binary,379154.44,6/16/2020,315.9,31261.33,6407486769
843,Prissie,Boreham,pborehamne@spiegel.de,Male,32997.36,9/13/2020,230.07,39132.2,6910012836
844,Bobbie,Crossingham,bcrossinghamnf@skype.com,Male,291584.73,10/9/2020,400.73,7961.43,9754610193
845,Obie,Dalbey,odalbeyng@myspace.com,Female,364602.79,6/23/2020,158.48,42251.24,8483649853
846,Roy,Sex,rsexnh@fda.gov,Male,333450.28,10/8/2020,74.41,40285.73,3172122816
847,Clair,Ede,cedeni@exblog.jp,Non-binary,27065.27,9/17/2020,105.87,14103.79,8836791832
848,Seka,Amorts,samortsnj@angelfire.com,Polygender,99813.04,7/2/2020,467.02,23219.33,3302629753
849,Angeli,Brodest,abrodestnk@abc.net.au,Agender,474854.03,3/22/2020,387.2,23827.62,7736418454
850,Amitie,Menear,amenearnl@studiopress.com,Male,16460.16,6/22/2020,330.14,48411.4,0421592249
851,Bernardine,Scrimshaw,bscrimshawnm@ftc.gov,Female,128612.44,4/12/2020,220.59,45118.13,8298569997
852,Thatch,Fulger,tfulgernn@weather.com,Bigender,432217.45,3/1/2020,178.64,48484.43,7729372444
853,Boonie,Filby,bfilbyno@illinois.edu,Genderqueer,485624.04,10/19/2020,11.22,42203.94,0675478588
854,Otho,Hellings,ohellingsnp@youtu.be,Bigender,240629.07,8/7/2020,462.71,2249.17,4331759636
855,Morse,Courson,mcoursonnq@marketwatch.com,Genderqueer,160975.79,6/27/2020,465.01,31814.37,4310629784
856,Toddy,Necrews,tnecrewsnr@uol.com.br,Bigender,321593.58,2/13/2020,45.23,12326.32,6191256825
857,Etienne,Meikle,emeiklens@jigsy.com,Female,400882.62,3/4/2020,178.02,47570.97,2255021536
858,Dougy,Holwell,dholwellnt@photobucket.com,Genderqueer,385922.17,12/9/2020,40.23,37024.59,6136284561
859,Dallas,Adamsky,dadamskynu@yale.edu,Polygender,199360.86,10/23/2020,473.25,33353.58,7792260402
860,Jayme,Legrice,jlegricenv@dell.com,Bigender,304790.21,3/25/2020,491.21,33538.97,2869046065
861,Cordie,Youll,cyoullnw@weebly.com,Female,448279.33,4/30/2020,362.39,17533.04,8589765598
862,Patrice,Sebrook,psebrooknx@oaic.gov.au,Genderqueer,53262.81,1/22/2021,258.65,32061.76,9724547221
863,Angil,Suggett,asuggettny@fotki.com,Agender,489758.1,8/11/2020,85.34,31209.7,6581582905
864,Beniamino,Caruth,bcaruthnz@tripod.com,Non-binary,431230.22,10/8/2020,32.38,38149.25,3551940991
865,Jeffry,Faraday,jfaradayo0@usgs.gov,Agender,239207.42,7/25/2020,395.64,31154.96,9827929232
866,Amii,Vanyashkin,avanyashkino1@canalblog.com,Bigender,114957.72,1/25/2021,157.13,17590.46,5267413445
867,Byrom,Labitt,blabitto2@ovh.net,Bigender,327870.08,4/10/2020,169.85,10822.93,4986433970
868,Ezra,Brinsford,ebrinsfordo3@domainmarket.com,Female,124016.02,1/19/2021,127.12,13395.07,2991783036
869,Newton,Wastie,nwastieo4@aol.com,Agender,396119.81,5/17/2020,428.63,47562.3,0185769314
870,Shela,Steeden,ssteedeno5@yolasite.com,Genderqueer,312080.49,9/14/2020,249.0,26572.76,5408913899
871,Jenn,Byway,jbywayo6@toplist.cz,Genderfluid,232398.65,8/24/2020,417.09,42844.56,9768664800
872,Lawrence,Bedberry,lbedberryo7@blog.com,Male,313793.84,11/17/2020,188.49,3170.93,4778729331
873,Tobiah,Dahler,tdahlero8@psu.edu,Bigender,238037.56,2/19/2020,270.47,14263.09,7877365322
874,Humfried,Gossart,hgossarto9@amazon.de,Genderqueer,162157.51,11/6/2020,220.76,46362.94,5150198447
875,Kayla,Kardos,kkardosoa@instagram.com,Male,457653.56,7/19/2020,122.9,30931.85,7099938355
876,Midge,Fould,mfouldob@adobe.com,Polygender,19483.72,7/17/2020,119.53,36410.01,9654482606
877,Konstantine,Fitzpayn,kfitzpaynoc@jigsy.com,Genderfluid,478200.0,4/19/2020,394.67,1024.84,6537426243
878,Chrisse,Margerrison,cmargerrisonod@nifty.com,Genderfluid,24752.98,12/17/2020,66.0,34570.54,3786024723
879,Noam,Phizaclea,nphizacleaoe@about.com,Female,462613.54,2/28/2020,325.77,33939.22,0382332288
880,Davida,Pilcher,dpilcherof@engadget.com,Agender,498912.71,9/26/2020,363.14,41537.62,2259749615
881,Moria,Paolini,mpaoliniog@discuz.net,Male,253979.89,7/25/2020,377.69,34583.1,2036141293
882,Jameson,Casali,jcasalioh@mashable.com,Bigender,456458.98,6/17/2020,426.65,20994.7,8722029672
883,Leticia,Zylberdik,lzylberdikoi@unesco.org,Genderfluid,362369.3,9/30/2020,7.81,44612.5,5532800073
884,Hansiain,Brownsill,hbrownsilloj@census.gov,Female,394342.8,4/22/2020,30.6,30194.76,9730799091
885,Andreana,Roscher,aroscherok@goodreads.com,Male,258291.63,3/4/2020,211.85,18997.46,3742429221
886,Della,Mulgrew,dmulgrewol@nyu.edu,Female,306241.95,12/6/2020,415.48,32332.53,2644825172
887,Rafaelita,Gyorgy,rgyorgyom@cloudflare.com,Female,423275.46,8/6/2020,158.12,30493.7,9453495999
888,Cassandra,Lewing,clewingon@bandcamp.com,Male,242961.46,6/2/2020,76.22,30972.97,4944721714
889,Agneta,Gander,aganderoo@yandex.ru,Genderfluid,108540.95,6/2/2020,261.78,16273.02,8386830514
890,Hinze,Griffoen,hgriffoenop@go.com,Agender,83568.23,8/18/2020,450.35,20952.25,6467323041
891,Gus,Canning,gcanningoq@constantcontact.com,Bigender,103540.57,4/29/2020,304.57,34.16,1611336279
892,Tamera,McIllroy,tmcillroyor@blogtalkradio.com,Bigender,435885.58,7/24/2020,199.77,43878.07,6797332583
893,Catharina,Dobey,cdobeyos@irs.gov,Agender,150393.78,5/5/2020,222.35,37121.92,4570619363
894,Frankie,Salway,fsalwayot@blogs.com,Bigender,105779.11,5/25/2020,73.21,43420.26,6137104249
895,Margy,Wank,mwankou@uol.com.br,Agender,456337.74,1/25/2021,342.44,8263.27,5562948842
896,Alane,Ibotson,aibotsonov@netlog.com,Bigender,273265.91,4/3/2020,356.46,26287.44,6081778665
897,Katherina,Atterbury,katterburyow@boston.com,Bigender,43606.32,2/6/2021,345.68,37645.2,3056116562
898,Bradly,Leonida,bleonidaox@themeforest.net,Genderfluid,412319.0,4/27/2020,347.63,1257.9,1587957248
899,Erny,Sindall,esindalloy@nationalgeographic.com,Male,146591.29,9/15/2020,300.43,9325.83,3240855933
900,Quentin,Cohalan,qcohalanoz@alexa.com,Genderqueer,233284.5,6/10/2020,334.05,31264.74,9885664556
901,Ulrick,Tapping,utappingp0@ow.ly,Non-binary,278972.97,7/19/2020,151.26,11359.23,1756944369
902,Etienne,Bennitt,ebennittp1@indiatimes.com,Genderqueer,447327.05,5/8/2020,34.09,49018.34,7659475606
903,Kelci,Bartolomivis,kbartolomivisp2@abc.net.au,Non-binary,298446.91,12/30/2020,294.91,26555.58,0052483541
904,Gualterio,Crippell,gcrippellp3@clickbank.net,Bigender,5018.24,5/29/2020,89.12,12809.99,5088165528
905,Mable,Ceci,mcecip4@spotify.com,Male,97094.99,8/28/2020,437.11,1668.42,5317616964
906,Linoel,Gordon-Giles,lgordongilesp5@last.fm,Male,22350.52,8/18/2020,471.82,37670.23,6518462361
907,Cory,Yurenin,cyureninp6@cargocollective.com,Non-binary,99900.41,12/29/2020,403.3,45008.66,1163690198
908,Kalina,Alexsandrowicz,kalexsandrowiczp7@prnewswire.com,Polygender,90536.89,11/7/2020,73.0,5072.57,5019428825
909,Kalila,Ellings,kellingsp8@newyorker.com,Genderfluid,290778.1,9/14/2020,284.32,39551.41,1817808192
910,Lev,Zuan,lzuanp9@nationalgeographic.com,Bigender,438064.12,4/13/2020,109.18,1708.68,5543199325
911,Jilly,Lackey,jlackeypa@nymag.com,Bigender,225474.71,7/1/2020,361.27,10179.21,3635015741
912,Cathryn,Sindall,csindallpb@yale.edu,Bigender,313912.56,9/2/2020,35.07,9699.96,0282842268
913,Ignacius,Hug,ihugpc@bravesites.com,Genderfluid,307601.8,4/15/2020,403.88,10978.85,8315949411
914,Bernetta,Lidbetter,blidbetterpd@fda.gov,Genderfluid,94809.28,7/21/2020,202.19,15031.46,3382493691
915,Brenda,Veelers,bveelerspe@answers.com,Non-binary,379719.45,1/21/2021,346.13,39783.22,9765912021
916,Ranna,Jouhan,rjouhanpf@omniture.com,Agender,113527.39,11/4/2020,285.84,33694.69,8230739218
917,Tedd,McMichell,tmcmichellpg@nationalgeographic.com,Non-binary,443917.64,5/6/2020,169.2,40544.91,3413249991
918,Calida,Southerden,csoutherdenph@dagondesign.com,Polygender,230444.26,6/13/2020,82.94,38733.0,1905129696
919,Alick,Marnes,amarnespi@github.io,Female,85896.86,11/15/2020,211.89,40322.74,2548579069
920,Glynis,Philo,gphilopj@hexun.com,Male,319511.82,1/27/2021,160.7,11568.0,0023478101
921,Elna,Fulop,efuloppk@mayoclinic.com,Genderfluid,140087.13,12/16/2020,298.19,41999.2,9056541633
922,Hailee,Dunkerley,hdunkerleypl@bigcartel.com,Genderfluid,432879.0,5/22/2020,166.27,40091.0,0451786270
923,Sigismundo,Bunney,sbunneypm@princeton.edu,Female,99596.47,3/26/2020,19.9,33288.1,9630216728
924,Alex,Donnett,adonnettpn@accuweather.com,Female,335582.3,8/15/2020,479.69,18239.39,5435068916
925,Ronny,Habershon,rhabershonpo@msn.com,Non-binary,282851.97,7/20/2020,220.24,21355.14,3608950087
926,Pamelina,Ianilli,pianillipp@gizmodo.com,Agender,237784.0,3/13/2020,291.2,27839.95,3936637814
927,Ansell,Binks,abinkspq@fda.gov,Genderfluid,185713.31,11/24/2020,409.04,46144.01,9028024166
928,Burg,Bleeze,bbleezepr@mtv.com,Genderqueer,31884.07,11/30/2020,281.42,42833.15,4565821753
929,Leonard,Treweela,ltreweelaps@goodreads.com,Genderqueer,438675.29,9/13/2020,349.35,44531.5,5729161417
930,Jonathan,St Ange,jstangept@shutterfly.com,Male,407757.92,8/17/2020,370.37,21097.84,6143167133
931,Base,Dewhurst,bdewhurstpu@t-online.de,Male,353976.07,12/14/2020,424.13,8740.7,6964499628
932,Jamie,Jeens,jjeenspv@gnu.org,Agender,242291.93,3/6/2020,102.17,36856.42,9391763375
933,Elisa,Soughton,esoughtonpw@amazonaws.com,Genderqueer,139002.49,3/18/2020,5.4,12082.22,8373189335
934,Teddy,Rosenvasser,trosenvasserpx@dot.gov,Genderqueer,308582.46,1/2/2021,400.79,46406.48,0698976657
935,Adolph,Biagi,abiagipy@dyndns.org,Genderqueer,422310.64,6/5/2020,61.95,37128.37,8532647111
936,Ringo,Debill,rdebillpz@miibeian.gov.cn,Bigender,236277.92,3/18/2020,451.21,47028.2,8153415298
937,Uta,Shawcroft,ushawcroftq0@yandex.ru,Bigender,20691.66,11/9/2020,230.18,37433.78,6740934797
938,Colline,Latour,clatourq1@geocities.com,Female,363020.78,6/22/2020,142.22,31174.63,7553697591
939,Vicky,Baguley,vbaguleyq2@canalblog.com,Genderqueer,498529.16,12/16/2020,193.25,2005.29,0479628572
940,Rochette,Bowler,rbowlerq3@biblegateway.com,Genderfluid,323767.03,2/10/2020,387.42,31991.7,7153258418
941,Thorsten,Bailie,tbailieq4@liveinternet.ru,Polygender,183199.93,10/30/2020,35.19,550.0,0125675933
942,Felicio,Cayser,fcayserq5@mysql.com,Male,337746.58,5/11/2020,55.97,20528.13,8549447463
943,Loy,Gother,lgotherq6@wp.com,Genderqueer,69527.42,9/24/2020,480.32,17500.98,9691134713
944,Hazlett,Waters,hwatersq7@cbc.ca,Genderfluid,22189.0,4/30/2020,266.33,11394.68,6078109596
945,Darrelle,Copp,dcoppq8@nih.gov,Agender,369302.14,9/11/2020,245.61,32483.56,8623394097
946,Germain,Laverack,glaverackq9@moonfruit.com,Bigender,342766.14,2/9/2020,389.81,9558.58,8949390450
947,Fern,Voas,fvoasqa@bloglines.com,Agender,264247.86,6/20/2020,347.21,10893.01,1137901012
948,Mikol,Livesay,mlivesayqb@bloglines.com,Genderfluid,362828.56,2/17/2020,3.22,8226.6,8059319124
949,Nicolai,Stradling,nstradlingqc@cornell.edu,Male,75577.25,5/21/2020,219.97,49662.39,2083003381
950,Cosimo,Ivanin,civaninqd@sina.com.cn,Non-binary,254300.83,10/5/2020,36.55,32178.7,0000889881
951,Anna-maria,Vezey,avezeyqe@meetup.com,Female,425929.3,10/2/2020,462.59,27449.34,4342745607
952,Rosamund,Baxstar,rbaxstarqf@army.mil,Polygender,448615.36,10/10/2020,197.21,5273.52,0819450952
953,Eb,Acton,eactonqg@dedecms.com,Male,300808.51,11/6/2020,432.32,24296.62,5793151788
954,Tobias,Capron,tcapronqh@digg.com,Polygender,458220.22,7/21/2020,64.64,17644.34,4547079447
955,Katharine,Honnan,khonnanqi@twitter.com,Bigender,171628.81,8/2/2020,159.08,26252.37,5493255618
956,Revkah,Castrillo,rcastrilloqj@scribd.com,Polygender,79218.56,1/15/2021,380.47,38649.43,7630526342
957,Minnaminnie,Whiskerd,mwhiskerdqk@nature.com,Genderqueer,488180.46,12/30/2020,111.41,2181.11,1332537014
958,Heath,Evershed,hevershedql@google.de,Genderfluid,475349.37,11/13/2020,346.99,1587.14,2155877579
959,John,Hedderly,jhedderlyqm@wufoo.com,Agender,355225.06,9/8/2020,83.91,6292.12,1015738761
960,Tymon,Beardall,tbeardallqn@china.com.cn,Male,35843.11,12/4/2020,202.43,23731.41,9656750845
961,Lovell,Gorman,lgormanqo@reference.com,Agender,310238.27,10/11/2020,193.44,5692.76,0163787840
962,Fidelio,Reynalds,freynaldsqp@npr.org,Female,32986.49,7/9/2020,16.72,4399.51,2961452570
963,Terri-jo,Grundon,tgrundonqq@webmd.com,Genderfluid,128964.36,5/14/2020,275.34,3153.75,5713374408
964,Nerita,Brimner,nbrimnerqr@webnode.com,Agender,486560.13,8/22/2020,425.0,42926.16,3405931533
965,Lorrayne,Corah,lcorahqs@privacy.gov.au,Bigender,142002.37,7/24/2020,411.07,17996.84,1190865254
966,Doralin,Britian,dbritianqt@skype.com,Non-binary,49289.75,12/27/2020,416.96,23100.04,3152334435
967,Ingar,Knutton,iknuttonqu@is.gd,Agender,282761.48,5/12/2020,123.93,48590.45,2010041852
968,Paula,Sommerlin,psommerlinqv@cam.ac.uk,Genderqueer,412060.77,5/27/2020,237.57,11704.04,2068176149
969,Ursala,Meaddowcroft,umeaddowcroftqw@army.mil,Bigender,145095.95,12/26/2020,346.16,46212.01,1941587879
970,Jillane,Radmer,jradmerqx@phpbb.com,Genderqueer,128452.57,11/8/2020,179.93,48389.48,4681749990
971,Eugenio,Bristowe,ebristoweqy@umn.edu,Non-binary,491152.84,10/10/2020,288.64,23038.39,6605455797
972,Cordelia,Cowlin,ccowlinqz@netvibes.com,Male,1832.44,11/18/2020,325.53,43138.72,2196175587
973,Linda,Kaas,lkaasr0@networksolutions.com,Polygender,63687.99,8/26/2020,169.33,12225.2,9052831114
974,Harwell,Thresh,hthreshr1@ihg.com,Male,269075.68,8/20/2020,375.94,5402.77,6641028704
975,Etienne,Chamney,echamneyr2@freewebs.com,Genderqueer,459428.4,10/12/2020,346.83,8823.81,4707235492
976,Blanche,Towse,btowser3@disqus.com,Genderqueer,12349.42,11/27/2020,232.96,15800.64,1083233823
977,Adams,Wagenen,awagenenr4@furl.net,Agender,442790.64,2/5/2021,436.1,290.33,3706698048
978,Parnell,Borrington,pborringtonr5@homestead.com,Agender,178171.5,10/19/2020,283.18,33385.4,3139695098
979,Ellary,Haxell,ehaxellr6@posterous.com,Polygender,65153.26,6/22/2020,229.63,44164.78,0064246167
980,Ethe,Goley,egoleyr7@ifeng.com,Genderfluid,173746.46,8/26/2020,129.34,42692.59,4027129067
981,Ashil,Everington,aeveringtonr8@marketwatch.com,Genderfluid,481475.88,11/20/2020,112.48,8305.54,2018655779
982,Moyra,Santo,msantor9@exblog.jp,Polygender,254989.49,7/4/2020,78.88,41762.61,6920078171
983,Janis,Graalman,jgraalmanra@lycos.com,Genderfluid,30881.99,6/17/2020,143.97,44555.82,7715376590
984,Janelle,Potkin,jpotkinrb@senate.gov,Non-binary,132471.18,11/30/2020,243.02,21704.92,7937761555
985,Brigg,Birbeck,bbirbeckrc@yahoo.co.jp,Genderqueer,424546.43,3/28/2020,220.77,26921.69,7471002476
986,Jorrie,Penwright,jpenwrightrd@reverbnation.com,Agender,281250.65,5/23/2020,221.14,41885.84,1844619842
987,Brynna,Whorlton,bwhorltonre@uol.com.br,Genderfluid,367980.97,9/9/2020,186.1,28972.44,9388063988
988,Krispin,Stern,ksternrf@va.gov,Non-binary,63441.65,1/11/2021,454.02,24986.94,3043659090
989,Fidel,Toon,ftoonrg@admin.ch,Polygender,135277.61,7/26/2020,447.77,39121.89,3559425662
990,Tobye,Devlin,tdevlinrh@hhs.gov,Female,165134.0,3/13/2020,2.19,41967.15,3729178180
991,Kakalina,Guerrieri,kguerrieriri@wikispaces.com,Female,305751.73,9/22/2020,10.56,10810.52,7600028107
992,Mirella,Coultish,mcoultishrj@weebly.com,Female,306655.92,10/19/2020,61.6,13546.55,6380952195
993,Gray,Marchello,gmarchellork@cargocollective.com,Non-binary,293914.95,9/24/2020,55.07,32693.46,0833562924
994,Eduard,Syers,esyersrl@amazon.de,Male,135661.8,2/12/2020,409.7,34678.66,9115400743
995,Francoise,Swalough,fswaloughrm@google.nl,Genderqueer,457160.81,9/6/2020,11.14,26729.75,1331083435
996,Neron,Kornousek,nkornousekrn@economist.com,Agender,137874.0,6/26/2020,407.41,30985.52,4388695823
997,Cher,Eckh,ceckhro@nationalgeographic.com,Genderfluid,82308.88,1/5/2021,324.27,48784.0,9515880858
998,Rainer,Dood,rdoodrp@networksolutions.com,Agender,242194.55,4/21/2020,259.21,40660.74,2065257660
999,Joella,O'Hanley,johanleyrq@jugem.jp,Agender,346349.64,12/8/2020,307.08,25565.25,9360413003
1000,Rebekkah,Klein,rkleinrr@pinterest.com,Bigender,223907.4,11/19/2020,341.03,45311.39,0501999558
