id_dipendente,first_name,last_name,email,gender,salario,data assunzione,id_autonoleggio,id_manager,numero_di_telefono
1,Dian,O'Cullen,docullen0@yellowpages.com,Male,200283.09,6/24/2020,53.3,37166.47,3338240414
2,Ethelind,Pabst,epabst1@blog.com,Male,15977.77,1/18/2021,52.08,26934.39,2301204987
3,Farand,Dionisio,fdionisio2@stumbleupon.com,Bigender,46454.36,9/24/2020,280.74,7597.17,9847816506
4,Gordy,Sames,gsames3@sitemeter.com,Non-binary,106707.79,7/10/2020,89.32,13154.73,5092893079
5,Allin,Cody,acody4@prnewswire.com,Polygender,359265.04,3/11/2020,490.18,15639.58,4698830699
6,Leon,Oselton,loselton5@shop-pro.jp,Agender,267311.52,4/19/2020,346.36,123.83,7533441648
7,Daffi,Croasdale,dcroasdale6@topsy.com,Bigender,485608.32,7/25/2020,495.95,39087.86,6718326771
8,Charlton,Pedrol,cpedrol7@icio.us,Male,115259.75,11/17/2020,298.18,32357.1,2367840911
9,Germayne,Tuttle,gtuttle8@dion.ne.jp,Genderfluid,35857.67,4/1/2020,393.67,30743.32,1006347801
10,Janessa,McMylor,jmcmylor9@shinystat.com,Agender,482100.78,10/25/2020,19.51,16266.35,2017935743
11,Christina,Lucien,cluciena@sina.com.cn,Agender,67471.36,4/10/2020,430.52,11117.49,6723354176
12,Cara,Linstead,clinsteadb@bandcamp.com,Bigender,490250.52,6/9/2020,307.79,27223.64,9832225337
13,Keary,Wain,kwainc@zimbio.com,Genderfluid,238247.57,12/16/2020,291.33,47658.72,3065051486
14,Binni,McQuarrie,bmcquarried@gov.uk,Male,335184.53,5/13/2020,169.07,32801.9,7971646305
15,Jackelyn,Cornejo,jcornejoe@salon.com,Polygender,123001.81,2/26/2020,464.64,6380.46,0133705641
16,Scotti,Bauman,sbaumanf@si.edu,Non-binary,397296.64,11/5/2020,8.69,6827.92,8780799701
17,Kalvin,Feander,kfeanderg@hexun.com,Genderfluid,411269.39,1/24/2021,292.71,35363.65,5412792766
18,Timmy,Bayley,tbayleyh@utexas.edu,Female,220099.16,2/23/2020,308.35,115.77,5840929298
19,Ainslie,Matschke,amatschkei@engadget.com,Bigender,31782.6,3/27/2020,89.46,41521.87,2747417581
20,Bradan,Nanson,bnansonj@patch.com,Male,186688.41,5/18/2020,176.68,13102.12,5292714690
21,Prent,Reynault,preynaultk@usa.gov,Non-binary,59879.36,9/21/2020,265.11,7066.55,2446191665
22,Nixie,Brims,nbrimsl@cisco.com,Male,411383.24,8/24/2020,273.8,9545.6,4580587634
23,Karena,Jobling,kjoblingm@npr.org,Female,392968.61,1/28/2021,188.88,40274.42,4680296267
24,Bartlet,Howieson,bhowiesonn@ustream.tv,Genderqueer,269365.22,11/17/2020,346.08,49820.33,9633865654
25,Charil,Casse,ccasseo@independent.co.uk,Male,212899.5,3/28/2020,183.04,3252.17,1309755884
26,Jamison,Hallowes,jhallowesp@cocolog-nifty.com,Genderqueer,101314.35,7/31/2020,48.48,32600.58,0677639082
27,Polly,Baldry,pbaldryq@wikimedia.org,Male,407695.39,4/3/2020,238.66,22015.61,5258516741
28,Tab,Poxson,tpoxsonr@smh.com.au,Female,378579.13,4/15/2020,137.24,30856.48,4938785390
29,Gerald,Beames,gbeamess@discuz.net,Genderfluid,193336.54,3/3/2020,485.84,34672.89,1121369693
30,Vivia,Simmans,vsimmanst@blogs.com,Genderqueer,307411.13,5/18/2020,4.34,39789.22,1094920258
31,Violet,Howen,vhowenu@zdnet.com,Genderfluid,218953.85,3/6/2020,494.25,8533.94,7812650014
32,Effie,Russi,erussiv@facebook.com,Male,308366.15,4/13/2020,236.31,27893.91,6621565348
33,Penny,Peasee,ppeaseew@homestead.com,Genderqueer,3274.51,1/27/2021,135.22,34920.96,2618768191
34,Wylie,Reardon,wreardonx@virginia.edu,Agender,52583.07,9/17/2020,262.34,8641.91,9175902478
35,Lazare,Hagstone,lhagstoney@yale.edu,Genderfluid,458030.92,5/12/2020,459.01,44841.18,3219074413
36,Valentine,Howlin,vhowlinz@over-blog.com,Non-binary,140739.06,3/16/2020,58.73,490.45,9500885948
37,Emogene,Ruhben,eruhben10@surveymonkey.com,Non-binary,59040.68,5/21/2020,205.7,3930.1,8146784097
38,Karylin,Wainwright,kwainwright11@imgur.com,Agender,338119.66,2/4/2021,60.72,38440.77,7880333045
39,Daffie,Rothwell,drothwell12@illinois.edu,Polygender,435455.86,3/19/2020,189.93,25498.27,2242759027
40,Adam,Inge,ainge13@un.org,Male,356265.12,2/22/2020,313.22,44799.01,2658152221
41,Bryanty,Connew,bconnew14@linkedin.com,Male,83387.18,11/28/2020,497.09,843.89,9021233797
42,Harrie,Gregersen,hgregersen15@samsung.com,Bigender,468921.87,10/15/2020,47.96,35743.54,1402741715
43,Gretna,Sivill,gsivill16@webmd.com,Female,108312.92,6/15/2020,391.53,43063.68,6182561165
44,Eulalie,O'Fallone,eofallone17@yahoo.co.jp,Genderqueer,211843.52,3/14/2020,226.72,49363.25,2283619750
45,Gael,Scyner,gscyner18@baidu.com,Male,338718.41,6/23/2020,261.14,31929.79,6547041689
46,Candide,Eakeley,ceakeley19@admin.ch,Non-binary,310298.71,6/30/2020,425.88,39212.05,0333172612
47,Edlin,Rozec,erozec1a@tiny.cc,Female,483869.15,10/27/2020,120.46,43787.05,2253313971
48,Corby,Drewitt,cdrewitt1b@weibo.com,Non-binary,289342.53,11/30/2020,323.5,29301.17,3703239921
49,Rhonda,Mompesson,rmompesson1c@tripod.com,Agender,149453.27,6/20/2020,372.15,39047.12,2908833980
50,Odella,Stitwell,ostitwell1d@tinyurl.com,Genderqueer,133260.28,7/18/2020,418.5,22556.51,5063697186
51,Hale,MacLachlan,hmaclachlan1e@phpbb.com,Agender,460777.3,10/18/2020,28.59,14308.1,7574746443
52,Niels,Peterffy,npeterffy1f@si.edu,Genderfluid,244141.35,11/30/2020,336.48,18211.08,1434411680
53,Olly,Emmert,oemmert1g@bravesites.com,Genderqueer,30856.28,5/10/2020,212.92,12051.81,8513235105
54,Sterling,Kevlin,skevlin1h@eventbrite.com,Non-binary,366389.53,2/1/2021,336.26,37686.13,0603942830
55,Tawnya,Heckle,theckle1i@xrea.com,Agender,198144.35,1/1/2021,419.28,12099.38,3873083655
56,Jenna,Grogono,jgrogono1j@twitter.com,Bigender,18936.8,9/27/2020,378.14,6468.46,3722050022
57,Lothario,Sherwill,lsherwill1k@wordpress.org,Polygender,110837.12,5/11/2020,188.68,19344.25,9835831580
58,Tallie,Nuss,tnuss1l@wisc.edu,Agender,189882.11,3/27/2020,64.97,28458.58,2743602988
59,Errick,McDermott-Row,emcdermottrow1m@wix.com,Female,389475.4,7/10/2020,450.74,12724.29,4094435239
60,Franciska,Kesten,fkesten1n@squidoo.com,Agender,204953.38,11/14/2020,315.8,23373.61,8862760663
61,Engracia,Rankine,erankine1o@seattletimes.com,Female,180550.5,9/12/2020,307.73,37410.24,8308567355
62,Kelila,Lambourn,klambourn1p@usgs.gov,Agender,391746.32,5/2/2020,242.78,9618.79,4552157094
63,Justine,Munns,jmunns1q@artisteer.com,Bigender,106279.58,9/5/2020,498.63,10969.6,0727677462
64,Idalina,Tieraney,itieraney1r@google.cn,Agender,159836.47,8/1/2020,480.85,27656.81,3812801574
65,Debi,Sommers,dsommers1s@google.pl,Bigender,249590.23,12/1/2020,465.31,16170.62,0139993134
66,Kalil,Bittlestone,kbittlestone1t@tiny.cc,Non-binary,436115.33,1/15/2021,212.99,47416.7,1426684460
67,Jeffrey,Birwhistle,jbirwhistle1u@google.es,Genderqueer,292852.24,2/8/2021,246.5,45888.48,5560656437
68,Giselle,Sparey,gsparey1v@reverbnation.com,Male,88248.31,3/2/2020,26.92,21595.45,5756348484
69,Dedie,Najera,dnajera1w@plala.or.jp,Bigender,84768.56,3/30/2020,25.18,22116.99,7723113099
70,Lebbie,Blacket,lblacket1x@paypal.com,Non-binary,172120.58,7/2/2020,85.3,8105.83,6134238996
71,Taryn,Divill,tdivill1y@dyndns.org,Genderfluid,60691.7,3/10/2020,103.31,5017.08,1866237772
72,Biddy,Cawsby,bcawsby1z@bandcamp.com,Polygender,342193.89,11/3/2020,104.42,41680.68,5064609558
73,Drusie,Mulbery,dmulbery20@zimbio.com,Agender,65529.79,5/18/2020,62.98,34001.88,5120143776
74,Renado,Kunzelmann,rkunzelmann21@comcast.net,Female,20997.31,12/22/2020,115.85,3578.8,8831516272
75,Jeniece,Polle,jpolle22@dropbox.com,Female,312527.23,1/12/2021,125.14,8775.01,2211915450
76,Albrecht,Barlow,abarlow23@github.io,Polygender,441880.21,3/15/2020,90.17,13771.69,3786588597
77,Vida,Tregiddo,vtregiddo24@stumbleupon.com,Agender,249484.5,3/21/2020,210.82,45628.87,6132562443
78,Marga,Swanton,mswanton25@newsvine.com,Male,339359.62,3/19/2020,470.44,25283.93,1155476549
79,Filmore,Baxill,fbaxill26@acquirethisname.com,Polygender,163348.49,10/10/2020,182.22,7829.72,7813888677
80,Maddie,Hockey,mhockey27@sourceforge.net,Genderfluid,262492.72,2/5/2021,6.84,10509.43,9383163380
81,Deb,Sampey,dsampey28@thetimes.co.uk,Agender,414484.77,2/26/2020,325.29,36459.4,1269483560
82,Sherri,Woodyer,swoodyer29@bloglines.com,Genderfluid,499941.24,8/21/2020,114.43,38354.33,7741691651
83,Benson,Dewerson,bdewerson2a@home.pl,Agender,59227.62,7/9/2020,102.38,49576.5,6010801907
84,Barry,Rockell,brockell2b@nyu.edu,Male,175736.09,11/24/2020,313.4,8426.95,7550934819
85,Marlene,Eminson,meminson2c@furl.net,Male,327172.83,5/9/2020,420.3,18741.85,4901555243
86,Ruperta,Heinke,rheinke2d@yale.edu,Non-binary,303419.17,11/18/2020,452.22,41592.68,1993580123
87,Miranda,Ungerer,mungerer2e@constantcontact.com,Genderqueer,201684.46,6/28/2020,18.71,34771.6,5541375509
88,Rancell,Gebbe,rgebbe2f@bravesites.com,Agender,341753.03,1/8/2021,72.48,14089.35,6998878397
89,Brett,Spraberry,bspraberry2g@answers.com,Non-binary,406182.67,7/27/2020,102.76,48175.88,9817114147
90,Charlton,Vivien,cvivien2h@myspace.com,Agender,167093.84,5/28/2020,22.46,42154.64,9292519662
91,Sherie,Neenan,sneenan2i@msu.edu,Polygender,287464.36,8/28/2020,269.06,19940.54,3935071892
92,Diena,Margett,dmargett2j@acquirethisname.com,Polygender,428350.0,1/15/2021,241.34,47426.69,1678544558
93,Ansley,Sogg,asogg2k@foxnews.com,Agender,96417.64,9/6/2020,368.19,3599.48,6859199083
94,Babbette,Hupe,bhupe2l@nih.gov,Non-binary,407743.98,4/6/2020,186.13,34038.97,5910400274
95,Broderic,Mineghelli,bmineghelli2m@home.pl,Genderfluid,45397.22,1/22/2021,40.65,41117.57,2130169597
96,Haleigh,Silbert,hsilbert2n@wisc.edu,Female,441201.41,10/15/2020,286.12,13227.09,7686007774
97,Irena,Harburtson,iharburtson2o@addtoany.com,Male,374785.03,6/15/2020,471.82,39066.89,2449673520
98,Lanie,O'Kynsillaghe,lokynsillaghe2p@deviantart.com,Polygender,225697.74,7/7/2020,153.82,10564.67,6177240569
99,Ingaberg,Mead,imead2q@1688.com,Bigender,95821.71,2/1/2021,187.7,11199.19,2865214982
100,Aldo,Freund,afreund2r@goo.ne.jp,Female,160938.14,12/24/2020,236.5,35919.67,3316132341
101,Robina,Maxfield,rmaxfield2s@deliciousdays.com,Bigender,388504.56,3/28/2020,153.35,14901.18,2468477286
102,Chilton,Loddon,cloddon2t@ovh.net,Female,197996.16,12/25/2020,398.59,44631.85,3266316207
103,Eleonore,Menhci,emenhci2u@simplemachines.org,Bigender,441441.23,10/26/2020,86.0,35794.5,3029799239
104,Katina,Jojic,kjojic2v@google.fr,Non-binary,125369.75,8/18/2020,256.09,33677.59,6769525925
105,Amby,Cowton,acowton2w@blog.com,Genderqueer,306883.81,9/28/2020,473.62,49412.55,3356798049
106,Micky,Rudeforth,mrudeforth2x@miibeian.gov.cn,Genderqueer,486546.64,5/22/2020,183.99,45230.33,9811446334
107,Bellanca,Middleweek,bmiddleweek2y@fema.gov,Bigender,276237.84,10/1/2020,241.5,41331.34,0158431677
108,Suellen,Moorcroft,smoorcroft2z@hostgator.com,Bigender,202976.44,2/26/2020,292.31,5118.56,4820854429
109,Janetta,Teese,jteese30@shop-pro.jp,Male,104160.39,11/20/2020,85.8,25079.52,6636148209
110,Courtney,Massingham,cmassingham31@yolasite.com,Female,54084.8,8/28/2020,334.27,8746.02,6201007636
111,Fina,Skull,fskull32@constantcontact.com,Bigender,306754.21,2/6/2021,327.85,18375.91,0240190793
112,Burl,Cerro,bcerro33@nsw.gov.au,Agender,425317.79,8/16/2020,103.81,5570.53,6689393356
113,Tiphany,Giddons,tgiddons34@nyu.edu,Genderqueer,31167.76,12/7/2020,321.47,26135.65,8086725456
114,Reggi,Dassindale,rdassindale35@drupal.org,Polygender,177655.01,5/12/2020,370.25,47707.72,0753419815
115,Tammie,Kerrigan,tkerrigan36@cnet.com,Genderqueer,434205.34,5/7/2020,168.9,13487.69,4937596756
116,Judith,Thurner,jthurner37@foxnews.com,Bigender,312696.25,7/28/2020,364.87,18835.12,5544632782
117,Janet,Sparshutt,jsparshutt38@epa.gov,Genderqueer,175247.82,1/1/2021,144.84,28336.16,7195615871
118,Sherill,Tawn,stawn39@google.com,Genderfluid,404122.45,6/11/2020,172.43,37449.44,7978072940
119,Itch,Trenaman,itrenaman3a@behance.net,Bigender,489619.14,11/12/2020,2.51,11200.22,1186245379
120,Shannan,Pane,spane3b@nationalgeographic.com,Bigender,288339.07,10/7/2020,185.71,31204.31,0467957363
121,Emlyn,Wordesworth,ewordesworth3c@blog.com,Male,368160.82,4/23/2020,168.18,39005.98,3346305260
122,Gisela,Raymond,graymond3d@booking.com,Genderfluid,336045.56,12/1/2020,186.03,10043.85,4761466782
123,Trudey,Nassey,tnassey3e@typepad.com,Bigender,86447.03,7/6/2020,118.74,21915.81,8427912870
124,Estella,Ciementini,eciementini3f@answers.com,Genderqueer,110453.54,9/30/2020,157.96,45113.04,7786886893
125,Kippar,Gostall,kgostall3g@pinterest.com,Agender,131545.35,6/3/2020,46.87,21331.26,0765855607
126,Megen,Hassey,mhassey3h@howstuffworks.com,Male,484452.78,3/31/2020,200.7,26082.02,4371833160
127,Alia,Benns,abenns3i@techcrunch.com,Female,164745.94,7/1/2020,341.75,34042.28,0615682278
128,Abba,Brassill,abrassill3j@ibm.com,Female,201101.3,9/24/2020,338.37,2490.41,9333893792
129,Enrichetta,Islip,eislip3k@blogtalkradio.com,Bigender,256256.12,6/26/2020,259.61,20865.96,6797862523
130,Mariana,Dodgson,mdodgson3l@washingtonpost.com,Genderfluid,410176.87,9/18/2020,82.47,49376.29,2846698015
131,Pammie,Ambrogini,pambrogini3m@pen.io,Genderfluid,377287.31,3/8/2020,193.8,9472.02,0340098929
132,Bobinette,McSorley,bmcsorley3n@yellowbook.com,Bigender,206277.41,3/11/2020,401.22,45293.05,3402255731
133,Janel,Kleynermans,jkleynermans3o@hud.gov,Genderqueer,314982.97,9/16/2020,470.66,46785.04,3842810377
134,Biddy,Pietroni,bpietroni3p@home.pl,Bigender,291369.49,8/24/2020,201.46,20246.59,1248340701
135,Theodor,McGarel,tmcgarel3q@abc.net.au,Genderqueer,48920.23,6/23/2020,89.43,35856.66,5156005918
136,Niels,Rennick,nrennick3r@bloomberg.com,Male,406281.14,12/24/2020,265.42,8964.3,6823277793
137,Marya,Greschke,mgreschke3s@bloglines.com,Genderfluid,144918.62,9/6/2020,292.91,2770.29,9132248105
138,Francoise,Lerven,flerven3t@go.com,Agender,443173.62,6/24/2020,280.24,43060.41,9269123030
139,Celene,McClenaghan,cmcclenaghan3u@examiner.com,Genderfluid,43481.2,3/28/2020,184.7,38515.25,0909643482
140,Amil,Murtimer,amurtimer3v@meetup.com,Genderfluid,244221.75,6/27/2020,289.5,14918.46,9641564064
141,Jock,Coulthard,jcoulthard3w@nba.com,Male,176747.04,2/7/2021,477.75,33781.55,2684822123
142,Dorise,Panther,dpanther3x@opera.com,Agender,430088.51,10/18/2020,173.11,36932.08,8180357082
143,Dedra,Sallier,dsallier3y@theglobeandmail.com,Non-binary,266419.59,3/31/2020,390.02,32630.35,6911175062
144,Haskel,Tonn,htonn3z@liveinternet.ru,Genderqueer,403080.0,1/17/2021,464.1,14751.27,7651976606
145,Marylou,Swepson,mswepson40@howstuffworks.com,Female,207074.41,12/19/2020,52.85,20501.71,5212985927
146,Orland,Courtenay,ocourtenay41@imageshack.us,Polygender,159882.19,2/29/2020,471.59,43987.21,0102351988
147,Bren,Bassill,bbassill42@squarespace.com,Male,308265.86,11/18/2020,199.57,13131.61,4008959963
148,Douglass,Stainsby,dstainsby43@aboutads.info,Female,366941.83,2/13/2020,65.54,8074.73,3139273924
149,Jessamyn,Ansty,jansty44@msu.edu,Genderfluid,433363.0,10/1/2020,429.55,30086.86,3380251542
150,Emelen,Pomfret,epomfret45@umn.edu,Agender,17819.93,7/16/2020,455.09,2600.7,1695099508
151,Emmerich,Vella,evella46@amazon.co.uk,Non-binary,9447.24,4/15/2020,233.72,44045.5,1445736519
152,Annabel,Buyers,abuyers47@bing.com,Agender,388375.46,4/24/2020,114.65,39611.72,4179030993
153,Marshal,Kirstein,mkirstein48@xinhuanet.com,Bigender,302530.35,10/15/2020,208.93,45202.09,2408266491
154,Malena,Stanex,mstanex49@wikispaces.com,Genderfluid,1066.59,12/18/2020,303.51,47208.13,3104217793
155,Teodora,Bunyan,tbunyan4a@sogou.com,Genderqueer,271361.29,1/2/2021,3.97,2368.07,6479335546
156,Wilek,Fabler,wfabler4b@mozilla.org,Bigender,396739.41,4/13/2020,94.88,29056.03,8350239425
157,Brnaba,Sloegrave,bsloegrave4c@cyberchimps.com,Genderfluid,116410.06,7/5/2020,158.4,2521.15,5551845214
158,Vlad,Radki,vradki4d@cdbaby.com,Male,39430.06,9/30/2020,19.96,22190.09,2815690195
159,Bunnie,Janout,bjanout4e@walmart.com,Polygender,137050.3,10/15/2020,297.7,24440.05,9581105336
160,Hana,Doel,hdoel4f@ustream.tv,Genderqueer,271080.48,3/2/2020,221.31,45988.5,0859084515
161,Tulley,Ortelt,tortelt4g@google.it,Polygender,265718.4,12/24/2020,391.2,24431.99,1704535832
162,Patience,Larby,plarby4h@irs.gov,Bigender,356592.34,9/24/2020,315.69,9186.66,1911401793
163,Netty,Graveson,ngraveson4i@over-blog.com,Female,175432.23,12/10/2020,201.96,46038.36,9457276175
164,Juliette,Spondley,jspondley4j@eepurl.com,Bigender,1652.25,2/22/2020,332.8,43854.78,5910949586
165,Barb,Goozee,bgoozee4k@narod.ru,Bigender,314565.05,12/17/2020,144.5,10358.18,4315809322
166,Aindrea,Revel,arevel4l@multiply.com,Genderfluid,320906.23,12/25/2020,326.72,39909.78,2571146564
167,Brear,McClaurie,bmcclaurie4m@a8.net,Agender,174693.45,2/23/2020,95.82,28990.76,1858455146
168,Artemus,Robuchon,arobuchon4n@mysql.com,Female,388173.18,5/18/2020,35.62,12020.89,8732921918
169,Carmelina,de Broke,cdebroke4o@wiley.com,Genderfluid,476141.01,2/19/2020,181.22,15653.65,1045278734
170,Clarinda,Dawby,cdawby4p@booking.com,Genderfluid,130094.25,6/12/2020,316.6,36162.47,1036451585
171,Andromache,Vines,avines4q@buzzfeed.com,Female,382577.7,6/21/2020,204.28,21123.51,4690697426
172,Dino,Aspden,daspden4r@tiny.cc,Bigender,88002.39,3/28/2020,321.84,43588.41,6634302367
173,Cristine,Denzey,cdenzey4s@twitter.com,Non-binary,96976.51,6/9/2020,374.34,12312.16,8297906159
174,Ario,Binns,abinns4t@bluehost.com,Male,67088.47,5/8/2020,398.37,25569.72,7731489175
175,Francoise,Callear,fcallear4u@dmoz.org,Male,167272.7,6/23/2020,149.99,10088.18,9680683834
176,Domeniga,Drage,ddrage4v@bravesites.com,Polygender,207139.05,1/11/2021,280.98,10788.31,6124454416
177,Camella,MacCostye,cmaccostye4w@pagesperso-orange.fr,Non-binary,416536.38,1/17/2021,428.87,39369.19,4336689334
178,Dori,Seer,dseer4x@cmu.edu,Male,43749.8,6/7/2020,269.81,4626.25,1747311715
179,Erv,Gue,egue4y@prlog.org,Female,12009.49,8/11/2020,368.74,29036.2,2757233874
180,Duff,Cowell,dcowell4z@dyndns.org,Agender,118413.8,8/30/2020,325.66,32199.64,5944226684
181,Ethyl,Ambrosoli,eambrosoli50@ning.com,Male,266244.09,6/2/2020,433.05,46160.27,5332298587
182,Delora,Abys,dabys51@paginegialle.it,Female,377998.73,4/16/2020,138.98,21834.73,3682581170
183,Nickola,Eastmead,neastmead52@nih.gov,Genderqueer,190283.57,5/23/2020,16.49,25018.21,0247092568
184,Emlynne,Vanetti,evanetti53@scribd.com,Female,412404.0,11/1/2020,172.65,29399.09,1542050227
185,Parrnell,Sollitt,psollitt54@nydailynews.com,Genderfluid,423359.19,8/23/2020,236.66,28689.93,1378241576
186,Geno,Storrar,gstorrar55@hao123.com,Genderfluid,412718.95,12/23/2020,478.43,36794.6,8605015055
187,Derick,Lias,dlias56@un.org,Bigender,286132.0,6/1/2020,113.83,30226.53,6156212248
188,Marillin,Smurfit,msmurfit57@oaic.gov.au,Male,103600.1,7/5/2020,409.35,44393.03,3466525306
189,Chris,Jurasek,cjurasek58@census.gov,Genderqueer,498670.23,8/26/2020,318.32,6859.94,9767602402
190,Dode,Mayo,dmayo59@wisc.edu,Male,146063.51,3/4/2020,247.01,22979.03,3021916430
191,Pancho,Sanson,psanson5a@patch.com,Genderfluid,227260.19,3/29/2020,159.8,48224.27,6024808623
192,Hewet,Dreier,hdreier5b@ameblo.jp,Male,308740.93,5/13/2020,71.03,5163.39,5020985236
193,Aubree,Limpricht,alimpricht5c@nbcnews.com,Bigender,413012.45,4/20/2020,11.09,9619.86,2529111286
194,Goddart,Lodwig,glodwig5d@bandcamp.com,Genderfluid,214018.93,2/27/2020,439.55,30041.36,7141202250
195,Hilton,Cornelisse,hcornelisse5e@harvard.edu,Male,432501.94,10/2/2020,370.15,12755.69,5104851281
196,Felicdad,Utterson,futterson5f@addthis.com,Non-binary,182787.15,12/8/2020,164.95,35007.18,5754527330
197,Auroora,Rambadt,arambadt5g@ftc.gov,Female,37786.27,8/8/2020,133.15,27923.61,5632972240
198,Nelson,Huggen,nhuggen5h@barnesandnoble.com,Non-binary,418369.49,7/4/2020,314.63,34563.94,7039367882
199,Kerry,Germann,kgermann5i@unblog.fr,Female,475478.47,4/14/2020,61.18,7215.02,8335281262
200,Donavon,Stout,dstout5j@indiatimes.com,Bigender,226345.76,10/25/2020,95.71,15408.44,8809318331
201,Georgine,Oldroyde,goldroyde5k@booking.com,Genderfluid,489493.69,8/7/2020,12.92,27705.08,9109032355
202,Juan,Carluccio,jcarluccio5l@ted.com,Polygender,108385.91,9/8/2020,459.59,22756.42,1815680652
203,Fawn,Stripling,fstripling5m@wikipedia.org,Female,270749.65,3/25/2020,434.66,40065.4,0188746935
204,Chandler,McEntegart,cmcentegart5n@spotify.com,Bigender,451949.27,11/25/2020,64.52,23613.31,4835361822
205,Cicily,Rowbrey,crowbrey5o@ezinearticles.com,Female,113826.47,10/4/2020,2.76,2824.46,6082977319
206,Joella,Deyenhardt,jdeyenhardt5p@independent.co.uk,Female,172344.2,11/6/2020,156.56,9621.58,2561527042
207,Melody,Van Velde,mvanvelde5q@boston.com,Bigender,391582.94,7/12/2020,61.88,22645.31,5371505288
208,Farr,Breckwell,fbreckwell5r@umich.edu,Female,111122.35,8/4/2020,185.05,22001.9,6485131590
209,Mellisent,Aldwinckle,maldwinckle5s@mashable.com,Female,86843.65,7/2/2020,348.7,23398.76,2832007066
210,Andrea,Eldridge,aeldridge5t@tuttocitta.it,Male,218813.79,4/23/2020,304.4,34313.12,4347791682
211,Cristin,Haws,chaws5u@apple.com,Polygender,58392.68,4/23/2020,138.87,21236.12,3984138857
212,Rhoda,Megainey,rmegainey5v@networkadvertising.org,Male,363529.84,5/23/2020,432.65,19661.36,3853458874
213,Chantal,Bertomier,cbertomier5w@delicious.com,Polygender,466051.87,11/20/2020,156.07,5700.68,5906592024
214,Irwinn,Langtry,ilangtry5x@goo.ne.jp,Genderfluid,229517.89,8/27/2020,442.99,37654.83,4438987946
215,Ty,Fellow,tfellow5y@slate.com,Bigender,311089.43,12/13/2020,34.06,24155.32,1559619600
216,Herschel,Riditch,hriditch5z@typepad.com,Genderfluid,396346.55,9/20/2020,213.35,13035.08,5606341115
217,Gardner,Stockall,gstockall60@timesonline.co.uk,Agender,25022.24,3/26/2020,374.78,3294.5,4206706638
218,Timmy,Westberg,twestberg61@ucsd.edu,Bigender,28154.45,6/30/2020,326.45,31171.21,2833715978
219,Selia,Doggett,sdoggett62@canalblog.com,Non-binary,142429.86,10/15/2020,154.28,10290.42,2978330880
220,Rora,Hamor,rhamor63@cdbaby.com,Bigender,427524.25,7/4/2020,385.75,3215.33,2639933086
221,Danice,Elgood,delgood64@stumbleupon.com,Bigender,132728.04,2/28/2020,256.6,45594.38,2663147257
222,Catriona,Dmytryk,cdmytryk65@prnewswire.com,Genderqueer,164013.11,10/24/2020,48.75,14960.15,1944388370
223,Wallis,Langhorn,wlanghorn66@desdev.cn,Bigender,254920.34,2/29/2020,249.45,10119.42,5326823411
224,Gladi,Gowman,ggowman67@4shared.com,Male,68436.42,4/17/2020,491.41,28724.55,5319119011
225,Nial,Macenzy,nmacenzy68@creativecommons.org,Genderqueer,384368.78,3/13/2020,276.25,33326.42,0358204968
226,Ike,Louys,ilouys69@gmpg.org,Genderqueer,451629.34,10/7/2020,129.01,13504.42,4142639064
227,Dorine,Pobjay,dpobjay6a@unicef.org,Female,327896.48,7/25/2020,90.87,22715.92,4410517376
228,Virge,Olensby,volensby6b@sciencedirect.com,Non-binary,336228.57,2/29/2020,23.06,47209.42,0634571842
229,Odetta,Sharvill,osharvill6c@pinterest.com,Genderqueer,73365.6,9/16/2020,345.44,19060.76,1666323683
230,Sarena,Python,spython6d@reverbnation.com,Non-binary,384177.5,5/19/2020,105.25,6482.29,4772528679
231,Edouard,Shane,eshane6e@nps.gov,Agender,199284.62,11/3/2020,54.19,22136.94,4688445849
232,Atlante,Daggett,adaggett6f@hubpages.com,Bigender,451335.54,12/7/2020,339.37,39257.29,8793304196
233,Gilbert,Peegrem,gpeegrem6g@gov.uk,Polygender,298352.39,6/24/2020,193.55,6294.89,9755031030
234,Latrena,Forlong,lforlong6h@vistaprint.com,Agender,344722.51,8/3/2020,433.92,9590.82,1224076990
235,Pavlov,Benettolo,pbenettolo6i@spiegel.de,Polygender,290712.45,9/27/2020,112.62,19054.29,0792329392
236,Forester,Rodnight,frodnight6j@icio.us,Non-binary,162491.05,8/16/2020,41.85,7743.91,7589813958
237,Hermon,Kewley,hkewley6k@spiegel.de,Non-binary,268161.15,1/21/2021,212.32,39793.22,6798346871
238,Alonzo,Upston,aupston6l@ibm.com,Non-binary,493471.27,8/6/2020,54.48,43648.22,4773986670
239,Antonio,Pendry,apendry6m@ocn.ne.jp,Male,61357.99,11/28/2020,76.76,44857.32,1500145947
240,Tye,Grgic,tgrgic6n@nba.com,Polygender,266903.04,9/13/2020,177.7,5794.57,7773463026
241,Sharleen,Gretton,sgretton6o@studiopress.com,Non-binary,353536.26,1/11/2021,214.32,5318.78,0293548137
242,Mikael,Drysdell,mdrysdell6p@pbs.org,Non-binary,49422.46,7/23/2020,258.71,46677.64,2181802386
243,Holly-anne,Gallear,hgallear6q@columbia.edu,Agender,457082.33,6/23/2020,127.94,28348.47,1075946409
244,Danika,Georgot,dgeorgot6r@topsy.com,Female,306700.86,6/13/2020,324.19,45100.36,2256902188
245,Abeu,Bartholomaus,abartholomaus6s@google.com.hk,Bigender,247416.42,5/17/2020,24.49,48210.6,2302788974
246,Julianna,Dudhill,jdudhill6t@nsw.gov.au,Genderfluid,363149.0,6/4/2020,447.74,6820.29,4454456135
247,Sephira,Valentin,svalentin6u@yale.edu,Female,370659.94,9/4/2020,168.53,19719.72,5571996765
248,Marjy,Magnar,mmagnar6v@salon.com,Bigender,428164.92,12/21/2020,221.79,17083.75,2189628466
249,Deidre,Avramov,davramov6w@npr.org,Polygender,264457.03,8/11/2020,322.62,32269.79,1755249519
250,Ansel,Paynton,apaynton6x@reddit.com,Agender,71515.34,7/12/2020,37.85,42250.55,1809650305
251,Winonah,Rainer,wrainer6y@cdbaby.com,Bigender,92130.09,10/27/2020,412.99,41296.75,2356682317
252,Nathalie,Jordi,njordi6z@merriam-webster.com,Female,97122.17,5/2/2020,493.01,27140.54,1676463143
253,Junie,Woolger,jwoolger70@github.io,Non-binary,11254.28,4/8/2020,295.43,44341.05,5140410893
254,Stormie,Wincom,swincom71@auda.org.au,Female,438539.0,3/16/2020,145.19,9912.35,5393915640
255,Curry,Iacobo,ciacobo72@eventbrite.com,Bigender,308766.75,8/22/2020,468.1,2358.46,0301570345
256,Holli,Bishell,hbishell73@blinklist.com,Non-binary,191269.53,5/20/2020,364.64,6506.83,3527090134
257,Killie,Muzzullo,kmuzzullo74@reddit.com,Bigender,370573.05,4/27/2020,457.83,29465.01,9327375017
258,Brad,McKinless,bmckinless75@msn.com,Non-binary,242857.69,1/17/2021,495.87,46290.0,3415220605
259,Cristine,Scutt,cscutt76@cloudflare.com,Agender,219591.6,3/17/2020,168.96,7616.73,0531188434
260,Jedediah,Breckon,jbreckon77@dropbox.com,Polygender,427715.08,12/19/2020,324.71,9954.46,5590762669
261,Wolfy,MacRorie,wmacrorie78@twitter.com,Polygender,422645.93,8/18/2020,237.63,30564.11,4131866676
262,Maire,Plitz,mplitz79@a8.net,Non-binary,206929.97,7/30/2020,252.83,35314.66,0533690536
263,Peterus,Plail,pplail7a@nature.com,Genderfluid,152364.4,3/5/2020,117.51,15344.64,1554654459
264,Tiffie,Brunsdon,tbrunsdon7b@dell.com,Agender,337590.07,11/3/2020,451.49,10101.03,0873115481
265,Purcell,Chillistone,pchillistone7c@soup.io,Genderfluid,85998.24,3/1/2020,498.77,35715.24,6584579964
266,Ammamaria,Walker,awalker7d@examiner.com,Polygender,209618.07,8/31/2020,58.98,49655.0,0820003123
267,Pepita,Cassam,pcassam7e@github.com,Non-binary,98195.26,11/25/2020,316.88,902.08,7553138142
268,Eileen,Isted,eisted7f@quantcast.com,Polygender,311783.87,7/8/2020,281.66,17400.78,9755604529
269,Randolph,Porcher,rporcher7g@surveymonkey.com,Female,314673.21,2/1/2021,397.95,25282.4,5790588034
270,Peterus,Walshaw,pwalshaw7h@cnet.com,Polygender,373333.48,10/3/2020,78.62,28890.42,4722504660
271,Sheilakathryn,Maharey,smaharey7i@fc2.com,Bigender,195738.31,10/29/2020,92.5,24575.48,6109404586
272,Bryon,Biers,bbiers7j@stanford.edu,Genderqueer,273622.06,1/11/2021,361.98,35681.69,4537313943
273,Othilie,Guyet,oguyet7k@sohu.com,Agender,435251.46,6/18/2020,19.4,48193.66,1083280538
274,Carissa,Limerick,climerick7l@intel.com,Polygender,43466.51,4/11/2020,451.39,31850.4,2071363140
275,Mayor,Capin,mcapin7m@utexas.edu,Female,4616.29,3/2/2020,411.05,20160.99,6361344215
276,Adina,Gosneye,agosneye7n@free.fr,Polygender,342102.75,9/25/2020,432.26,16477.72,4801247318
277,Ralf,O'Grogane,rogrogane7o@sourceforge.net,Polygender,76901.41,9/29/2020,246.07,42218.44,0811554384
278,Kaile,Warin,kwarin7p@icq.com,Genderqueer,225491.6,9/5/2020,492.03,9978.19,7976693263
279,Viviene,Wooler,vwooler7q@tmall.com,Non-binary,197545.69,3/10/2020,116.3,19380.74,6431637860
280,Thadeus,MacSkeaghan,tmacskeaghan7r@tinyurl.com,Agender,188707.36,12/5/2020,164.78,20489.67,6270279496
281,Boycey,Guido,bguido7s@unesco.org,Polygender,31827.13,9/17/2020,318.55,14976.81,6632035914
282,Ilse,Cassells,icassells7t@microsoft.com,Female,347953.26,7/19/2020,431.94,22243.41,0787289639
283,Florian,Fourcade,ffourcade7u@answers.com,Female,412666.6,8/9/2020,302.42,45864.58,4322202721
284,Yank,Mettrick,ymettrick7v@diigo.com,Male,180495.62,5/8/2020,52.21,42557.96,6357873780
285,Leonidas,Lingner,llingner7w@mediafire.com,Polygender,381792.91,6/20/2020,95.11,37021.45,8725523236
286,Arleyne,Pollicatt,apollicatt7x@cyberchimps.com,Agender,283365.11,8/19/2020,297.35,22465.82,0950865494
287,Nessy,Outlaw,noutlaw7y@qq.com,Genderfluid,159937.08,3/1/2020,156.36,8299.87,0350989737
288,Andrea,Lloyds,alloyds7z@microsoft.com,Male,60269.15,3/21/2020,150.73,21093.63,7367054783
289,Bradan,Neilands,bneilands80@patch.com,Genderqueer,195826.3,1/23/2021,488.36,39859.86,9893878233
290,Davidde,Grichukhanov,dgrichukhanov81@ed.gov,Male,413855.61,3/23/2020,132.92,30574.28,6315634680
291,Coop,Harry,charry82@ustream.tv,Male,340225.1,5/25/2020,245.02,20422.73,8413709385
292,Bette-ann,Bridge,bbridge83@bravesites.com,Polygender,280117.06,12/12/2020,379.94,10900.14,9437070350
293,Petronia,Shorto,pshorto84@amazonaws.com,Agender,267788.2,3/18/2020,434.61,4804.28,0709787588
294,Felecia,Medler,fmedler85@who.int,Non-binary,305798.84,7/18/2020,148.68,37114.94,4147233120
295,My,Sibylla,msibylla86@amazon.com,Genderqueer,6917.56,8/17/2020,240.28,25080.74,3136811097
296,Cos,Oakly,coakly87@g.co,Genderfluid,337696.01,2/27/2020,240.16,21995.52,0954880560
297,Cherice,Shackell,cshackell88@1688.com,Bigender,79024.0,9/19/2020,469.67,17770.45,5932753811
298,Dell,Collingworth,dcollingworth89@nymag.com,Female,33126.78,11/27/2020,148.87,49521.64,7414516040
299,Carmelia,Trunchion,ctrunchion8a@netlog.com,Polygender,96195.08,12/26/2020,262.63,24583.31,5632912736
300,Korney,Ghiroldi,kghiroldi8b@sciencedaily.com,Polygender,482339.02,1/25/2021,488.03,29837.77,5500328484
301,Vernice,Claus,vclaus8c@webs.com,Bigender,166144.0,12/22/2020,159.84,10243.94,5576712080
302,Amandy,Croisdall,acroisdall8d@reddit.com,Male,17406.28,8/18/2020,269.33,39648.26,1508194084
303,Leonard,Read,lread8e@nifty.com,Genderqueer,138993.45,9/11/2020,242.79,10731.64,3875859537
304,Carlita,Sandcroft,csandcroft8f@facebook.com,Non-binary,298924.33,2/27/2020,143.37,2907.73,3319231529
305,Jacqui,Bartusek,jbartusek8g@patch.com,Bigender,26389.85,3/27/2020,104.56,3474.58,1417342080
306,Virginie,Bow,vbow8h@howstuffworks.com,Bigender,280474.08,12/15/2020,290.32,27101.82,9344579709
307,Fulton,Heeps,fheeps8i@stanford.edu,Polygender,338467.59,9/4/2020,199.74,23044.34,6579546689
308,Merell,Ashworth,mashworth8j@paypal.com,Non-binary,261091.75,4/28/2020,294.38,14995.96,2408313775
309,Oliviero,Grewar,ogrewar8k@boston.com,Agender,498718.53,2/28/2020,37.99,31477.49,0466491670
310,Erv,Whitney,ewhitney8l@ft.com,Bigender,86384.62,11/18/2020,265.19,46468.6,0600321924
311,Adelaide,Goathrop,agoathrop8m@slashdot.org,Agender,91801.06,8/18/2020,24.97,26271.57,9439596945
312,Bessie,Bartosik,bbartosik8n@csmonitor.com,Polygender,438342.13,4/9/2020,446.17,47182.33,3629203051
313,Greg,Pohls,gpohls8o@paginegialle.it,Genderfluid,478891.61,11/27/2020,353.94,4039.58,3738418016
314,Malissa,Cawsy,mcawsy8p@deviantart.com,Non-binary,78878.46,1/4/2021,487.64,46948.31,9158392866
315,Donaugh,McAvaddy,dmcavaddy8q@twitter.com,Bigender,266646.11,12/29/2020,162.07,9808.21,5646113989
316,Gabriello,Shropshire,gshropshire8r@opera.com,Agender,6436.27,3/4/2020,251.61,10909.02,1508945489
317,Hailey,Gopsell,hgopsell8s@sina.com.cn,Male,236695.35,12/2/2020,343.63,17767.6,2814367390
318,Prudi,Sorley,psorley8t@smugmug.com,Male,481008.5,5/20/2020,410.02,1831.87,2031377116
319,Shellie,Madgwick,smadgwick8u@t.co,Polygender,152852.38,8/3/2020,138.22,45747.65,0096867477
320,Joshua,Easeman,jeaseman8v@dailymail.co.uk,Male,200465.96,9/5/2020,270.7,31329.26,9424240910
321,Nealon,Cramp,ncramp8w@newsvine.com,Female,75327.09,9/24/2020,63.27,4573.7,7983076215
322,Jessamyn,Mault,jmault8x@hud.gov,Bigender,249744.89,12/27/2020,199.48,33994.91,5929873631
323,Gale,des Remedios,gdesremedios8y@earthlink.net,Female,212012.27,11/20/2020,36.6,29345.73,8633310473
324,Marris,Neary,mneary8z@marriott.com,Genderqueer,494791.5,8/29/2020,229.42,21117.96,6391645353
325,Zane,Dubber,zdubber90@shutterfly.com,Non-binary,399003.55,9/13/2020,81.24,19234.09,2606118774
326,Egan,Van Der Weedenburg,evanderweedenburg91@comcast.net,Polygender,201017.94,12/2/2020,242.18,25337.72,3633025138
327,Desiree,Gillis,dgillis92@wired.com,Non-binary,159624.09,3/31/2020,135.75,39624.07,5030836055
328,Valma,Walklett,vwalklett93@bloomberg.com,Male,47247.92,8/9/2020,495.4,14323.26,7257132542
329,Malvina,Rude,mrude94@abc.net.au,Polygender,107952.14,12/5/2020,298.29,27935.43,6233166926
330,Corrie,Whithorn,cwhithorn95@desdev.cn,Bigender,49779.62,8/16/2020,442.04,33585.54,8345670865
331,Dan,Mongeot,dmongeot96@a8.net,Non-binary,188520.63,5/29/2020,376.63,40525.2,2067924176
332,Rosaline,Woodthorpe,rwoodthorpe97@lycos.com,Male,492831.17,9/17/2020,418.54,5443.28,6895599851
333,Dasi,Dawton,ddawton98@odnoklassniki.ru,Bigender,257775.18,10/24/2020,126.75,36398.99,4746694435
334,Roger,McKeaney,rmckeaney99@networkadvertising.org,Genderqueer,331774.87,3/28/2020,9.93,46421.22,6361164837
335,Viva,Hornbuckle,vhornbuckle9a@bloomberg.com,Non-binary,208048.35,11/12/2020,190.37,11058.32,5124234377
336,Gearard,MacKibbon,gmackibbon9b@delicious.com,Bigender,289207.45,3/14/2020,176.18,49329.41,5966438722
337,Tiertza,Sammes,tsammes9c@japanpost.jp,Genderqueer,296364.27,6/30/2020,281.22,25423.1,1668369206
338,Kim,Jesson,kjesson9d@nifty.com,Polygender,374795.7,3/11/2020,127.54,25878.41,7659457179
339,Anne,Shallow,ashallow9e@samsung.com,Female,23715.75,3/8/2020,482.61,46844.52,2310251380
340,Hollis,Fullylove,hfullylove9f@hubpages.com,Male,215131.88,9/25/2020,266.23,23504.85,4386824987
341,Granny,Vowdon,gvowdon9g@army.mil,Agender,337464.55,2/2/2021,57.76,36140.33,9559064843
342,Dennie,Hellings,dhellings9h@blinklist.com,Polygender,248033.48,5/9/2020,83.73,43472.32,1010810162
343,Ivar,Nicely,inicely9i@de.vu,Polygender,191783.68,5/13/2020,17.32,34041.92,6402048356
344,George,Checchetelli,gchecchetelli9j@google.com.au,Genderqueer,31640.25,6/29/2020,431.66,34203.74,1701820897
345,Blondelle,Philpault,bphilpault9k@youtube.com,Agender,88140.0,7/18/2020,191.9,48799.05,2345693045
346,Margaretha,Laidler,mlaidler9l@spiegel.de,Genderqueer,121999.65,12/22/2020,137.57,38913.07,9333866833
347,Bren,Shenfisch,bshenfisch9m@twitpic.com,Bigender,423901.37,3/7/2020,433.44,49465.33,5190224406
348,Curtice,Bonwell,cbonwell9n@msn.com,Genderqueer,443411.0,4/26/2020,310.44,18786.26,4571591152
349,Winifield,Kohen,wkohen9o@geocities.jp,Genderqueer,432542.64,2/23/2020,472.13,25575.4,6904824735
350,Marney,Gregorowicz,mgregorowicz9p@constantcontact.com,Non-binary,167655.61,7/12/2020,1.85,9109.16,1983564613
351,Ambrose,Vance,avance9q@angelfire.com,Male,211971.67,1/18/2021,126.88,47803.52,2427591947
352,Pollyanna,Le Grys,plegrys9r@soundcloud.com,Agender,22390.95,7/13/2020,278.59,10355.37,3798793948
353,Enrichetta,Bosenworth,ebosenworth9s@java.com,Male,407984.52,1/16/2021,278.54,7984.79,0952140314
354,Silvain,Baughn,sbaughn9t@businesswire.com,Female,81679.07,12/9/2020,343.24,23248.02,3012859535
355,Gussy,Codd,gcodd9u@indiegogo.com,Genderfluid,27081.16,10/22/2020,376.24,32783.28,1300298448
356,Rafaello,Ace,race9v@oaic.gov.au,Agender,98835.35,10/25/2020,451.17,11706.5,2090255889
357,Octavia,Heliet,oheliet9w@cam.ac.uk,Agender,73812.34,11/9/2020,443.85,24412.93,9973903390
358,Reyna,Scohier,rscohier9x@microsoft.com,Genderfluid,485179.15,3/3/2020,146.71,32994.23,6059673694
359,Virgina,Todarini,vtodarini9y@yale.edu,Polygender,51883.23,9/28/2020,400.44,17487.54,6304737602
360,Aldon,Keemar,akeemar9z@smh.com.au,Female,345708.38,2/6/2021,129.79,2295.03,9448807678
361,Yard,O'Breen,yobreena0@paypal.com,Polygender,363717.29,11/26/2020,270.49,3412.84,5789521282
362,Brigid,Clunie,bcluniea1@ocn.ne.jp,Non-binary,298734.8,4/12/2020,216.41,8491.62,0068405308
363,Lauretta,Form,lforma2@cisco.com,Female,67781.42,1/11/2021,126.73,27546.22,0474650022
364,Dell,Denecamp,ddenecampa3@twitter.com,Female,431496.04,11/19/2020,252.52,17350.38,7167798533
365,Worth,Samber,wsambera4@netvibes.com,Genderqueer,317775.99,12/4/2020,374.65,43532.43,8716027523
366,Suki,Shattock,sshattocka5@blogtalkradio.com,Polygender,149985.91,4/18/2020,166.27,38210.04,9706002871
367,Stearne,Chiene,schienea6@bravesites.com,Female,22832.43,9/6/2020,191.57,19439.12,7717391929
368,Leda,Gidden,lgiddena7@hp.com,Agender,121474.32,7/31/2020,115.02,41784.13,7611225545
369,Norbert,Evetts,nevettsa8@stanford.edu,Bigender,129642.67,11/5/2020,452.2,20946.83,4606222506
370,Callie,Bakeup,cbakeupa9@behance.net,Non-binary,445568.85,9/20/2020,167.94,37985.61,0973362790
371,Elianore,Cranney,ecranneyaa@chronoengine.com,Genderqueer,7396.78,11/9/2020,162.11,155.82,0452155770
372,Marguerite,Kelcey,mkelceyab@youtu.be,Non-binary,418326.06,7/16/2020,79.55,47813.23,4756728022
373,Kissie,Mingauld,kmingauldac@histats.com,Polygender,276402.02,10/16/2020,416.78,34457.93,1032495146
374,Aloin,Rockey,arockeyad@unblog.fr,Non-binary,164436.08,3/2/2020,380.81,7868.19,5532300038
375,Wendel,Whittlesey,wwhittleseyae@wufoo.com,Genderfluid,17050.03,2/13/2020,96.63,21677.65,4004901340
376,Bea,Judkin,bjudkinaf@nhs.uk,Female,399556.82,9/18/2020,59.24,33954.41,6249868186
377,Jacklyn,Langley,jlangleyag@51.la,Agender,397922.37,9/7/2020,174.24,39182.89,1433273756
378,Colas,Penke,cpenkeah@booking.com,Non-binary,251496.57,11/28/2020,476.87,46264.91,1828359262
379,Alano,Adamsky,aadamskyai@newsvine.com,Genderqueer,213896.46,12/7/2020,448.97,38016.18,5537724529
380,Delmar,Dillamore,ddillamoreaj@uol.com.br,Male,204949.78,9/6/2020,157.36,24181.8,5755019045
381,Hermina,Baudinot,hbaudinotak@salon.com,Female,318571.35,11/10/2020,108.09,15530.59,7458089008
382,Karlen,Lelliott,klelliottal@soup.io,Bigender,428174.0,8/17/2020,250.07,41170.43,2666419819
383,Yardley,Anersen,yanersenam@eventbrite.com,Male,57988.88,9/12/2020,283.84,6428.34,2800337680
384,Michail,Oultram,moultraman@ibm.com,Male,488500.21,5/13/2020,441.22,24434.01,5456639807
385,Nerty,Shoute,nshouteao@people.com.cn,Non-binary,226544.23,5/5/2020,300.31,8591.62,2645328571
386,Adler,Sindle,asindleap@amazon.co.jp,Agender,22024.3,3/27/2020,115.17,36465.41,8377673630
387,Megen,Bruckenthal,mbruckenthalaq@yellowbook.com,Genderqueer,131676.96,5/31/2020,384.0,30319.55,9010827135
388,Weston,Damerell,wdamerellar@ihg.com,Genderfluid,234102.36,1/11/2021,472.16,20492.7,2741234582
389,Lenore,Badwick,lbadwickas@hubpages.com,Female,296544.58,8/21/2020,51.13,24.94,3187991424
390,Fifine,O'Spellissey,fospellisseyat@ihg.com,Non-binary,169714.01,9/16/2020,214.87,24586.14,0781717736
391,Roley,Meijer,rmeijerau@pinterest.com,Genderqueer,309216.53,1/24/2021,443.17,21277.38,0995839468
392,Elbert,Coldbreath,ecoldbreathav@globo.com,Male,164786.61,4/7/2020,424.99,434.78,8806398652
393,Borg,Yorath,byorathaw@cnet.com,Agender,498744.7,1/15/2021,266.79,45084.89,2833083343
394,Lind,Pauwel,lpauwelax@europa.eu,Genderfluid,30155.89,5/19/2020,241.59,36622.51,7726065141
395,Trenna,Parnaby,tparnabyay@newyorker.com,Female,365123.56,8/14/2020,431.56,14105.77,8293504536
396,Magdalen,Rew,mrewaz@rediff.com,Genderfluid,434093.99,9/20/2020,424.32,48269.61,5138165828
397,Britte,Woolcocks,bwoolcocksb0@dailymotion.com,Female,404656.2,10/16/2020,186.05,9433.5,0763969249
398,Felipa,Marcombe,fmarcombeb1@toplist.cz,Non-binary,151147.4,1/29/2021,472.94,44909.11,1872529690
399,Gwendolin,Oxlade,goxladeb2@bigcartel.com,Genderqueer,499776.76,5/29/2020,182.49,6209.84,8439516436
400,Belle,Worton,bwortonb3@arizona.edu,Agender,148628.32,9/5/2020,495.0,26049.1,0505629232
401,Lucina,Crace,lcraceb4@examiner.com,Female,77320.24,8/27/2020,429.04,33722.17,5385637416
402,Diane-marie,Neads,dneadsb5@springer.com,Non-binary,141217.65,8/23/2020,304.22,10379.37,7468164320
403,Fifine,MacCosto,fmaccostob6@webmd.com,Male,222802.55,5/8/2020,334.06,22985.34,6804216407
404,Moina,Shepard,mshepardb7@yelp.com,Female,192486.89,8/15/2020,360.28,28825.84,2264557613
405,Maximilian,Fourman,mfourmanb8@mail.ru,Male,21748.31,11/25/2020,228.83,47413.95,9263474516
406,Donni,Cassin,dcassinb9@sphinn.com,Agender,490299.47,10/27/2020,76.45,12520.93,1608020363
407,Ivor,Earland,iearlandba@tripod.com,Non-binary,294965.73,11/22/2020,244.55,42466.75,6692221641
408,Eulalie,Dikelin,edikelinbb@about.com,Polygender,425098.53,2/26/2020,134.79,12006.62,8375824178
409,Felicity,Mityashin,fmityashinbc@msn.com,Genderfluid,376388.73,8/18/2020,459.6,30577.38,8293747161
410,Jolie,Weight,jweightbd@mapquest.com,Male,247576.05,2/23/2020,427.47,33146.84,1440952167
411,Thaxter,Tarbard,ttarbardbe@altervista.org,Genderqueer,19023.66,11/27/2020,492.32,7116.31,8888524428
412,Hashim,Doonican,hdoonicanbf@imageshack.us,Genderqueer,430963.23,5/10/2020,68.67,41098.16,8196942567
413,Beth,Goudman,bgoudmanbg@rediff.com,Female,357725.57,2/24/2020,104.46,43758.93,0787377430
414,Kliment,Prott,kprottbh@ca.gov,Non-binary,495071.36,7/2/2020,59.54,21380.4,3888677041
415,Portie,Rathke,prathkebi@ezinearticles.com,Polygender,465498.39,12/29/2020,121.98,26709.18,0503073644
416,Antoinette,Neylan,aneylanbj@webmd.com,Male,85220.75,11/23/2020,43.9,4253.84,2640951629
417,Chelsey,Stedman,cstedmanbk@techcrunch.com,Bigender,382334.02,6/24/2020,39.63,33696.82,8743910874
418,Kev,Wysome,kwysomebl@photobucket.com,Polygender,362723.29,10/19/2020,308.54,10738.65,6748633478
419,Elsa,Minithorpe,eminithorpebm@reference.com,Polygender,137343.56,1/29/2021,325.21,47908.44,8292163336
420,Merle,Filoniere,mfilonierebn@pcworld.com,Bigender,206144.59,5/9/2020,438.88,44607.07,3141604398
421,Ladonna,Aberkirdo,laberkirdobo@zdnet.com,Polygender,43208.03,3/13/2020,174.09,16493.58,6633948794
422,Mabelle,Gonnel,mgonnelbp@constantcontact.com,Bigender,351721.53,8/25/2020,198.67,22433.42,0584378416
423,Mac,Allom,mallombq@hud.gov,Female,196983.63,3/24/2020,406.24,5716.35,3651403637
424,Bartholemy,Molder,bmolderbr@shutterfly.com,Genderqueer,88002.37,2/4/2021,197.77,23073.08,9559859471
425,Violet,Cumes,vcumesbs@hc360.com,Male,371175.76,9/29/2020,149.28,25247.08,2991796332
426,Maisie,Leneham,mlenehambt@is.gd,Bigender,64275.35,1/5/2021,278.05,34383.81,6606897483
427,Darb,Gianasi,dgianasibu@pen.io,Polygender,102818.88,6/6/2020,136.6,4176.43,3917599821
428,Daisie,Menary,dmenarybv@bloglovin.com,Genderfluid,394199.66,7/26/2020,403.76,18464.57,2424239975
429,Pernell,Austwick,paustwickbw@hc360.com,Agender,329096.0,11/3/2020,29.68,40078.27,5431405365
430,Valenka,Tolchard,vtolchardbx@mapquest.com,Non-binary,135508.39,9/7/2020,446.54,20264.77,4174438927
431,Ezmeralda,Milksop,emilksopby@hud.gov,Agender,306521.97,3/20/2020,43.83,16244.47,4232968466
432,Kizzie,Caudrelier,kcaudrelierbz@tripod.com,Male,246485.68,2/3/2021,180.91,9189.67,0757565921
433,Erin,Mazonowicz,emazonowiczc0@stanford.edu,Genderqueer,427140.63,4/29/2020,209.64,45435.0,3392192600
434,Errol,Wringe,ewringec1@over-blog.com,Genderqueer,265158.4,8/14/2020,282.42,8522.5,5432723093
435,Yancy,Phripp,yphrippc2@spiegel.de,Non-binary,133376.09,12/14/2020,204.3,12029.99,3164332653
436,Belicia,Leishman,bleishmanc3@woothemes.com,Polygender,23731.9,2/23/2020,307.25,1777.86,9920761982
437,Kippy,Cornthwaite,kcornthwaitec4@bbc.co.uk,Female,461804.46,7/22/2020,213.25,49528.91,0097557692
438,Valencia,Arnowitz,varnowitzc5@altervista.org,Genderqueer,60590.81,5/4/2020,87.26,19370.97,4151227881
439,Emelia,Phettiplace,ephettiplacec6@squidoo.com,Genderfluid,138721.19,10/4/2020,221.47,39413.94,0196567726
440,Alexina,Beare,abearec7@vistaprint.com,Genderfluid,444629.0,11/6/2020,410.73,13341.68,5321751021
441,Alley,Lacey,alaceyc8@techcrunch.com,Polygender,129140.97,8/5/2020,119.64,31289.25,2975986807
442,Lissy,Hadgraft,lhadgraftc9@diigo.com,Agender,280122.77,10/13/2020,467.96,37901.96,4855729280
443,Jeanelle,Gloy,jgloyca@netlog.com,Polygender,161526.12,8/18/2020,448.23,36787.44,3524218849
444,Iggy,Daverin,idaverincb@berkeley.edu,Male,75262.43,9/22/2020,417.49,4281.11,5701978656
445,Tedd,Neary,tnearycc@blog.com,Genderqueer,271219.8,6/1/2020,362.57,237.46,5436202764
446,Dolf,Rasher,drashercd@biblegateway.com,Male,197963.38,9/24/2020,123.2,10117.03,4414430755
447,Barret,Everleigh,beverleighce@apple.com,Genderfluid,138453.82,4/1/2020,261.36,5346.34,2996920279
448,Robb,Liveing,rliveingcf@wikipedia.org,Agender,40565.81,5/25/2020,143.62,39214.24,4416475446
449,Christine,Seedull,cseedullcg@youtu.be,Female,310032.27,4/13/2020,479.95,47542.22,1937809927
450,Henderson,Nice,hnicech@wix.com,Male,18325.57,1/16/2021,434.06,20035.58,0977480097
451,Hervey,Boggs,hboggsci@posterous.com,Bigender,26647.1,9/2/2020,169.44,918.7,1112031413
452,Vickie,Sothern,vsotherncj@princeton.edu,Polygender,494931.0,4/16/2020,324.91,1488.43,4312298742
453,Lurette,Sebright,lsebrightck@businessweek.com,Non-binary,134988.33,8/24/2020,338.05,16292.32,3635980110
454,Walton,Fibbens,wfibbenscl@printfriendly.com,Genderfluid,410347.28,10/2/2020,274.42,43369.72,2425486399
455,Graig,Vasin,gvasincm@wired.com,Agender,359961.37,4/22/2020,429.49,22528.29,3881439773
456,Devora,Dalliwatr,ddalliwatrcn@telegraph.co.uk,Genderqueer,107645.74,9/16/2020,485.4,16194.02,1046532898
457,Lamond,Dowsing,ldowsingco@scribd.com,Bigender,418032.08,2/19/2020,266.58,19510.47,3264722232
458,Rafaelia,Comellini,rcomellinicp@wikimedia.org,Female,358255.51,12/25/2020,9.48,21228.32,1922888966
459,Wittie,Cargon,wcargoncq@yahoo.com,Genderqueer,44969.19,2/13/2020,293.93,40337.21,1977295290
460,Giana,Ridett,gridettcr@time.com,Genderfluid,318636.75,1/29/2021,246.03,15688.17,6304596073
461,Violetta,Weatherdon,vweatherdoncs@slate.com,Non-binary,358561.27,10/9/2020,361.27,12844.53,4392363740
462,Quinn,Niesing,qniesingct@globo.com,Male,251173.05,7/13/2020,476.07,47634.32,7424593153
463,Joellyn,Croose,jcroosecu@ow.ly,Genderqueer,298711.28,2/15/2020,455.81,40846.01,1420585347
464,Jo ann,Cully,jcullycv@yelp.com,Non-binary,375858.62,6/21/2020,169.51,38720.28,2160950777
465,Lory,Potteridge,lpotteridgecw@nba.com,Genderfluid,415392.53,10/6/2020,184.3,28616.15,6706395609
466,Julee,Reilingen,jreilingencx@washington.edu,Non-binary,307590.33,1/14/2021,190.9,27653.05,2400652473
467,Warner,Hallbord,whallbordcy@answers.com,Non-binary,194856.34,8/16/2020,123.92,20398.22,6457712525
468,Carolin,Labon,claboncz@hibu.com,Female,73584.1,8/31/2020,176.42,652.2,3878559682
469,Aylmar,Muzzini,amuzzinid0@altervista.org,Agender,160282.19,2/13/2020,28.28,28841.26,6489823225
470,Annis,Sowter,asowterd1@hugedomains.com,Female,316934.63,10/5/2020,490.46,19539.94,3456543379
471,Jonis,Childes,jchildesd2@fc2.com,Male,139532.13,6/9/2020,167.53,43081.14,0532506243
472,Tabatha,Cypler,tcyplerd3@sakura.ne.jp,Polygender,124040.86,12/17/2020,172.77,17031.45,0583090966
473,Ave,Hasluck,ahasluckd4@uol.com.br,Genderfluid,175044.89,9/14/2020,100.43,14427.07,7477965519
474,Port,Pollie,ppollied5@tripadvisor.com,Non-binary,323849.4,6/18/2020,293.63,46125.73,4563297143
475,Bradan,Kingswell,bkingswelld6@comcast.net,Genderfluid,495632.53,10/1/2020,122.15,41330.78,6716424466
476,Milton,Cicculini,mcicculinid7@pagesperso-orange.fr,Non-binary,304253.6,7/13/2020,238.66,36046.79,4801330185
477,Kathryne,Sebley,ksebleyd8@wikispaces.com,Non-binary,413988.53,11/25/2020,182.57,37526.88,0156180960
478,Kiah,Yates,kyatesd9@weather.com,Agender,149002.78,9/24/2020,40.13,49263.86,3941102958
479,Edsel,Joincey,ejoinceyda@clickbank.net,Genderqueer,490116.31,2/9/2020,203.63,2335.25,3728526347
480,Corrine,Depke,cdepkedb@wiley.com,Male,278006.84,12/5/2020,362.37,9947.8,7062532444
481,Maurise,Menloe,mmenloedc@sina.com.cn,Genderfluid,424829.34,10/25/2020,344.6,42540.37,4618734027
482,Nita,Clampett,nclampettdd@redcross.org,Polygender,386721.64,8/8/2020,364.84,47285.5,1121331319
483,Christopher,Beretta,cberettade@mozilla.org,Bigender,55163.45,7/2/2020,32.91,45998.41,3779031760
484,Sean,Chantrell,schantrelldf@dailymotion.com,Non-binary,85656.22,11/1/2020,96.87,1276.64,5547994391
485,Keely,Aisthorpe,kaisthorpedg@tamu.edu,Female,155663.75,9/17/2020,447.55,25015.3,7478420915
486,Felice,Graddon,fgraddondh@ucoz.com,Polygender,148145.56,2/5/2021,176.08,27944.5,9814924237
487,Dodie,Eaden,deadendi@vk.com,Genderqueer,446527.02,4/2/2020,215.51,30431.03,4060592935
488,Sylvia,D'Avaux,sdavauxdj@yellowpages.com,Agender,408984.16,4/24/2020,81.77,33641.56,5733303557
489,Brett,Aveyard,baveyarddk@fc2.com,Female,337286.55,11/25/2020,375.34,45741.69,8635953371
490,Jennette,Murty,jmurtydl@diigo.com,Bigender,75146.45,8/13/2020,222.91,45427.23,1582356025
491,Ferdy,Fuente,ffuentedm@uol.com.br,Female,161264.66,1/9/2021,86.92,4683.36,7644970118
492,Marketa,Gannaway,mgannawaydn@mail.ru,Agender,69399.5,10/30/2020,281.94,28906.89,7422681497
493,Jarred,Aylward,jaylwarddo@seattletimes.com,Genderfluid,17827.65,7/1/2020,199.67,2340.8,4763565524
494,Cynthia,Coal,ccoaldp@slate.com,Bigender,188154.08,3/13/2020,321.7,15937.27,7727993042
495,Rayner,Barrabeale,rbarrabealedq@huffingtonpost.com,Polygender,386685.38,1/22/2021,436.51,8894.86,8378844005
496,Alia,Normanton,anormantondr@edublogs.org,Polygender,61876.54,12/12/2020,30.12,2838.38,0366887076
497,Hortensia,Udell,hudellds@issuu.com,Female,470793.88,5/27/2020,497.14,33575.23,1256046078
498,Moyna,Dittson,mdittsondt@usda.gov,Genderqueer,435531.63,5/21/2020,310.84,4812.55,8292452044
499,Alvinia,Atyeo,aatyeodu@google.es,Male,399562.3,11/14/2020,417.14,10785.21,4193243486
500,Ernesto,McGookin,emcgookindv@ning.com,Agender,428431.77,12/26/2020,256.5,49882.16,8349128089
501,Darrell,Saben,dsabendw@howstuffworks.com,Female,199160.95,7/12/2020,74.84,46239.85,0332339890
502,Gustie,Atcock,gatcockdx@slashdot.org,Genderqueer,150133.16,10/23/2020,129.45,13500.43,3679083793
503,Yvonne,Gerardot,ygerardotdy@ucoz.ru,Agender,180590.49,5/30/2020,389.65,22675.92,2844354130
504,Carmelita,Pristnor,cpristnordz@desdev.cn,Genderfluid,319804.49,10/12/2020,429.48,11498.72,3433839778
505,Jerad,Ouldcott,jouldcotte0@mtv.com,Genderqueer,183645.34,4/25/2020,178.4,26668.15,2857632401
506,Clotilda,Extil,cextile1@ow.ly,Polygender,172994.12,9/9/2020,479.53,11403.05,9834915543
507,Dugald,Rubbert,drubberte2@ning.com,Bigender,283236.8,2/5/2021,361.84,34403.77,6736431409
508,Loni,Schutt,lschutte3@va.gov,Female,227016.84,3/4/2020,435.04,26960.83,2879759137
509,Tedd,Guiet,tguiete4@163.com,Female,407309.57,2/12/2020,62.72,40166.29,3098322985
510,Bartholemy,Rabbet,brabbete5@blogspot.com,Non-binary,48933.24,6/18/2020,82.69,46099.79,0365743410
511,Ravid,Gaskoin,rgaskoine6@mayoclinic.com,Agender,364254.94,6/18/2020,490.14,41671.01,9020251260
512,Terry,Hazelby,thazelbye7@house.gov,Non-binary,425366.36,1/25/2021,318.3,36633.21,5954353565
513,Clementine,Patchett,cpatchette8@fda.gov,Bigender,97847.44,5/8/2020,131.65,29266.97,8923749141
514,Junie,Chasson,jchassone9@indiegogo.com,Female,465630.44,12/9/2020,443.9,38327.59,6667018153
515,Marcia,Rammell,mrammellea@drupal.org,Male,103272.83,9/26/2020,394.49,35230.51,4366904446
516,Florence,Frears,ffrearseb@vinaora.com,Agender,478030.06,4/8/2020,145.71,17686.45,3666442293
517,Nevin,Byer,nbyerec@themeforest.net,Bigender,309968.08,8/29/2020,495.42,38929.72,6371103172
518,Merrill,Hordle,mhordleed@adobe.com,Bigender,149399.24,2/8/2021,138.27,21566.88,1616438991
519,Eddie,Collumbell,ecollumbellee@technorati.com,Bigender,331457.95,6/24/2020,61.09,48284.1,0243703090
520,Alexi,Brient,abrientef@mediafire.com,Non-binary,249574.13,4/20/2020,258.05,709.89,8860293553
521,Livvy,Bosley,lbosleyeg@topsy.com,Genderfluid,328274.58,3/21/2020,187.24,24255.12,3382176106
522,Candace,Kuzemka,ckuzemkaeh@icio.us,Polygender,225331.23,12/9/2020,161.12,36369.72,2476907464
523,Caterina,Pyecroft,cpyecroftei@rediff.com,Non-binary,422692.86,3/5/2020,468.86,5074.57,0940606186
524,Wendel,Scowen,wscowenej@instagram.com,Polygender,497239.62,3/3/2020,434.8,16737.53,4222082074
525,Merwyn,Pargeter,mpargeterek@edublogs.org,Genderqueer,41779.42,4/19/2020,163.28,8449.6,1528418360
526,Thia,Gagen,tgagenel@studiopress.com,Bigender,8455.39,12/20/2020,438.84,26366.63,6564011806
527,Gustie,Allder,gallderem@dedecms.com,Agender,454618.9,7/13/2020,336.51,38302.92,2696810346
528,Katina,Haggart,khaggarten@spotify.com,Polygender,55917.43,5/19/2020,156.56,13623.16,5625701334
529,Corby,Cloutt,ccloutteo@scribd.com,Male,116411.88,5/31/2020,283.16,524.99,8311632294
530,Aile,Meldrum,ameldrumep@nih.gov,Bigender,357028.6,3/6/2020,143.96,32406.08,1242076689
531,Dredi,Shoulders,dshoulderseq@youtu.be,Female,386604.56,3/28/2020,392.83,24494.18,6881933584
532,Tabbie,Swetenham,tswetenhamer@ca.gov,Male,225424.31,3/14/2020,288.64,8360.33,8718682049
533,Hillery,Loody,hloodyes@skyrock.com,Male,110412.24,10/17/2020,463.52,12962.65,2283460026
534,Valencia,Mattingley,vmattingleyet@sbwire.com,Polygender,361060.81,8/6/2020,186.21,20225.08,4141161969
535,Xavier,Keese,xkeeseeu@typepad.com,Agender,352125.5,1/24/2021,271.81,32792.91,2882704895
536,Virge,Skingle,vskingleev@google.ca,Agender,146081.26,6/20/2020,372.64,29915.0,5349993003
537,Christina,Molyneaux,cmolyneauxew@elegantthemes.com,Female,183842.0,3/11/2020,418.27,47074.56,5110938695
538,Nial,Purle,npurleex@de.vu,Female,66737.31,3/18/2020,302.17,21379.37,9308397337
539,Connie,Helstrom,chelstromey@nytimes.com,Non-binary,202839.57,8/1/2020,376.85,20543.8,0968891187
540,Aile,Ruller,arullerez@creativecommons.org,Polygender,166973.14,11/13/2020,321.98,40057.98,0679172254
541,Gayel,Pindell,gpindellf0@nbcnews.com,Genderfluid,366670.58,2/4/2021,479.4,42220.54,9538355458
542,Artie,Beller,abellerf1@hexun.com,Bigender,325631.72,5/22/2020,131.92,15247.7,5794152176
543,Etta,Masding,emasdingf2@tuttocitta.it,Female,172116.23,11/29/2020,40.09,20095.27,1888616601
544,Sibeal,Bote,sbotef3@nps.gov,Non-binary,387497.64,9/30/2020,90.67,25738.56,5663029575
545,Keenan,Castelow,kcastelowf4@google.de,Polygender,200509.61,10/16/2020,150.62,37759.06,5470473384
546,Welby,Oxbe,woxbef5@ihg.com,Genderqueer,406192.27,7/10/2020,44.39,39888.88,5226164653
547,Wilma,Tripony,wtriponyf6@tinyurl.com,Genderfluid,364452.59,1/24/2021,458.88,6285.25,6557768212
548,Leslie,Doe,ldoef7@dot.gov,Non-binary,97342.01,7/18/2020,187.32,21499.52,8820200627
549,Win,Demanche,wdemanchef8@hugedomains.com,Bigender,174986.11,11/9/2020,129.31,2874.54,1441052658
550,Chas,Lyffe,clyffef9@eventbrite.com,Non-binary,381561.12,11/12/2020,468.64,20346.39,7705598450
551,Gabrielle,Hutley,ghutleyfa@yahoo.co.jp,Genderfluid,245295.67,1/1/2021,342.65,28177.76,3390240101
552,Herold,O' Donohoe,hodonohoefb@acquirethisname.com,Agender,358752.0,12/18/2020,432.73,22260.73,3759319688
553,Nicola,Gaskoin,ngaskoinfc@amazon.co.jp,Agender,180421.95,12/24/2020,78.25,19841.34,6989032634
554,Gaultiero,Tidswell,gtidswellfd@sakura.ne.jp,Male,108217.37,2/22/2020,385.55,38196.8,5797903717
555,Samuele,Parslow,sparslowfe@state.tx.us,Male,372944.98,6/30/2020,417.99,21027.15,2125514613
556,Morgan,MacKomb,mmackombff@360.cn,Female,57889.68,10/4/2020,424.79,46987.85,7768534387
557,Winifred,Moxstead,wmoxsteadfg@cbslocal.com,Female,34606.53,6/19/2020,333.9,35224.88,3998867910
558,Hercule,Bootton,hboottonfh@acquirethisname.com,Polygender,58930.22,11/22/2020,379.11,35993.92,3594812995
559,Katina,Orriss,korrissfi@wp.com,Polygender,283431.63,12/31/2020,427.25,40731.81,3843332835
560,Ephrayim,Antonio,eantoniofj@booking.com,Non-binary,14593.38,5/1/2020,463.83,30535.04,5038325130
561,Ian,Tudge,itudgefk@cmu.edu,Genderqueer,1795.88,12/10/2020,237.67,42433.56,1236952405
562,Keary,Willwood,kwillwoodfl@nih.gov,Non-binary,162010.82,1/18/2021,78.92,47567.43,9585572494
563,Trudy,Sabate,tsabatefm@mapy.cz,Polygender,462125.86,2/4/2021,172.57,45879.25,3285698993
564,Arin,Bennit,abennitfn@shareasale.com,Bigender,159415.0,4/30/2020,27.26,43229.31,9233983927
565,Shoshanna,Amsberger,samsbergerfo@howstuffworks.com,Bigender,301110.37,4/15/2020,175.49,32200.0,8488929943
566,Isabella,Kollas,ikollasfp@gov.uk,Bigender,468563.19,6/27/2020,193.91,4083.31,4648406214
567,Jenn,Bartomieu,jbartomieufq@twitter.com,Bigender,235279.29,4/7/2020,355.06,41488.71,9663021993
568,Lowrance,Clogg,lcloggfr@uiuc.edu,Female,169724.63,11/7/2020,274.33,45054.56,5467004069
569,Bevin,Botfield,bbotfieldfs@utexas.edu,Genderqueer,216315.33,3/23/2020,435.99,19670.56,6434238177
570,Jeno,Twiddy,jtwiddyft@dedecms.com,Female,294971.33,8/12/2020,263.27,40391.79,8754443946
571,Iorgos,Polycote,ipolycotefu@opensource.org,Agender,186677.92,4/8/2020,288.72,9344.24,9111303786
572,Ilsa,Tzarkov,itzarkovfv@netscape.com,Agender,418979.82,10/16/2020,162.87,41982.5,4852615578
573,Rosette,Ferebee,rferebeefw@studiopress.com,Bigender,192246.7,6/16/2020,16.47,46664.43,1257536052
574,Sanderson,Nutter,snutterfx@plala.or.jp,Agender,23714.16,4/17/2020,330.38,30752.43,0901785032
575,Leonid,Hanhard,lhanhardfy@ebay.com,Female,357479.72,9/5/2020,136.77,14277.83,5235249186
576,Adolphus,Chaplyn,achaplynfz@usa.gov,Genderfluid,496820.69,8/29/2020,344.23,17187.14,2606578945
577,Rosalinde,Ruddock,rruddockg0@de.vu,Genderqueer,308062.38,8/21/2020,77.89,2359.29,7371464281
578,Madeline,Brauninger,mbrauningerg1@canalblog.com,Non-binary,84350.82,7/26/2020,298.91,40243.82,6361823601
579,Vonnie,Swadlin,vswadling2@about.com,Genderfluid,223303.11,2/11/2020,311.56,26159.92,4715477866
580,Pippy,Clement,pclementg3@army.mil,Polygender,493967.31,3/27/2020,147.79,29455.45,9525397556
581,Hettie,Elsy,helsyg4@slideshare.net,Polygender,247861.83,11/15/2020,105.45,26663.84,8838509859
582,Joel,Manuel,jmanuelg5@ustream.tv,Polygender,337569.5,11/8/2020,406.58,7925.7,4443634452
583,Gabriel,Hargroves,ghargrovesg6@jigsy.com,Bigender,70814.81,1/16/2021,96.02,29344.76,2754920676
584,Cody,Carnihan,ccarnihang7@microsoft.com,Agender,48729.22,11/10/2020,420.65,22466.21,9939975864
585,Orran,Courtliff,ocourtliffg8@zdnet.com,Female,110427.81,2/23/2020,392.8,37460.9,8510402655
586,Andria,Chellam,achellamg9@mtv.com,Genderfluid,27279.12,1/29/2021,18.29,31602.09,1832810801
587,Karlan,Brunini,kbruniniga@google.co.jp,Male,212658.24,11/13/2020,460.54,33305.37,8805980706
588,Prissie,Marcome,pmarcomegb@bigcartel.com,Genderqueer,329823.94,3/15/2020,258.53,45821.52,0959986421
589,Isidro,Broszkiewicz,ibroszkiewiczgc@technorati.com,Female,309197.29,11/19/2020,444.97,44415.37,3476872335
590,Martino,Nineham,mninehamgd@apple.com,Female,128969.61,2/8/2021,125.64,15614.44,4252638577
591,Courtnay,Connell,cconnellge@friendfeed.com,Polygender,385492.94,2/24/2020,223.67,37408.48,4905550955
592,Henryetta,Garrie,hgarriegf@yandex.ru,Bigender,416216.0,8/16/2020,140.7,6144.98,9358955791
593,Raphaela,Mumby,rmumbygg@hostgator.com,Polygender,87185.13,9/10/2020,108.23,17951.58,8102680970
594,Conni,Drews,cdrewsgh@drupal.org,Female,373469.86,2/1/2021,212.21,32513.06,1578940451
595,Gabriel,Colton,gcoltongi@trellian.com,Genderqueer,434472.26,5/12/2020,272.58,39784.04,6780273953
596,Rowen,Garroway,rgarrowaygj@goodreads.com,Male,172919.03,12/14/2020,332.19,46334.63,6655960312
597,Tova,MacKartan,tmackartangk@histats.com,Female,347691.51,12/10/2020,431.31,41093.59,9224521797
598,Micaela,Duplan,mduplangl@edublogs.org,Agender,323065.59,11/18/2020,276.33,47516.07,6479823230
599,Javier,Hazeldine,jhazeldinegm@wikimedia.org,Bigender,225312.65,2/20/2020,129.3,32467.86,7790409964
600,Ephrem,Leming,eleminggn@google.com.hk,Non-binary,385588.2,5/21/2020,189.18,49253.94,6346522159
601,Ursala,Parham,uparhamgo@weather.com,Polygender,499648.56,3/10/2020,340.94,15041.73,7385103758
602,Eleen,Owthwaite,eowthwaitegp@livejournal.com,Male,144476.97,7/17/2020,308.74,13383.35,4991998794
603,Thorpe,Pocknoll,tpocknollgq@deviantart.com,Agender,157755.2,2/20/2020,179.4,13885.7,4283846619
604,Bird,Cromb,bcrombgr@blogs.com,Female,41096.36,9/25/2020,492.36,6017.72,4529012050
605,Klarrisa,Luscombe,kluscombegs@quantcast.com,Female,158033.8,1/19/2021,300.45,39822.37,8965385288
606,Kristos,Ca,kcagt@harvard.edu,Bigender,227888.0,8/10/2020,46.95,40121.72,8994242910
607,Joanie,Crudginton,jcrudgintongu@nba.com,Polygender,250039.91,1/1/2021,16.55,25129.15,1799739937
608,Marline,Stevens,mstevensgv@sciencedaily.com,Bigender,262797.67,4/20/2020,338.65,25757.58,6456922453
609,Celestina,Simionescu,csimionescugw@spiegel.de,Female,158247.18,1/12/2021,497.73,28318.92,7924707948
610,Letti,Domingues,ldominguesgx@reference.com,Polygender,372341.58,5/17/2020,384.5,19029.5,7188911215
611,Luise,Matzkaitis,lmatzkaitisgy@tiny.cc,Genderqueer,108366.19,7/15/2020,1.54,18910.49,7373643191
612,Kingsley,Elrick,kelrickgz@tinypic.com,Agender,365671.83,8/24/2020,291.04,37010.34,3271343284
613,Robbyn,Dooler,rdoolerh0@foxnews.com,Agender,186539.36,6/30/2020,459.94,20394.51,6378060010
614,Harri,Borzone,hborzoneh1@hexun.com,Genderqueer,456977.61,9/11/2020,98.25,29610.41,4974454307
615,Desirae,Swanton,dswantonh2@yolasite.com,Agender,233234.49,12/18/2020,235.89,8348.75,3191731067
616,Kamillah,Standingford,kstandingfordh3@lulu.com,Male,262048.47,8/21/2020,41.64,42269.33,2483196411
617,Johna,Bladder,jbladderh4@uol.com.br,Female,123445.7,3/15/2020,481.78,47408.45,6520817139
618,Jannel,Carvill,jcarvillh5@springer.com,Male,390261.51,3/27/2020,383.09,21073.86,9861205136
619,Germana,Duddle,gduddleh6@oaic.gov.au,Polygender,483609.0,5/21/2020,181.93,24404.98,6432620481
620,Esmeralda,Ferbrache,eferbracheh7@bizjournals.com,Female,1870.83,7/22/2020,179.6,2099.02,0856489069
621,Artemas,Goodbody,agoodbodyh8@yolasite.com,Genderqueer,9295.91,12/29/2020,390.25,18253.85,2935292367
622,Belvia,Rushman,brushmanh9@springer.com,Polygender,256450.76,4/24/2020,64.36,45469.17,1298033764
623,Onofredo,Comben,ocombenha@ucsd.edu,Female,24558.94,11/10/2020,410.09,28783.95,1002223539
624,Flemming,Rustich,frustichhb@sfgate.com,Polygender,489076.92,3/19/2020,119.14,545.77,7471101059
625,Jasper,Crain,jcrainhc@edublogs.org,Male,77952.63,6/7/2020,209.15,37334.89,0078267269
626,Perren,Askem,paskemhd@technorati.com,Agender,78586.2,5/14/2020,139.36,35398.9,0671484443
627,Carmina,Culcheth,cculchethhe@seesaa.net,Bigender,20766.66,6/27/2020,278.11,24212.11,4778321901
628,Timothy,Llorens,tllorenshf@illinois.edu,Bigender,427828.76,11/8/2020,67.73,11913.64,1932203826
629,Moore,Tonry,mtonryhg@feedburner.com,Genderfluid,428070.04,7/5/2020,409.5,292.94,3688881842
630,Arlina,Kunzelmann,akunzelmannhh@wordpress.com,Agender,189871.77,3/1/2020,468.46,39651.6,5536072676
631,Andie,Tchaikovsky,atchaikovskyhi@issuu.com,Genderfluid,313355.6,7/31/2020,437.77,28880.19,8414328865
632,Seamus,Gullberg,sgullberghj@wunderground.com,Polygender,205283.73,10/26/2020,375.76,2917.42,1288360932
633,Amandi,Coster,acosterhk@edublogs.org,Female,370752.83,1/23/2021,130.53,32803.58,8126920912
634,Elsbeth,Lawson,elawsonhl@ucsd.edu,Female,481576.94,4/27/2020,164.76,13231.06,7792132420
635,Blinni,Runciman,bruncimanhm@t-online.de,Non-binary,88175.65,1/16/2021,159.66,46184.48,4929562260
636,Hinda,Iannitti,hiannittihn@sogou.com,Male,241779.71,10/20/2020,134.17,47832.01,7816364989
637,Wilton,Paule,wpauleho@creativecommons.org,Non-binary,64918.71,10/12/2020,119.29,36296.11,9296629454
638,Lettie,Grzes,lgrzeshp@upenn.edu,Female,276320.6,9/8/2020,406.56,43420.5,3116088551
639,Gardy,Treherne,gtrehernehq@weebly.com,Non-binary,387796.08,5/28/2020,107.58,47005.78,0357013425
640,Burl,Faltin,bfaltinhr@intel.com,Agender,310906.38,9/29/2020,384.3,21558.72,3023245843
641,Colline,Littley,clittleyhs@businessweek.com,Agender,46174.37,2/1/2021,308.01,20927.82,4595954964
642,Hadleigh,Ewbach,hewbachht@mac.com,Female,10618.58,8/19/2020,52.79,47048.09,9494171357
643,Felice,Greswell,fgreswellhu@yelp.com,Genderfluid,145879.33,6/24/2020,214.17,26186.68,4107149153
644,Diane-marie,Djuricic,ddjuricichv@comsenz.com,Polygender,142483.8,8/8/2020,171.52,24622.88,8413354366
645,Kelcy,Brader,kbraderhw@meetup.com,Bigender,322004.96,9/4/2020,212.15,35774.76,4318207277
646,Deb,Romaint,dromainthx@naver.com,Non-binary,112059.22,10/14/2020,39.44,43945.37,7258322280
647,Ashil,Westell,awestellhy@themeforest.net,Bigender,277926.54,9/22/2020,334.36,6385.33,0527180432
648,Delila,Merriott,dmerriotthz@hhs.gov,Male,375156.98,11/8/2020,436.99,21477.39,6070392892
649,Fredrika,Myers,fmyersi0@weather.com,Agender,480369.77,10/29/2020,167.33,29427.11,3107790133
650,Devora,Legion,dlegioni1@nsw.gov.au,Agender,31898.92,9/14/2020,80.07,27123.09,3499035448
651,Daveta,Josefowicz,djosefowiczi2@mysql.com,Bigender,480200.42,3/16/2020,143.32,25560.27,2915102791
652,Maureen,Gillimgham,mgillimghami3@livejournal.com,Genderqueer,165922.49,3/21/2020,209.49,2936.67,5083824892
653,Koral,Masarrat,kmasarrati4@go.com,Polygender,83356.76,3/29/2020,250.97,6800.46,8606939927
654,Gawen,Rodgers,grodgersi5@webnode.com,Agender,183870.44,2/7/2021,131.38,13561.54,8459682587
655,Cristie,Rohan,crohani6@etsy.com,Bigender,86452.28,5/28/2020,405.58,22936.9,9526782364
656,Hedda,Pitrelli,hpitrellii7@dailymail.co.uk,Agender,237126.37,5/16/2020,346.95,32617.89,2886619906
657,Ramon,Fairleigh,rfairleighi8@netvibes.com,Polygender,154830.14,11/6/2020,169.23,14331.26,6427096788
658,Adriane,Lillee,alilleei9@liveinternet.ru,Male,439198.65,8/22/2020,380.27,47649.75,2089437944
659,Augustin,Patrone,apatroneia@telegraph.co.uk,Bigender,64933.58,8/19/2020,232.45,49871.82,0516818465
660,Shoshanna,Hayne,shayneib@nhs.uk,Agender,214148.57,1/21/2021,371.58,443.07,6013202303
661,Delainey,Westwick,dwestwickic@mediafire.com,Bigender,338721.18,6/27/2020,322.78,5386.25,4038074218
662,Osbourne,Copplestone,ocopplestoneid@fc2.com,Polygender,499063.9,5/3/2020,412.07,4618.27,2464689394
663,Arlette,Skittles,askittlesie@geocities.jp,Genderfluid,52434.21,1/6/2021,241.43,1300.4,1155103491
664,Vicki,Pinkstone,vpinkstoneif@1und1.de,Polygender,322729.23,9/8/2020,106.3,38394.21,1098515560
665,Ladonna,Abbets,labbetsig@qq.com,Female,130772.27,8/30/2020,386.49,37575.32,5011913015
666,Bamby,Pickring,bpickringih@loc.gov,Bigender,432934.87,1/25/2021,435.2,2070.64,5130874013
667,Sheeree,Colyer,scolyerii@woothemes.com,Genderfluid,297684.39,11/9/2020,377.32,49825.41,9658021492
668,Skye,Flannigan,sflanniganij@ezinearticles.com,Non-binary,482854.0,12/17/2020,116.12,45211.73,7598289417
669,Pearline,Totterdell,ptotterdellik@pbs.org,Genderfluid,58320.1,3/29/2020,352.17,28369.69,9436914326
670,Moss,Mollison,mmollisonil@noaa.gov,Female,400361.52,6/9/2020,311.62,37944.63,7402249476
671,Emalee,Seldner,eseldnerim@pcworld.com,Agender,372874.05,7/9/2020,307.76,22093.93,7608580437
672,Magdaia,Reide,mreidein@pinterest.com,Female,107191.33,10/17/2020,485.23,21740.17,5957458856
673,Arlana,Bott,abottio@google.com.hk,Genderqueer,144134.34,3/7/2020,328.91,44247.49,2099242305
674,Pia,Lemmers,plemmersip@hao123.com,Bigender,329017.67,1/18/2021,352.83,36346.51,8274653823
675,Annabelle,Ansty,aanstyiq@usatoday.com,Male,481251.33,1/5/2021,99.21,44564.32,3365421556
676,Cosme,Milverton,cmilvertonir@scribd.com,Polygender,72971.78,1/23/2021,38.99,24075.8,5054033998
677,Catharina,Fresson,cfressonis@creativecommons.org,Non-binary,485860.89,5/5/2020,381.08,46829.86,1892851660
678,Benedikt,Innwood,binnwoodit@biglobe.ne.jp,Agender,432240.74,3/11/2020,343.51,45598.17,9151338971
679,Nananne,Shapiro,nshapiroiu@skype.com,Female,31309.98,2/15/2020,185.56,38745.51,8372394679
680,Isahella,Castellan,icastellaniv@google.com.hk,Bigender,482358.94,9/27/2020,494.66,11124.99,9562700399
681,Gaylene,Sansome,gsansomeiw@mac.com,Genderfluid,52356.32,7/21/2020,313.73,49766.89,6537126231
682,Herrick,Stocken,hstockenix@kickstarter.com,Female,122367.69,2/7/2021,18.89,26398.59,3630235115
683,Vassily,Eagleston,veaglestoniy@last.fm,Genderqueer,313732.05,2/10/2020,218.48,45818.09,5736638312
684,Cherish,Orpin,corpiniz@blogger.com,Female,349889.77,12/31/2020,445.89,20249.11,0508857457
685,Gerladina,Tearny,gtearnyj0@ovh.net,Male,48017.77,11/29/2020,192.73,33149.13,0220400768
686,Alastair,Bowdery,abowderyj1@techcrunch.com,Genderqueer,486235.35,8/10/2020,382.27,31889.66,3690917212
687,Abagail,Szymanowicz,aszymanowiczj2@github.io,Genderqueer,307241.67,3/23/2020,218.76,6136.8,2725911761
688,Kesley,Gremain,kgremainj3@github.io,Female,203271.08,9/18/2020,35.05,7079.32,0740133047
689,Hillary,Fox,hfoxj4@joomla.org,Genderqueer,16665.61,7/27/2020,322.85,9675.83,4209176907
690,Kerry,Clemoes,kclemoesj5@tuttocitta.it,Agender,369844.84,8/30/2020,246.75,2358.08,5117985737
691,Tremaine,Mergue,tmerguej6@baidu.com,Bigender,233326.17,4/22/2020,481.46,4030.84,3446482725
692,Alix,Escalante,aescalantej7@ezinearticles.com,Non-binary,136919.27,10/29/2020,117.52,20206.03,3222839298
693,Ivar,Illyes,iillyesj8@sbwire.com,Polygender,413607.65,9/18/2020,155.07,150.79,6771143864
694,Tait,Galey,tgaleyj9@globo.com,Agender,150082.78,3/11/2020,59.77,46642.2,9837992638
695,Marshal,Keher,mkeherja@businessinsider.com,Agender,320075.9,12/10/2020,267.67,6131.7,7468161534
696,Joell,Takos,jtakosjb@ehow.com,Female,169146.82,10/7/2020,378.22,6323.59,3461008672
697,Giorgi,Mertgen,gmertgenjc@soundcloud.com,Genderqueer,242743.19,2/25/2020,136.05,31755.16,5847993706
698,Buckie,Feathers,bfeathersjd@de.vu,Agender,345374.95,1/11/2021,185.35,34507.15,7142044551
699,Allene,Devon,adevonje@walmart.com,Agender,110563.1,8/2/2020,305.29,34998.46,4876289433
700,Carly,Rarity,crarityjf@clickbank.net,Agender,360309.24,12/4/2020,82.02,36973.36,9719040815
701,Kelila,Sigge,ksiggejg@google.de,Genderfluid,47620.72,11/9/2020,318.42,27558.95,2069363732
702,Glenda,Whodcoat,gwhodcoatjh@yale.edu,Genderqueer,127957.71,11/6/2020,486.8,26662.76,2966556358
703,Izabel,Siggee,isiggeeji@wunderground.com,Polygender,122203.96,11/15/2020,443.58,24348.04,3444201095
704,Adelind,Shoesmith,ashoesmithjj@taobao.com,Polygender,312684.6,3/4/2020,464.54,21491.4,2412972044
705,Abramo,Petz,apetzjk@php.net,Genderfluid,236259.97,6/11/2020,198.9,22126.61,5759764632
706,Bren,Bales,bbalesjl@abc.net.au,Agender,493571.75,9/10/2020,313.65,47812.9,8009952699
707,Babs,Scarlett,bscarlettjm@rediff.com,Male,34276.92,2/22/2020,138.92,34225.86,6337647491
708,Hubie,Ryde,hrydejn@pagesperso-orange.fr,Genderqueer,421049.41,5/25/2020,394.05,20537.07,5899192194
709,Manuel,McCurrie,mmccurriejo@indiatimes.com,Female,252681.65,3/18/2020,139.98,3713.1,1907941657
710,Rubin,FitzGibbon,rfitzgibbonjp@boston.com,Agender,80058.01,2/17/2020,115.18,6699.72,5824796971
711,Doria,Smorthit,dsmorthitjq@constantcontact.com,Bigender,353677.84,10/11/2020,257.57,33969.39,3402738902
712,Reade,Cossum,rcossumjr@wsj.com,Bigender,304241.96,1/9/2021,440.1,46456.45,7157422514
713,Melesa,Tristram,mtristramjs@independent.co.uk,Genderqueer,50627.68,1/9/2021,468.77,2514.45,6365418272
714,Thorn,Knewstubb,tknewstubbjt@prweb.com,Genderfluid,217859.19,4/29/2020,11.3,2249.37,5050944740
715,Armand,Letertre,aletertreju@chronoengine.com,Non-binary,184357.92,11/27/2020,269.48,25618.65,3369196883
716,Quinton,Cringle,qcringlejv@howstuffworks.com,Female,78935.29,5/29/2020,459.17,36547.53,7104312250
717,Oralia,Bagster,obagsterjw@reddit.com,Male,425563.7,4/20/2020,132.65,28325.39,1520592043
718,Mariel,Crates,mcratesjx@goo.ne.jp,Genderqueer,402859.27,1/20/2021,36.05,7428.01,7741867822
719,Stanfield,Meddemmen,smeddemmenjy@sciencedirect.com,Male,206585.36,4/30/2020,102.54,23720.39,0365177342
720,Brittani,Skeermer,bskeermerjz@who.int,Male,241770.99,6/5/2020,110.01,43514.97,3530907073
721,Lorelei,Clynter,lclynterk0@google.es,Genderfluid,360174.19,9/5/2020,209.34,43444.66,3027796895
722,Yoshi,Reynoollds,yreynoolldsk1@skype.com,Male,424574.52,3/22/2020,24.17,23438.3,2554703191
723,Bradney,Povele,bpovelek2@digg.com,Male,42398.95,6/20/2020,443.67,44115.94,0527897914
724,Barb,Behling,bbehlingk3@digg.com,Agender,293057.0,3/26/2020,430.7,23215.02,8773210803
725,Ezequiel,Kivits,ekivitsk4@admin.ch,Bigender,131424.22,9/2/2020,54.51,32838.19,3700200641
726,Nicolas,Ormston,normstonk5@salon.com,Bigender,95297.21,9/25/2020,434.1,38339.69,3752709685
727,Zaria,Ferrarese,zferraresek6@hostgator.com,Polygender,461998.82,7/17/2020,435.81,12418.97,2744405175
728,Sam,Herrieven,sherrievenk7@virginia.edu,Genderfluid,269696.3,4/29/2020,292.06,4101.77,8832878100
729,Bibi,Battie,bbattiek8@bloglines.com,Bigender,231518.68,7/4/2020,58.25,36681.24,2555685669
730,Cristal,Shubotham,cshubothamk9@ycombinator.com,Male,178075.17,3/29/2020,38.11,39373.66,6986550286
731,Ollie,Lamdin,olamdinka@g.co,Agender,388521.54,3/17/2020,32.31,43051.74,2887132377
732,Haroun,Record,hrecordkb@purevolume.com,Genderqueer,216284.07,2/3/2021,182.2,44998.23,2845217153
733,Edwin,Lannen,elannenkc@trellian.com,Non-binary,219046.89,5/31/2020,366.18,17887.36,5541480639
734,Libbie,Felgat,lfelgatkd@freewebs.com,Male,270709.05,9/8/2020,182.64,3426.07,7710140343
735,Danit,Scarre,dscarreke@furl.net,Agender,119673.66,1/6/2021,194.14,6257.87,2926093438
736,Maddy,Benettini,mbenettinikf@ow.ly,Genderfluid,246392.2,9/5/2020,132.28,34552.35,5430339210
737,Maximilian,Dimitrie,mdimitriekg@dyndns.org,Genderfluid,383834.6,3/28/2020,352.59,44756.34,2326706781
738,Ward,Ghidelli,wghidellikh@dmoz.org,Bigender,132062.77,6/17/2020,419.99,41675.28,3774584850
739,Bret,Skilton,bskiltonki@businessinsider.com,Female,176807.91,10/23/2020,69.49,19038.02,5002631789
740,Issy,Derrington,iderringtonkj@sbwire.com,Agender,498719.45,8/23/2020,170.79,11413.14,5364327124
741,Netty,Eloi,neloikk@jugem.jp,Genderqueer,150199.5,5/15/2020,100.16,46232.37,7269987548
742,Eran,Juris,ejuriskl@dedecms.com,Polygender,307185.54,1/27/2021,107.34,22673.52,4587413720
743,Brewer,Prettjohn,bprettjohnkm@goodreads.com,Female,189850.32,1/21/2021,281.29,24725.61,0979034094
744,Ceciley,Janak,cjanakkn@tinyurl.com,Female,442426.78,12/1/2020,274.7,12335.32,6260796315
745,Brigitta,Swatradge,bswatradgeko@furl.net,Male,456816.43,9/7/2020,482.26,17910.99,8915863933
746,Tripp,Rosewarne,trosewarnekp@1688.com,Genderfluid,113168.77,7/24/2020,487.04,40849.03,2287884645
747,Darya,Lanston,dlanstonkq@mlb.com,Genderfluid,362842.21,6/12/2020,322.83,35015.97,7131943509
748,Ab,Tighe,atighekr@4shared.com,Male,143957.95,5/20/2020,101.81,15288.96,7442112242
749,Bertha,Serrurier,bserrurierks@gov.uk,Male,236594.9,4/29/2020,354.49,45564.02,1911653660
750,Urbanus,Castle,ucastlekt@bigcartel.com,Genderqueer,146567.5,4/5/2020,227.54,10404.31,3777629715
751,Filmer,Fulbrook,ffulbrookku@springer.com,Genderfluid,311470.21,3/21/2020,180.62,46988.91,7066799291
752,Anestassia,Summerlie,asummerliekv@cnbc.com,Polygender,12806.6,2/14/2020,316.2,23341.61,5243444529
753,Addie,Kneath,akneathkw@forbes.com,Agender,112080.96,8/22/2020,165.66,18453.51,5447670691
754,Ford,Cowup,fcowupkx@yolasite.com,Non-binary,54134.42,5/14/2020,291.58,21903.52,6466963411
755,Roxine,Jedraszek,rjedraszekky@vimeo.com,Polygender,320219.96,7/4/2020,115.2,40466.71,9140986985
756,Bryn,Volett,bvolettkz@harvard.edu,Agender,461177.04,6/30/2020,62.86,25115.48,9048344034
757,Homer,Wadlow,hwadlowl0@istockphoto.com,Genderqueer,138334.11,8/19/2020,418.45,15680.76,1183466099
758,Glynis,Kermode,gkermodel1@biglobe.ne.jp,Agender,31185.38,11/22/2020,245.13,841.94,0468114610
759,Germain,Crocetti,gcrocettil2@bravesites.com,Bigender,216137.02,8/14/2020,488.6,28851.08,9038114400
760,Fabian,Youster,fyousterl3@github.com,Female,126100.19,6/21/2020,298.61,5753.19,1795849096
761,Ardisj,Shird,ashirdl4@chronoengine.com,Non-binary,259583.22,10/23/2020,202.16,47968.94,8180087778
762,Gibby,Rentoul,grentoull5@wp.com,Genderqueer,83400.48,11/10/2020,165.82,25560.69,7238146096
763,Jesse,Raveau,jraveaul6@alexa.com,Non-binary,11222.76,5/31/2020,44.63,21923.7,9641010646
764,Lizzy,Edmund,ledmundl7@amazon.de,Genderqueer,409472.03,12/25/2020,34.93,40581.12,8707387199
765,Rebekah,Tesimon,rtesimonl8@nih.gov,Polygender,482268.38,1/26/2021,137.14,35457.4,4777182320
766,Gil,Ashard,gashardl9@csmonitor.com,Male,427504.64,10/25/2020,219.76,31696.46,6742772905
767,Patrizio,Rodmell,prodmellla@geocities.com,Agender,258411.29,11/13/2020,190.88,4248.85,6087654569
768,Carolus,Keunemann,ckeunemannlb@hostgator.com,Agender,102621.57,6/17/2020,490.97,12897.35,7988845330
769,Bennie,Cuttler,bcuttlerlc@weebly.com,Non-binary,12078.94,1/10/2021,427.87,3665.93,2025967209
770,Monique,MacWhirter,mmacwhirterld@netscape.com,Genderfluid,223628.88,5/15/2020,174.88,42455.69,2599662079
771,Marylinda,MacNeilley,mmacneilleyle@nature.com,Male,52211.61,5/17/2020,398.43,48150.79,9046241726
772,Lynnell,Bosher,lbosherlf@cmu.edu,Male,118765.15,12/19/2020,104.43,8720.95,9535619241
773,Hansiain,Croke,hcrokelg@cnn.com,Genderqueer,430967.34,7/13/2020,476.76,38290.07,1312161434
774,Dulsea,Riggulsford,driggulsfordlh@prnewswire.com,Agender,96792.7,8/17/2020,379.28,26086.92,5331878431
775,Nola,Roughley,nroughleyli@1688.com,Non-binary,415192.93,6/2/2020,257.3,10475.19,3890206646
776,Yetta,Dorkens,ydorkenslj@cdbaby.com,Agender,150454.0,8/22/2020,366.01,21694.8,1702346285
777,Loraine,Seers,lseerslk@flavors.me,Agender,455056.39,5/26/2020,480.5,47359.73,6170507519
778,Hillel,Alti,haltill@ca.gov,Female,146944.56,3/28/2020,132.7,48802.87,9912850726
779,Dolli,Bennitt,dbennittlm@economist.com,Genderqueer,57120.18,5/5/2020,335.44,11830.1,4477942826
780,Tremain,Magner,tmagnerln@yahoo.co.jp,Genderqueer,181173.0,2/15/2020,249.34,40546.07,1416529586
781,Travers,Spadaro,tspadarolo@statcounter.com,Genderqueer,301940.27,4/1/2020,422.79,14685.86,4153219169
782,Marisa,Hatter,mhatterlp@webeden.co.uk,Genderfluid,132743.61,3/9/2020,204.66,14289.43,9509111236
783,Boone,Ceillier,bceillierlq@tmall.com,Agender,467445.29,2/13/2020,302.05,39429.47,7050330590
784,Byrann,Bisatt,bbisattlr@dyndns.org,Bigender,365405.2,11/30/2020,28.15,25246.8,4717875893
785,Wittie,Sambidge,wsambidgels@sphinn.com,Genderqueer,472767.63,6/20/2020,397.89,3241.52,3537660340
786,Maximilian,Ashfull,mashfulllt@networkadvertising.org,Female,385272.85,8/8/2020,78.09,16819.96,6977079266
787,Ronni,Danter,rdanterlu@ezinearticles.com,Non-binary,439140.76,5/17/2020,363.84,48101.02,0353088250
788,Ronalda,Sabbatier,rsabbatierlv@berkeley.edu,Female,436590.8,11/6/2020,13.08,30796.85,8354476375
789,Pearline,Eliot,peliotlw@rediff.com,Polygender,339283.11,5/25/2020,29.42,34862.85,8359283680
790,Jacky,Mar,jmarlx@cornell.edu,Bigender,136579.47,10/26/2020,323.87,21221.16,1940039916
791,Jarrid,Suddaby,jsuddabyly@1688.com,Bigender,462106.59,4/5/2020,322.53,38327.54,0309167655
792,Truman,Sperrett,tsperrettlz@whitehouse.gov,Non-binary,19484.93,12/17/2020,250.34,45866.32,1129081125
793,Leela,Ogers,logersm0@pinterest.com,Genderfluid,39403.31,7/22/2020,186.28,31517.08,9203110674
794,Rabbi,Bunting,rbuntingm1@mail.ru,Non-binary,484311.86,6/30/2020,290.82,42590.43,6714798032
795,Danice,Petrello,dpetrellom2@upenn.edu,Non-binary,395773.73,1/9/2021,158.33,34810.19,0305526863
796,Zerk,Shoard,zshoardm3@hugedomains.com,Genderqueer,492810.0,2/20/2020,80.3,34763.81,6687827138
797,Judah,Livsey,jlivseym4@etsy.com,Male,281412.64,5/17/2020,76.42,12053.96,6575253830
798,Trixie,Huniwall,thuniwallm5@cbc.ca,Bigender,79637.92,11/15/2020,159.83,29248.99,0631589694
799,Delmar,Dayborne,ddaybornem6@wikia.com,Male,461939.97,3/13/2020,35.29,32140.71,3507507323
800,Orville,Sedgwick,osedgwickm7@berkeley.edu,Bigender,174949.63,3/20/2020,482.9,13440.97,1045178616
801,Alf,Jachimak,ajachimakm8@about.me,Genderfluid,171073.07,5/11/2020,5.67,43447.33,1687081875
802,Leonanie,Penwell,lpenwellm9@hexun.com,Non-binary,176606.18,9/7/2020,243.94,5396.09,6873582581
803,Alwyn,Smithies,asmithiesma@opensource.org,Agender,43881.96,8/15/2020,329.89,16866.33,9348201697
804,Jackie,Morteo,jmorteomb@unc.edu,Female,175646.26,1/17/2021,365.83,34543.45,6338376815
805,Natalie,Skotcher,nskotchermc@bbc.co.uk,Polygender,467419.75,6/8/2020,471.37,22063.93,1315376792
806,Kriste,Fernyhough,kfernyhoughmd@oaic.gov.au,Genderfluid,233419.68,7/27/2020,179.91,48748.78,2753028052
807,Fritz,Sperling,fsperlingme@myspace.com,Polygender,128015.27,1/24/2021,256.37,18948.45,0437013294
808,Alli,Thripp,athrippmf@mail.ru,Male,63645.71,12/10/2020,216.82,3498.68,9502023870
809,Fair,Hannond,fhannondmg@joomla.org,Genderfluid,240307.08,8/30/2020,128.87,32503.03,3395825183
810,Irvine,Redferne,iredfernemh@prlog.org,Polygender,327036.8,4/16/2020,439.38,23837.77,5798713520
811,Burnaby,Fuller,bfullermi@va.gov,Male,104265.97,8/2/2020,173.84,48160.55,5590202302
812,Tessa,Boggas,tboggasmj@virginia.edu,Genderfluid,78706.22,9/10/2020,132.54,26647.38,9162221256
813,Isidro,Cote,icotemk@wordpress.org,Polygender,129862.16,6/18/2020,59.53,7197.15,4833596334
814,Evanne,Devonside,edevonsideml@weibo.com,Genderqueer,386551.9,3/31/2020,495.35,14597.32,2703708432
815,Nicola,Isacsson,nisacssonmm@usda.gov,Female,221463.56,11/18/2020,93.5,40076.75,9238046484
816,Gail,Filipychev,gfilipychevmn@typepad.com,Genderfluid,475389.56,12/29/2020,411.93,5901.83,9373541722
817,Darn,Braunston,dbraunstonmo@bloomberg.com,Bigender,224497.31,7/3/2020,344.38,48941.87,1287886051
818,Sam,Ivushkin,sivushkinmp@yahoo.co.jp,Genderqueer,296972.34,3/8/2020,392.69,7179.78,3978370077
819,Allx,Matteo,amatteomq@blogspot.com,Male,181815.96,9/1/2020,217.01,20903.49,1350354171
820,Massimiliano,Orniz,mornizmr@cbsnews.com,Non-binary,466047.29,9/4/2020,249.01,12704.84,0865022518
821,Gabey,Pawden,gpawdenms@amazon.co.jp,Agender,499334.32,9/27/2020,343.47,32619.97,7148023130
822,Myrvyn,Offener,moffenermt@webmd.com,Genderqueer,64731.98,2/15/2020,391.86,37751.02,9797714322
823,Adelind,Daffern,adaffernmu@cloudflare.com,Bigender,317815.3,7/18/2020,468.17,3844.67,8588978040
824,Payton,Geggus,pgeggusmv@mac.com,Female,337414.65,7/20/2020,343.62,8382.85,3904920294
825,Cirilo,Bassil,cbassilmw@odnoklassniki.ru,Non-binary,283700.84,4/1/2020,318.7,12921.47,0963242717
826,Jackson,Risen,jrisenmx@house.gov,Non-binary,293709.27,9/28/2020,365.64,19533.23,6543870397
827,Warde,Venour,wvenourmy@youtube.com,Polygender,361787.4,4/12/2020,482.7,47208.92,4574268441
828,Betsey,Vassar,bvassarmz@myspace.com,Agender,8472.4,3/20/2020,370.02,35515.73,9767917241
829,Flossi,Audritt,faudrittn0@sun.com,Non-binary,343091.92,10/10/2020,233.36,28509.16,4737080977
830,Rivkah,Boulding,rbouldingn1@alibaba.com,Male,40063.55,5/15/2020,106.76,45111.51,0383405408
831,Ignacius,McAulay,imcaulayn2@instagram.com,Male,492658.15,12/9/2020,214.25,9619.71,7109467961
832,Martie,Hesbrook,mhesbrookn3@sciencedirect.com,Polygender,415853.46,1/23/2021,257.16,49568.51,6543777966
833,Ruben,Sieve,rsieven4@springer.com,Genderqueer,402706.1,7/28/2020,334.99,30632.44,8903921119
834,Frieda,Fulker,ffulkern5@spiegel.de,Non-binary,7671.4,11/28/2020,486.96,14956.35,0824823273
835,Leonie,Ilson,lilsonn6@sciencedaily.com,Polygender,279743.78,12/27/2020,346.64,4210.47,6535327655
836,Wynny,Miskelly,wmiskellyn7@surveymonkey.com,Male,152055.75,3/16/2020,481.57,44417.05,4685686586
837,Lanae,Germaine,lgermainen8@umn.edu,Polygender,407307.22,10/4/2020,274.05,31764.7,9878733173
838,Carly,Emmott,cemmottn9@nps.gov,Female,466784.19,9/7/2020,397.4,26314.53,2611471363
839,Lisha,Jacobsz,ljacobszna@discuz.net,Polygender,395393.67,3/18/2020,376.08,9207.61,9073490936
840,Adelind,Desborough,adesboroughnb@mtv.com,Polygender,437005.06,4/22/2020,435.86,19037.58,6232090896
841,Lorrayne,Carle,lcarlenc@prlog.org,Genderfluid,193365.62,2/5/2021,275.17,23484.36,4304135449
842,Fabe,Urlin,furlinnd@goodreads.com,Bigender,467312.71,1/11/2021,237.64,44578.41,4432563176
843,Giralda,Titmuss,gtitmussne@independent.co.uk,Male,357314.83,3/17/2020,403.06,145.56,9214856273
844,Whit,Stilldale,wstilldalenf@networksolutions.com,Bigender,119572.56,3/10/2020,131.88,15447.75,2101261766
845,Doyle,Forber,dforberng@google.cn,Genderfluid,359487.22,4/9/2020,193.49,48137.64,0977283534
846,Redd,Goney,rgoneynh@vistaprint.com,Female,209707.22,11/30/2020,243.86,10339.31,6802981394
847,Emmaline,Macconaghy,emacconaghyni@house.gov,Genderfluid,166981.97,12/29/2020,374.82,49156.62,7273700134
848,Lowell,Andrea,landreanj@surveymonkey.com,Genderfluid,476862.05,8/2/2020,298.95,29165.95,3912898979
849,Mayer,Sheward,mshewardnk@edublogs.org,Male,414170.51,7/20/2020,214.62,30526.6,2883461627
850,Foster,Darrington,fdarringtonnl@webnode.com,Polygender,442128.83,9/21/2020,449.13,45957.39,9733167185
851,Imojean,MacNulty,imacnultynm@multiply.com,Genderfluid,93381.52,8/19/2020,360.7,955.31,8650384323
852,Delaney,Bellanger,dbellangernn@oaic.gov.au,Agender,297156.98,10/16/2020,17.93,41654.91,6202844973
853,Tynan,Hagger,thaggerno@admin.ch,Non-binary,108209.79,7/13/2020,39.85,22580.07,7919649412
854,Lisetta,Trulocke,ltrulockenp@tuttocitta.it,Genderfluid,9074.31,8/12/2020,153.99,49073.27,1400942926
855,Cecilia,Nafziger,cnafzigernq@bbc.co.uk,Polygender,195352.06,3/9/2020,226.4,28795.85,6674464945
856,Jasmin,Elan,jelannr@nba.com,Genderfluid,155806.52,6/15/2020,63.61,31081.8,9669637414
857,Reider,Boase,rboasens@imageshack.us,Genderqueer,30001.75,8/12/2020,336.12,6332.65,3493372353
858,Lotta,Van Schafflaer,lvanschafflaernt@xrea.com,Agender,390600.98,2/29/2020,408.76,4724.22,7148407478
859,Mabelle,Yarnley,myarnleynu@miibeian.gov.cn,Genderqueer,457454.09,7/26/2020,421.5,30331.1,0832618179
860,Cherida,Gilliard,cgilliardnv@ycombinator.com,Polygender,302910.12,10/12/2020,293.04,45835.9,2260297064
861,Joane,Brosi,jbrosinw@huffingtonpost.com,Polygender,244792.54,5/14/2020,299.14,39445.63,5879080552
862,Marya,Littlemore,mlittlemorenx@cdc.gov,Bigender,448215.55,8/5/2020,430.15,47773.56,2368763228
863,Karlis,Prandini,kprandininy@histats.com,Polygender,229978.52,2/12/2020,435.68,1598.14,8535616926
864,Bald,Zollner,bzollnernz@zdnet.com,Female,373078.75,2/8/2021,295.3,23005.56,5131198534
865,Olwen,Sleigh,osleigho0@si.edu,Polygender,297302.0,5/31/2020,212.68,44892.0,6415769324
866,Cordula,Alekhov,calekhovo1@columbia.edu,Male,221064.81,10/24/2020,95.66,20252.32,1469830558
867,Lynnell,Bickerdike,lbickerdikeo2@noaa.gov,Genderqueer,33401.21,6/24/2020,87.06,20622.19,5701347842
868,Iosep,Kiellor,ikielloro3@parallels.com,Male,293697.2,1/21/2021,186.47,10802.14,6638038648
869,Eva,Keane,ekeaneo4@blog.com,Genderqueer,477555.0,11/17/2020,320.86,5008.49,9895276311
870,Huberto,Thumann,hthumanno5@discovery.com,Male,10214.78,12/12/2020,229.24,30983.97,6311855763
871,Scottie,Peake,speakeo6@storify.com,Genderqueer,76144.19,4/6/2020,333.72,48772.13,0465397018
872,Polly,Castagne,pcastagneo7@google.pl,Agender,452075.54,5/18/2020,93.46,32699.69,3090902494
873,Cinda,todor,ctodoro8@cocolog-nifty.com,Genderfluid,436723.67,4/7/2020,202.07,2308.24,2752227698
874,Nadean,Ollet,nolleto9@chron.com,Genderfluid,149921.29,3/2/2020,71.18,18906.68,8051903080
875,Shayna,Glas,sglasoa@qq.com,Genderfluid,126854.77,10/31/2020,132.78,32042.58,8440305389
876,Dori,Lovat,dlovatob@pcworld.com,Agender,256844.64,1/8/2021,288.29,48307.69,0397566042
877,Ty,Lappin,tlappinoc@jugem.jp,Female,291178.76,7/5/2020,242.52,38661.29,3936661766
878,Jenny,Ninnoli,jninnoliod@godaddy.com,Polygender,328625.81,8/3/2020,444.41,47005.27,8193583345
879,Ewart,Kraut,ekrautoe@home.pl,Genderfluid,54204.38,1/19/2021,255.26,38985.75,5623908861
880,Menard,Faughey,mfaugheyof@youtu.be,Genderqueer,488316.69,5/22/2020,20.82,17195.34,5558503203
881,Martha,Dron,mdronog@alexa.com,Genderfluid,139258.07,12/31/2020,88.18,11588.34,2258942934
882,Iolanthe,Gave,igaveoh@altervista.org,Genderqueer,175682.86,4/11/2020,109.61,26147.07,8949443511
883,Demetris,Zappel,dzappeloi@fda.gov,Genderfluid,371933.46,12/3/2020,53.28,11160.63,8635618084
884,Pascale,Matresse,pmatresseoj@sohu.com,Male,406333.96,8/21/2020,268.27,14455.1,9797194027
885,Kimble,Ongin,konginok@cdbaby.com,Polygender,493014.84,2/18/2020,121.65,11051.05,6139997178
886,Leanna,Folley,lfolleyol@blogtalkradio.com,Bigender,429125.07,8/14/2020,15.92,1533.54,6811738928
887,Pauletta,Housaman,phousamanom@wufoo.com,Genderqueer,2302.95,8/7/2020,261.0,49503.94,5814746777
888,Del,Gierth,dgierthon@skyrock.com,Agender,272194.04,4/23/2020,206.62,36791.94,1848527381
889,Dillon,Rosenfeld,drosenfeldoo@prnewswire.com,Agender,374389.08,4/16/2020,392.08,31320.83,8743088082
890,Teodoro,Kelwick,tkelwickop@intel.com,Female,481163.86,8/12/2020,280.78,501.96,8810800982
891,Dave,Heeney,dheeneyoq@slashdot.org,Agender,303637.29,10/4/2020,380.7,47368.36,9768023368
892,Artemis,Deares,adearesor@netscape.com,Polygender,344634.46,10/27/2020,220.98,32741.29,7408423281
893,Tamera,Branson,tbransonos@chron.com,Genderqueer,426578.26,8/21/2020,469.1,819.29,3562415842
894,Darcy,O'Nowlan,donowlanot@mapquest.com,Female,363622.97,11/22/2020,61.93,32181.06,7531179504
895,Leela,De Laci,ldelaciou@rambler.ru,Female,287283.91,4/7/2020,133.3,34568.66,5726156501
896,Mari,Evangelinos,mevangelinosov@technorati.com,Non-binary,67462.83,9/23/2020,241.1,49258.85,3315873739
897,Mill,Testro,mtestroow@simplemachines.org,Agender,18537.28,12/25/2020,27.88,756.35,5700653168
898,Wendie,Nerheny,wnerhenyox@soundcloud.com,Genderqueer,369974.98,8/24/2020,139.41,15206.67,9944256595
899,Friedrich,Bittlestone,fbittlestoneoy@123-reg.co.uk,Male,58851.14,11/11/2020,126.52,28469.73,3639448219
900,Mireielle,Anthony,manthonyoz@uiuc.edu,Bigender,359425.48,4/24/2020,481.33,4228.16,8354148068
901,Avis,Bowley,abowleyp0@dell.com,Polygender,78285.08,7/17/2020,322.81,40365.33,5741707947
902,Dasya,Kenealy,dkenealyp1@usda.gov,Polygender,453614.9,10/29/2020,332.23,27665.97,4170384253
903,Demetra,Hutchison,dhutchisonp2@issuu.com,Polygender,108354.91,12/20/2020,261.97,20887.52,2042175293
904,Deloris,MacGillavery,dmacgillaveryp3@acquirethisname.com,Polygender,169421.08,1/21/2021,78.05,40121.2,4345334802
905,Talyah,Twist,ttwistp4@aboutads.info,Female,55242.14,3/1/2020,188.29,27449.15,7432895481
906,Ashly,Hanwright,ahanwrightp5@mlb.com,Bigender,481839.99,10/12/2020,262.39,9485.34,3277975258
907,Lorin,Tarbett,ltarbettp6@cargocollective.com,Bigender,143728.17,5/19/2020,95.46,25371.41,9870551408
908,Zechariah,Pollett,zpollettp7@wikia.com,Non-binary,135963.47,4/5/2020,212.24,27459.19,6033372557
909,Reuven,Cammomile,rcammomilep8@hc360.com,Bigender,294275.09,8/31/2020,346.75,36001.56,5945330167
910,Aksel,Zavittieri,azavittierip9@cbc.ca,Male,310466.94,4/15/2020,414.67,30629.31,2581120908
911,Rudyard,Brigshaw,rbrigshawpa@ameblo.jp,Non-binary,194321.03,5/15/2020,229.31,21410.04,1839043334
912,Gayelord,Crufts,gcruftspb@apache.org,Agender,117723.47,10/23/2020,339.15,35784.79,2773964942
913,Dietrich,Halburton,dhalburtonpc@yandex.ru,Non-binary,292930.53,5/30/2020,404.1,38600.09,6092423545
914,Kira,Oswick,koswickpd@w3.org,Genderfluid,339165.23,7/16/2020,450.51,31381.84,9854625265
915,Arielle,Santen,asantenpe@live.com,Genderfluid,266220.79,12/25/2020,89.58,36650.43,0588971154
916,Wat,Jagson,wjagsonpf@cafepress.com,Genderqueer,14156.12,1/20/2021,291.85,43670.23,0740793160
917,Caria,Houldcroft,chouldcroftpg@bravesites.com,Agender,219456.58,5/29/2020,443.27,15117.7,1193673887
918,Susann,McCrainor,smccrainorph@dyndns.org,Agender,33096.18,5/25/2020,221.56,7295.3,6856938721
919,Gerianna,McIntosh,gmcintoshpi@yale.edu,Male,330475.68,3/8/2020,359.65,38899.79,0092323863
920,Eleonore,Ratcliffe,eratcliffepj@msu.edu,Bigender,248090.38,11/7/2020,7.56,49117.04,2220486311
921,Nerita,Croneen,ncroneenpk@imgur.com,Male,332768.81,5/21/2020,459.74,1058.8,9234714911
922,Alena,Bilson,abilsonpl@xinhuanet.com,Male,286368.44,8/25/2020,203.95,45070.63,6712070295
923,Parsifal,Croci,pcrocipm@zimbio.com,Non-binary,93678.47,12/10/2020,149.95,14392.43,4025971461
924,Grove,Weeds,gweedspn@whitehouse.gov,Polygender,365354.11,10/23/2020,183.47,45394.17,4479941940
925,Elita,Tuxell,etuxellpo@slideshare.net,Male,339154.46,5/9/2020,305.76,42779.09,8673727189
926,Daffie,Bussy,dbussypp@princeton.edu,Non-binary,135396.29,8/9/2020,416.19,37453.7,9474251169
927,Rutger,Le feuvre,rlefeuvrepq@dagondesign.com,Male,438886.01,12/31/2020,296.37,20125.91,7180670340
928,Pearline,Pavkovic,ppavkovicpr@npr.org,Polygender,440194.8,2/6/2021,472.63,41291.16,3236807857
929,Fawne,Couche,fcoucheps@hibu.com,Male,389323.13,12/18/2020,304.29,15895.96,4883722570
930,Malia,O'Rodane,morodanept@constantcontact.com,Genderfluid,249436.58,3/20/2020,255.8,45627.77,1994602082
931,Abraham,Ghiron,aghironpu@phoca.cz,Genderfluid,482188.93,1/28/2021,288.83,3835.15,5268510118
932,Lora,McEniry,lmcenirypv@cisco.com,Genderqueer,299533.82,8/10/2020,289.9,10331.77,4558747136
933,Myrtie,Werrett,mwerrettpw@epa.gov,Bigender,471979.36,10/9/2020,246.67,42031.55,0596217978
934,Leesa,Baynom,lbaynompx@weibo.com,Polygender,95438.27,2/11/2020,217.3,37929.15,9433210565
935,Fleming,Flanders,fflanderspy@state.gov,Agender,243093.74,9/1/2020,5.05,3971.84,3138339247
936,Katine,Goddert.sf,kgoddertsfpz@gov.uk,Agender,492007.66,5/1/2020,384.29,7765.58,7516036374
937,Andrew,Collibear,acollibearq0@toplist.cz,Non-binary,156134.21,5/22/2020,116.61,43606.1,7373153437
938,Erich,Dewen,edewenq1@google.com,Non-binary,262851.79,8/10/2020,211.68,38562.05,5152250543
939,Patrick,Ivory,pivoryq2@archive.org,Polygender,456566.27,2/23/2020,117.82,33284.79,1591471494
940,Franciska,Akers,fakersq3@163.com,Non-binary,22268.23,9/25/2020,264.44,4587.58,2166528767
941,Dougy,Coupland,dcouplandq4@wordpress.com,Genderqueer,131186.71,8/15/2020,484.47,18706.51,6433080022
942,Stacie,Defont,sdefontq5@etsy.com,Genderqueer,73495.13,12/29/2020,266.9,28145.77,3716123242
943,Cristionna,Pendry,cpendryq6@tiny.cc,Male,35008.71,5/25/2020,209.01,1476.26,1835645607
944,Milt,Rolls,mrollsq7@slideshare.net,Male,204110.94,9/18/2020,313.12,34416.06,9713725905
945,Holly,Lipson,hlipsonq8@deliciousdays.com,Female,475704.44,6/29/2020,316.76,43174.21,9505267398
946,Gun,Coppeard,gcoppeardq9@quantcast.com,Agender,363821.93,1/6/2021,439.38,44130.0,3028566699
947,Cristina,Pineaux,cpineauxqa@biglobe.ne.jp,Male,25631.05,9/12/2020,447.82,7725.27,6837536850
948,Evanne,Faughey,efaugheyqb@w3.org,Non-binary,453939.02,11/7/2020,407.76,11738.93,7488741978
949,Lisabeth,Rowlstone,lrowlstoneqc@unesco.org,Agender,136782.9,10/21/2020,84.6,47183.69,9320221596
950,Rosabel,Wrathall,rwrathallqd@ehow.com,Agender,251918.27,12/9/2020,214.32,13124.54,1554411297
951,Josee,Hickisson,jhickissonqe@reference.com,Non-binary,39059.0,2/28/2020,329.9,17715.78,3281717365
952,Wyatan,MacTrustam,wmactrustamqf@sciencedirect.com,Polygender,307356.95,6/6/2020,269.73,20155.92,5931173862
953,Paco,Dungey,pdungeyqg@g.co,Genderqueer,275546.27,12/3/2020,228.26,5470.34,3673648594
954,Rudie,Buckie,rbuckieqh@unesco.org,Genderqueer,439533.61,8/22/2020,213.7,25530.52,5517142702
955,Gina,Alexandersson,galexanderssonqi@imgur.com,Agender,489971.59,2/27/2020,240.14,41022.7,0043964176
956,Mead,Bruna,mbrunaqj@deviantart.com,Bigender,405166.18,1/8/2021,134.27,35776.48,7623606476
957,Berkly,Falks,bfalksqk@biblegateway.com,Agender,239842.52,9/26/2020,482.45,28506.99,8245561827
958,Rodie,Tompkinson,rtompkinsonql@adobe.com,Genderfluid,274019.9,1/5/2021,252.96,283.13,8703030164
959,Marissa,Simononsky,msimononskyqm@usgs.gov,Non-binary,352302.22,2/7/2021,313.81,17427.11,7505288423
960,Feliks,Yeo,fyeoqn@ifeng.com,Female,54379.92,9/24/2020,152.26,18243.55,2590269269
961,Hagen,Childers,hchildersqo@google.de,Genderqueer,222711.8,11/20/2020,316.82,42481.65,8562110612
962,Meredith,Hebner,mhebnerqp@yahoo.com,Male,372249.9,2/25/2020,351.34,28824.52,0869066722
963,Tandie,Kingsland,tkingslandqq@psu.edu,Male,23049.79,3/23/2020,78.45,22078.59,1649090595
964,Darsey,Sachno,dsachnoqr@ftc.gov,Male,2356.26,9/5/2020,453.26,33692.71,2390336949
965,Mallorie,Evershed,mevershedqs@shop-pro.jp,Female,13805.0,12/10/2020,192.13,2559.31,1751018539
966,Bendicty,Divver,bdivverqt@latimes.com,Bigender,340325.38,5/6/2020,2.92,12118.53,8732862768
967,Leonerd,Cisco,lciscoqu@163.com,Female,429451.97,8/15/2020,451.4,32167.88,9942534393
968,Elden,Bubbear,ebubbearqv@huffingtonpost.com,Agender,436742.43,1/3/2021,237.57,1745.74,4247677020
969,Stuart,Chupin,schupinqw@simplemachines.org,Bigender,434764.0,11/10/2020,224.52,25757.63,6195126446
970,Malia,Gresty,mgrestyqx@sogou.com,Agender,155956.39,8/30/2020,318.29,31067.89,2748581989
971,Tatum,Millington,tmillingtonqy@yandex.ru,Agender,69748.39,6/18/2020,164.82,47233.27,5525313936
972,Erastus,Rupp,eruppqz@360.cn,Female,491437.0,7/16/2020,298.63,38881.98,3423658711
973,Olympia,McTaggart,omctaggartr0@angelfire.com,Agender,38346.34,6/28/2020,480.77,46805.97,9328115329
974,Florian,Firmager,ffirmagerr1@zimbio.com,Agender,7744.57,7/23/2020,403.1,12329.0,0527077089
975,Cordey,Eccleshall,ceccleshallr2@army.mil,Agender,392495.76,6/17/2020,417.9,32301.74,8092409455
976,Osmond,Pughsley,opughsleyr3@ifeng.com,Polygender,97552.72,11/7/2020,49.16,41029.41,3664397266
977,Dorolice,Sodeau,dsodeaur4@theglobeandmail.com,Non-binary,284397.15,11/18/2020,145.62,12950.67,4835879791
978,Jo,Gumbrell,jgumbrellr5@dailymail.co.uk,Female,76104.27,5/21/2020,181.11,41940.57,5229523107
979,Solly,Polhill,spolhillr6@sitemeter.com,Polygender,122879.51,7/23/2020,17.5,12361.0,0420018816
980,Westbrook,Gillion,wgillionr7@friendfeed.com,Agender,242395.11,9/25/2020,82.19,3057.25,6806245919
981,Hamlin,Oglethorpe,hoglethorper8@dagondesign.com,Genderqueer,344226.39,8/13/2020,229.27,2825.4,7737229116
982,Carley,McNeice,cmcneicer9@yandex.ru,Bigender,121226.83,4/12/2020,206.73,41735.22,1944907092
983,June,Hendrikse,jhendriksera@netvibes.com,Polygender,475880.84,4/27/2020,308.97,26764.71,4472517647
984,Maxy,Ingolotti,mingolottirb@mozilla.org,Male,317425.89,3/13/2020,216.67,5093.99,1335896201
985,Olivette,Dawkes,odawkesrc@usgs.gov,Bigender,268955.89,8/26/2020,219.72,9375.87,9116165608
986,Elenore,Garstang,egarstangrd@harvard.edu,Female,302327.26,6/7/2020,84.87,15136.03,8016539750
987,Zora,Ogg,zoggre@un.org,Genderfluid,185869.11,12/6/2020,472.64,40688.48,6701641938
988,Derrek,Tobin,dtobinrf@mysql.com,Agender,152636.38,7/22/2020,447.98,22820.65,0866902317
989,Trudie,Morit,tmoritrg@bbb.org,Genderfluid,1706.25,3/21/2020,139.01,15834.33,9178535573
990,Isidro,Giraudou,igiraudourh@bbc.co.uk,Non-binary,81706.32,7/2/2020,341.57,5361.67,9342304532
991,Debbi,Bacon,dbaconri@plala.or.jp,Polygender,149719.79,10/11/2020,63.56,25497.78,1480076120
992,Gaultiero,Gheerhaert,ggheerhaertrj@wisc.edu,Polygender,122173.16,11/18/2020,127.96,43762.22,8174677402
993,Cristina,Joplin,cjoplinrk@github.io,Non-binary,386123.82,8/14/2020,31.68,16536.08,5437566298
994,Tann,Lindermann,tlindermannrl@admin.ch,Male,433974.11,4/16/2020,112.4,30261.33,7160492757
995,Omar,Clausner,oclausnerrm@csmonitor.com,Genderqueer,316639.01,9/15/2020,492.68,37023.49,2970693674
996,Clio,Wann,cwannrn@ibm.com,Female,233767.51,1/4/2021,422.44,21764.06,1671463447
997,Renault,Dinsdale,rdinsdalero@cnet.com,Genderfluid,198197.17,11/25/2020,375.34,24548.06,5219743937
998,Tomkin,Strangman,tstrangmanrp@diigo.com,Genderfluid,72342.27,2/8/2021,325.08,44550.69,5407360950
999,Morie,Merit,mmeritrq@omniture.com,Bigender,491715.54,12/21/2020,235.27,7269.73,4438844045
1000,Ramsey,O'Neary,ronearyrr@webeden.co.uk,Agender,51914.84,11/13/2020,1.66,7100.33,8189824473
