id_dipendente,first_name,last_name,email,gender,salario,data assunzione,id_autonoleggio,id_manager,numero_di_telefono
1,Breanne,Mowatt,bmowatt0@cdbaby.com,Female,297222.69,9/3/2020,413.9,2726.89,7206956718
2,Nikita,Barizeret,nbarizeret1@webeden.co.uk,Genderfluid,56629.9,11/12/2020,117.16,18622.62,2227464623
3,Ellary,Chaunce,echaunce2@independent.co.uk,Agender,93460.85,5/4/2020,394.71,46497.67,2722154943
4,Mandy,Hachard,mhachard3@salon.com,Female,389689.15,6/19/2020,196.07,43930.16,2042136255
5,Nancee,Ashpole,nashpole4@theglobeandmail.com,Bigender,138541.37,8/27/2020,233.59,35973.7,4358568726
6,Wilton,Duddy,wduddy5@sphinn.com,Polygender,149798.93,4/16/2020,203.31,16824.94,8844020041
7,Dulcinea,Gresty,dgresty6@altervista.org,Male,419941.92,9/4/2020,248.99,12403.54,5898242988
8,Lauren,Winchurst,lwinchurst7@amazonaws.com,Male,469905.21,11/30/2020,107.87,18261.89,4569928811
9,Oralle,Popelay,opopelay8@si.edu,Agender,482351.64,10/14/2020,5.1,3364.39,5936615359
10,Perle,Bourner,pbourner9@washingtonpost.com,Bigender,436146.25,7/30/2020,272.16,19671.33,5579579284
11,Rosemonde,Dykins,rdykinsa@hc360.com,Non-binary,14307.62,3/13/2020,17.29,28099.95,0324698054
12,Rose,Windley,rwindleyb@istockphoto.com,Male,421377.13,10/3/2020,117.36,11819.76,7397036783
13,Karin,Chedgey,kchedgeyc@newsvine.com,Non-binary,193655.08,12/6/2020,376.58,10824.59,7838969859
14,Olivette,Andreas,oandreasd@jimdo.com,Non-binary,69869.86,5/7/2020,411.58,35475.78,2377436579
15,Lenna,Abramov,labramove@qq.com,Polygender,185485.97,6/20/2020,377.85,47331.68,2121157913
16,Avis,Stoffels,astoffelsf@booking.com,Genderqueer,491803.95,12/18/2020,76.28,16785.47,7283962263
17,Bonni,Sprasen,bspraseng@ed.gov,Female,463043.32,1/9/2021,498.72,5442.95,8032594515
18,Burk,Boycott,bboycotth@noaa.gov,Polygender,384843.09,4/7/2020,98.49,1584.6,3637733455
19,Eachelle,Lyles,elylesi@ft.com,Bigender,91432.96,11/2/2020,266.91,10949.52,1279846941
20,Eda,Kielty,ekieltyj@reverbnation.com,Polygender,287008.36,7/3/2020,481.5,27449.69,1859336035
21,Xymenes,Tiuit,xtiuitk@loc.gov,Non-binary,171291.74,11/25/2020,190.45,33886.79,7771855954
22,Dennie,Cumming,dcummingl@webs.com,Non-binary,28963.5,6/29/2020,266.57,6761.08,6982872858
23,Honor,Noorwood,hnoorwoodm@domainmarket.com,Genderqueer,120728.96,6/22/2020,336.58,28778.5,0515237477
24,Susanna,Torald,storaldn@barnesandnoble.com,Polygender,112829.65,12/20/2020,270.58,28823.17,9537234088
25,Nerte,Titterrell,ntitterrello@t.co,Non-binary,413750.99,12/20/2020,184.96,8614.77,9594206772
26,Ethelyn,Prati,epratip@wufoo.com,Polygender,244717.17,1/21/2021,22.96,39150.47,1105631818
27,Fergus,Lyne,flyneq@people.com.cn,Female,90643.19,3/2/2020,313.1,31118.25,2767710004
28,Dale,Robathon,drobathonr@eventbrite.com,Polygender,397455.92,7/24/2020,142.69,12368.63,2908090341
29,Codie,Farren,cfarrens@eepurl.com,Male,204597.0,1/16/2021,13.22,38571.27,1346334137
30,Stanislaus,Lafaye,slafayet@weather.com,Genderfluid,37379.19,9/23/2020,340.92,49538.93,3861704943
31,Carilyn,Iohananof,ciohananofu@twitpic.com,Genderfluid,409347.49,9/1/2020,297.76,24777.81,1173589899
32,Carlen,Rydzynski,crydzynskiv@sphinn.com,Non-binary,288875.79,12/14/2020,285.45,30460.89,5545817247
33,Blair,Skarin,bskarinw@constantcontact.com,Polygender,239215.31,8/31/2020,337.03,8522.05,5807550897
34,Hirsch,Millbank,hmillbankx@bigcartel.com,Male,211130.63,7/4/2020,207.31,23133.69,1612217443
35,Trenna,McNeely,tmcneelyy@liveinternet.ru,Female,491143.68,3/2/2020,300.65,35263.58,4814397461
36,Daveen,Howsam,dhowsamz@businesswire.com,Genderqueer,416605.22,12/28/2020,61.35,34108.47,3815070015
37,Hughie,Stegell,hstegell10@netlog.com,Non-binary,292357.22,2/24/2020,242.97,7549.23,0663033624
38,Jae,Minucci,jminucci11@smh.com.au,Polygender,399745.36,12/6/2020,238.06,17681.83,4847427815
39,Terry,Kerins,tkerins12@dropbox.com,Female,492544.92,1/24/2021,414.51,323.02,9605988798
40,El,McGlaughn,emcglaughn13@nifty.com,Genderqueer,33586.13,5/21/2020,436.5,25293.58,7088048043
41,Isadore,Cadden,icadden14@businessweek.com,Genderqueer,317443.82,8/26/2020,359.72,15140.94,0724438548
42,Krystal,Richardin,krichardin15@ed.gov,Genderqueer,256650.87,9/22/2020,171.78,22157.29,3970239486
43,Deborah,Roe,droe16@purevolume.com,Genderqueer,369420.6,9/23/2020,267.58,49948.6,7703607142
44,Freddy,Olrenshaw,folrenshaw17@thetimes.co.uk,Non-binary,90139.63,1/14/2021,432.5,24644.56,1438676638
45,Keith,Lindenblatt,klindenblatt18@slideshare.net,Male,162683.54,2/28/2020,392.77,47623.9,4997921890
46,Alessandra,Varker,avarker19@businessweek.com,Non-binary,351698.57,6/10/2020,118.99,46147.81,0255859368
47,Rudie,Beckley,rbeckley1a@pen.io,Male,358271.36,10/16/2020,197.28,24328.62,1554635683
48,Tobe,Hargrave,thargrave1b@ucoz.ru,Genderfluid,430842.38,8/24/2020,362.8,15501.21,1945053909
49,Sybil,Faldo,sfaldo1c@1und1.de,Genderqueer,375355.96,8/17/2020,176.02,6621.19,4005787576
50,Grace,Hackly,ghackly1d@umn.edu,Genderfluid,331310.73,12/29/2020,491.12,23817.29,0605323127
51,Roddie,Bratton,rbratton1e@facebook.com,Female,241866.57,5/10/2020,89.2,17116.19,1029200483
52,Cale,Arp,carp1f@shinystat.com,Genderqueer,346013.17,7/1/2020,97.66,21717.75,2168779457
53,Betsy,Paolozzi,bpaolozzi1g@apple.com,Female,98007.04,9/3/2020,394.85,8894.67,2815971240
54,Tawsha,Pinkard,tpinkard1h@salon.com,Non-binary,334986.64,11/26/2020,197.31,49628.63,1641324414
55,Langston,Haw,lhaw1i@usa.gov,Genderqueer,110853.41,9/29/2020,243.48,10149.76,0587619341
56,Sylvan,Arrighi,sarrighi1j@hao123.com,Polygender,152418.36,2/7/2021,481.03,40041.08,8766396344
57,Jamima,Johnston,jjohnston1k@mozilla.org,Genderqueer,358134.97,10/10/2020,188.1,49876.83,4478711089
58,Gregorio,Polglaze,gpolglaze1l@digg.com,Male,250874.95,9/19/2020,493.32,1267.84,6036871325
59,Gerrilee,Depport,gdepport1m@home.pl,Genderqueer,356039.12,3/8/2020,327.72,49033.24,1684416329
60,Karly,Giannotti,kgiannotti1n@patch.com,Polygender,183805.61,12/31/2020,310.54,38389.98,5435315301
61,Bunni,Livingston,blivingston1o@google.ru,Genderqueer,357934.1,5/14/2020,145.81,40644.04,1094668540
62,Patrizia,Groombridge,pgroombridge1p@phoca.cz,Female,468753.0,11/10/2020,63.85,41501.09,5384590297
63,Jerald,Sieur,jsieur1q@yandex.ru,Non-binary,83469.75,9/16/2020,392.2,46201.94,8398233214
64,Timothy,Riping,triping1r@foxnews.com,Agender,102041.8,9/29/2020,374.93,17840.9,3410200932
65,Tamas,Gwin,tgwin1s@drupal.org,Bigender,468086.05,3/24/2020,418.78,25679.19,4423841142
66,Jeremy,Jump,jjump1t@1und1.de,Agender,141677.47,3/19/2020,156.5,26433.51,1886848645
67,Natale,Chawner,nchawner1u@sun.com,Non-binary,341193.44,5/13/2020,197.04,34412.1,6508830465
68,Nicola,Premble,npremble1v@hud.gov,Bigender,56295.92,4/25/2020,115.96,12058.06,7992167457
69,Cordey,Haldane,chaldane1w@twitpic.com,Non-binary,173589.44,12/20/2020,244.68,40323.6,5688039922
70,Kakalina,Golbourn,kgolbourn1x@tripadvisor.com,Bigender,278579.14,5/8/2020,168.98,5174.31,3291688872
71,Ced,Riditch,criditch1y@squidoo.com,Genderfluid,248212.8,6/15/2020,101.06,22641.56,2347670484
72,Sonya,Weetch,sweetch1z@a8.net,Male,182695.58,10/21/2020,13.58,29475.13,4325554084
73,Verene,Thebe,vthebe20@fda.gov,Non-binary,172027.74,12/25/2020,466.05,23871.33,2982860619
74,Bethanne,Heyfield,bheyfield21@un.org,Non-binary,219552.3,10/2/2020,292.97,10421.03,1917549865
75,Aylmar,Frushard,afrushard22@elpais.com,Genderqueer,103998.91,12/30/2020,237.19,4631.8,3404935918
76,Wilona,Jeffreys,wjeffreys23@princeton.edu,Male,391436.0,7/8/2020,487.25,19863.34,7189773282
77,Rayner,Vickerstaff,rvickerstaff24@alibaba.com,Agender,339206.0,5/7/2020,172.11,20832.38,2827271052
78,Harbert,Casel,hcasel25@simplemachines.org,Polygender,176130.96,4/22/2020,155.11,1810.03,9831092600
79,Pebrook,Sharpous,psharpous26@home.pl,Genderfluid,200881.29,12/24/2020,13.37,45840.11,1224547683
80,Isabelita,Pitcher,ipitcher27@4shared.com,Genderqueer,409522.21,3/1/2020,399.64,34995.68,0972433392
81,Joyan,Kupper,jkupper28@springer.com,Bigender,153049.5,10/20/2020,160.42,47767.15,9146162305
82,Bette,Houseman,bhouseman29@epa.gov,Non-binary,344115.71,11/1/2020,461.71,4043.72,2658988796
83,Maryjane,Collelton,mcollelton2a@last.fm,Male,414824.74,3/23/2020,299.74,38749.43,5120632386
84,Keary,McCome,kmccome2b@yolasite.com,Male,242771.73,11/10/2020,498.33,28740.77,8463121993
85,Cyrill,Fairleigh,cfairleigh2c@unblog.fr,Genderqueer,369274.76,3/14/2020,456.35,14762.94,8080721890
86,Keely,McGibbon,kmcgibbon2d@zdnet.com,Bigender,401507.57,7/6/2020,493.59,38856.49,0754520331
87,Gary,Montier,gmontier2e@dedecms.com,Polygender,165650.14,1/13/2021,185.78,15941.24,2204287342
88,Darla,Scargle,dscargle2f@archive.org,Non-binary,264298.26,2/1/2021,447.07,45290.1,2031439030
89,Asia,Riddich,ariddich2g@bbb.org,Male,396333.07,8/1/2020,158.04,49333.7,7931621263
90,Mei,Oak,moak2h@myspace.com,Non-binary,37799.16,2/9/2020,384.25,38797.5,4603088884
91,Harmony,Duiged,hduiged2i@europa.eu,Genderqueer,117741.38,5/4/2020,218.66,47496.77,2072417023
92,Lorraine,Ayres,layres2j@pagesperso-orange.fr,Polygender,332921.69,11/6/2020,357.05,35777.36,2990262946
93,Sol,Sheppard,ssheppard2k@storify.com,Agender,101679.95,9/11/2020,230.89,1160.18,7597352387
94,Garreth,Lightbourn,glightbourn2l@paypal.com,Polygender,320056.67,9/18/2020,177.67,12776.31,5452215344
95,Hubert,Newman,hnewman2m@123-reg.co.uk,Genderfluid,147299.51,5/23/2020,264.29,36959.8,0050098381
96,Gannie,Fish,gfish2n@symantec.com,Non-binary,149712.06,8/6/2020,385.51,3736.28,6243191494
97,Barnabe,Guillart,bguillart2o@engadget.com,Bigender,58835.3,1/19/2021,272.58,32344.06,9857408672
98,Annabelle,Rouke,arouke2p@github.io,Bigender,157898.29,1/30/2021,400.69,33044.75,4477513208
99,Briant,Chezier,bchezier2q@uol.com.br,Agender,152210.3,8/12/2020,471.2,13951.55,9679910105
100,Lilas,Laity,llaity2r@nps.gov,Female,13392.62,8/14/2020,252.47,23356.07,7419454809
101,Son,Breakey,sbreakey2s@guardian.co.uk,Female,203846.44,10/28/2020,157.77,19929.39,5126540009
102,Reggie,Manginot,rmanginot2t@sciencedirect.com,Genderqueer,36432.57,5/9/2020,344.81,1227.33,3350912842
103,Onida,Graal,ograal2u@xrea.com,Genderfluid,35802.27,12/6/2020,322.41,13492.29,1518847579
104,Ruggiero,Canadas,rcanadas2v@reverbnation.com,Agender,72485.51,11/7/2020,409.71,23272.56,1666932019
105,Thacher,Faro,tfaro2w@forbes.com,Male,362487.16,2/18/2020,314.55,33734.41,4754460723
106,Anni,Ellams,aellams2x@baidu.com,Male,79355.02,2/16/2020,426.83,13064.16,9960963993
107,Korrie,Dargue,kdargue2y@edublogs.org,Bigender,10036.46,7/8/2020,479.24,48250.66,1765305489
108,Weston,Lambdean,wlambdean2z@imdb.com,Agender,255884.86,4/6/2020,441.56,23679.41,4980766307
109,Kaila,Candish,kcandish30@opera.com,Female,479217.1,6/28/2020,412.3,13315.07,3744291200
110,Gunter,Flacke,gflacke31@booking.com,Genderqueer,86707.94,2/6/2021,73.28,44415.62,0127272933
111,Lauri,Hort,lhort32@noaa.gov,Agender,154017.31,11/15/2020,293.24,10449.28,3220612644
112,Kevin,Jacques,kjacques33@technorati.com,Genderfluid,470942.49,7/8/2020,120.06,40682.85,4544826098
113,D'arcy,Wintersgill,dwintersgill34@istockphoto.com,Male,38835.73,7/9/2020,405.71,40619.68,7001995258
114,Robinet,Heatly,rheatly35@ow.ly,Female,50400.79,6/12/2020,429.92,49625.34,7368082411
115,Hewet,Garfit,hgarfit36@angelfire.com,Male,246947.94,7/15/2020,55.05,11270.69,2830759419
116,Brooks,Philbrick,bphilbrick37@cdbaby.com,Non-binary,445307.18,4/13/2020,2.27,11852.25,6031841444
117,Justus,Klouz,jklouz38@businessinsider.com,Genderqueer,3097.36,4/13/2020,98.29,37881.0,9626619074
118,Luz,Garment,lgarment39@hc360.com,Polygender,134348.84,5/22/2020,211.41,20142.94,5457856097
119,Yves,Filip,yfilip3a@joomla.org,Genderfluid,463728.09,12/15/2020,470.69,34647.14,6123640321
120,Gypsy,McQuilliam,gmcquilliam3b@addtoany.com,Female,420247.99,4/19/2020,62.14,40537.83,1563650673
121,Roby,Sissot,rsissot3c@163.com,Female,127158.98,1/29/2021,467.35,22087.35,5312502731
122,Sisile,McConway,smcconway3d@cocolog-nifty.com,Agender,474868.9,9/29/2020,108.93,27936.73,7634338680
123,Kayle,Surguine,ksurguine3e@newsvine.com,Genderqueer,367232.63,8/5/2020,237.79,28693.15,8254521417
124,Lyndell,Leinster,lleinster3f@netlog.com,Female,302227.9,7/6/2020,276.26,46422.61,0276295080
125,Chuck,Comiskey,ccomiskey3g@un.org,Polygender,268092.53,7/27/2020,8.08,30980.79,3453037553
126,Janine,Fasham,jfasham3h@google.com.hk,Non-binary,377923.51,12/11/2020,95.89,8335.28,3964738905
127,Roxi,Evens,revens3i@usnews.com,Female,301071.47,2/14/2020,254.19,26968.06,7215661407
128,Hinda,Reddy,hreddy3j@privacy.gov.au,Non-binary,208184.82,2/2/2021,430.78,1785.84,5021806386
129,Madelon,Diggens,mdiggens3k@webmd.com,Non-binary,78840.88,1/11/2021,329.11,47279.61,0208599711
130,Halley,Pencot,hpencot3l@oracle.com,Agender,334666.0,8/26/2020,97.95,30486.17,4375509139
131,Victoria,Frarey,vfrarey3m@google.ca,Polygender,346764.47,3/12/2020,335.7,49349.98,3813827224
132,Pepe,Goggan,pgoggan3n@wiley.com,Polygender,346470.56,10/8/2020,80.83,13307.57,4810002063
133,Ludovico,Murkitt,lmurkitt3o@edublogs.org,Polygender,39171.17,12/11/2020,320.99,6976.38,6183397172
134,Merry,Kave,mkave3p@va.gov,Male,157268.71,5/1/2020,111.89,47751.89,5081971812
135,Tawsha,Knowlson,tknowlson3q@squarespace.com,Polygender,263356.41,4/30/2020,118.87,42839.76,7507918688
136,Stephanie,Scarth,sscarth3r@hatena.ne.jp,Non-binary,332419.55,9/23/2020,13.04,19460.34,6299553863
137,De,McBrearty,dmcbrearty3s@ft.com,Bigender,177752.33,8/19/2020,297.78,4155.98,0587310359
138,Alverta,Kernes,akernes3t@nature.com,Non-binary,293251.3,7/23/2020,27.15,36060.39,5016536724
139,Montague,Ensten,mensten3u@soup.io,Non-binary,285909.66,12/15/2020,365.18,25174.11,4976472337
140,Craggie,Eckert,ceckert3v@skype.com,Non-binary,31266.63,2/13/2020,373.31,29251.64,5292222690
141,Corie,Speddin,cspeddin3w@nasa.gov,Bigender,442131.31,4/27/2020,61.61,28603.5,9742063095
142,Monro,Guyot,mguyot3x@vistaprint.com,Polygender,443705.97,7/26/2020,171.99,3714.03,5088300239
143,Xerxes,Mandry,xmandry3y@cdbaby.com,Agender,67576.66,2/8/2021,76.09,34738.89,0533557089
144,Nicki,Braley,nbraley3z@ifeng.com,Polygender,377593.4,11/7/2020,417.28,2508.98,8682177188
145,Jackson,Strathdee,jstrathdee40@symantec.com,Genderqueer,481000.63,8/31/2020,449.34,6108.53,7517194143
146,Stormy,Rickeard,srickeard41@sciencedirect.com,Bigender,244836.4,4/19/2020,60.54,14057.26,9787334306
147,Delly,Rhymes,drhymes42@wsj.com,Polygender,134821.31,3/8/2020,248.45,36475.01,0660034956
148,Tansy,Yurocjhin,tyurocjhin43@go.com,Polygender,328570.99,12/8/2020,24.95,12195.37,2046814169
149,Doralia,Crossman,dcrossman44@instagram.com,Agender,137527.2,4/18/2020,284.25,6740.49,8148896798
150,Nonah,Tallboy,ntallboy45@mozilla.org,Polygender,439884.26,4/24/2020,166.19,33534.89,7052761947
151,Ceciley,O'Shea,coshea46@irs.gov,Non-binary,355622.27,3/6/2020,93.27,8241.13,9521632585
152,Burt,Karadzas,bkaradzas47@bloomberg.com,Female,106733.04,7/7/2020,358.35,10387.5,6177379400
153,Clerc,Pudsey,cpudsey48@yelp.com,Genderfluid,129811.42,6/12/2020,169.96,456.73,9573534088
154,Saunderson,MacCaughey,smaccaughey49@cocolog-nifty.com,Female,78502.73,1/21/2021,222.85,45064.06,3533150135
155,Davida,Goalley,dgoalley4a@dot.gov,Male,294287.81,7/25/2020,279.8,2505.97,4174784426
156,Jocelyn,Rozec,jrozec4b@list-manage.com,Genderqueer,292930.4,9/18/2020,90.6,24406.7,3716761141
157,Konstanze,Musker,kmusker4c@stanford.edu,Agender,494140.48,7/6/2020,192.64,22552.51,9467810093
158,Jakie,Swaite,jswaite4d@biblegateway.com,Non-binary,56764.52,12/19/2020,170.94,20448.28,0020095872
159,Drusilla,Skullet,dskullet4e@smugmug.com,Genderfluid,475531.93,11/16/2020,402.95,42820.09,5004805385
160,Claribel,Casham,ccasham4f@hostgator.com,Female,169285.11,2/20/2020,222.54,48966.82,7325266405
161,Jerrie,Edlington,jedlington4g@jalbum.net,Polygender,394197.67,12/21/2020,341.64,45066.13,9965728550
162,Amye,Wheeliker,awheeliker4h@ifeng.com,Bigender,168128.4,8/19/2020,76.69,18559.81,4320384733
163,Florie,Brierley,fbrierley4i@eepurl.com,Female,97413.16,8/4/2020,437.88,25645.29,5866514338
164,Annmaria,Duesberry,aduesberry4j@so-net.ne.jp,Female,299378.04,5/14/2020,408.99,27592.29,4464006973
165,Pauline,Finlow,pfinlow4k@marriott.com,Genderqueer,183039.16,12/22/2020,464.57,18809.35,9253208856
166,Ailee,Peasby,apeasby4l@issuu.com,Non-binary,379596.9,4/10/2020,321.11,32642.75,3327810583
167,Harmonia,Sisey,hsisey4m@pen.io,Female,92142.98,4/10/2020,294.51,29773.23,8358846223
168,Anastassia,Masson,amasson4n@163.com,Genderqueer,31333.17,8/7/2020,154.62,24961.12,7282639094
169,Camel,Warlow,cwarlow4o@multiply.com,Genderqueer,100238.59,3/9/2020,41.43,43884.57,3350366252
170,Allie,Cappel,acappel4p@dot.gov,Bigender,55518.2,12/9/2020,6.7,27138.61,8083820962
171,Borden,Jays,bjays4q@artisteer.com,Non-binary,393464.1,10/27/2020,355.69,26762.19,2321480238
172,Rosette,Lethabridge,rlethabridge4r@rambler.ru,Polygender,336228.75,8/9/2020,462.08,45265.26,4215677386
173,Hagan,Glanders,hglanders4s@washington.edu,Polygender,479263.82,6/30/2020,377.87,17923.21,7020188508
174,Kippie,Penkethman,kpenkethman4t@youku.com,Non-binary,321231.0,11/23/2020,154.67,30109.04,1999778960
175,Darryl,Mincini,dmincini4u@sciencedirect.com,Female,59010.1,9/29/2020,26.12,13977.45,7386303920
176,Dalis,Broadhead,dbroadhead4v@list-manage.com,Genderfluid,469793.14,2/15/2020,38.91,536.4,0207480214
177,Wolfie,Prettjohn,wprettjohn4w@illinois.edu,Agender,330762.17,2/23/2020,456.48,28996.21,2248156650
178,Ruy,Klemke,rklemke4x@booking.com,Genderfluid,24121.28,7/5/2020,418.6,37093.15,7490794544
179,Jud,Atwell,jatwell4y@weebly.com,Genderfluid,227362.99,10/9/2020,437.69,36502.92,6232993225
180,Therese,Crowter,tcrowter4z@businessweek.com,Bigender,95334.78,8/21/2020,287.24,4000.28,3875693264
181,Mariquilla,Sidworth,msidworth50@google.cn,Female,114404.65,5/10/2020,252.08,7605.62,5575071731
182,Kendal,Weathey,kweathey51@meetup.com,Agender,456499.83,7/19/2020,485.91,18369.03,1271531364
183,Elita,Gerardet,egerardet52@opera.com,Polygender,185305.59,5/21/2020,218.0,11293.64,7341553219
184,Pet,Thurlbeck,pthurlbeck53@mayoclinic.com,Male,466949.07,6/13/2020,17.67,11404.18,1623393736
185,Kristel,Firebrace,kfirebrace54@quantcast.com,Genderfluid,415489.55,1/22/2021,445.39,26538.37,2110807423
186,Maddie,Wilcox,mwilcox55@livejournal.com,Agender,279103.18,12/12/2020,44.24,11500.4,7088209063
187,Alejandra,Selland,aselland56@un.org,Agender,173765.7,6/18/2020,411.2,2761.29,5301126741
188,Kenna,Jewson,kjewson57@drupal.org,Non-binary,310251.31,12/27/2020,21.7,16253.35,7385861555
189,Berty,Custance,bcustance58@nationalgeographic.com,Agender,381293.79,5/9/2020,105.68,21341.46,1764397207
190,Ambrose,Eggers,aeggers59@mozilla.org,Genderfluid,288847.24,9/19/2020,344.98,13015.48,8829646962
191,Tressa,Softley,tsoftley5a@skype.com,Female,259687.84,4/14/2020,109.21,36288.93,0237437562
192,Ursa,Dumphy,udumphy5b@creativecommons.org,Agender,256492.53,10/21/2020,308.82,21749.07,3451859831
193,Ludovika,Trevance,ltrevance5c@youtube.com,Non-binary,285392.57,1/6/2021,476.95,29566.78,7373233651
194,Thatch,Eckersley,teckersley5d@salon.com,Genderfluid,151889.46,9/26/2020,17.29,38023.71,8590500705
195,Karoline,Carolan,kcarolan5e@latimes.com,Non-binary,150162.43,7/3/2020,446.32,43547.31,2145076379
196,Rollin,Mordey,rmordey5f@uiuc.edu,Genderfluid,371864.86,8/8/2020,437.8,35175.72,4432703296
197,Gerrie,Leggon,gleggon5g@sun.com,Male,416664.41,5/23/2020,490.88,4797.97,3850647358
198,Reginauld,Sisley,rsisley5h@geocities.jp,Genderfluid,345722.74,1/10/2021,353.11,2364.89,2457455103
199,Jeremy,Guidera,jguidera5i@economist.com,Female,59995.52,11/23/2020,65.73,39492.61,4274398234
200,Zachery,Lafflin,zlafflin5j@columbia.edu,Agender,443332.59,4/17/2020,478.19,10358.33,9051725493
201,Marjie,Gloy,mgloy5k@dell.com,Genderqueer,354236.94,12/16/2020,355.26,15963.83,9391592295
202,Annabelle,Tomsu,atomsu5l@tripod.com,Polygender,136448.62,3/2/2020,341.7,23440.22,1926585097
203,Leonelle,Holdren,lholdren5m@scientificamerican.com,Male,18734.89,7/28/2020,190.06,18475.47,2101603217
204,Channa,Dahlback,cdahlback5n@icq.com,Male,263476.8,5/24/2020,282.78,22333.87,1062045629
205,Creigh,Leaming,cleaming5o@amazonaws.com,Female,371653.55,12/2/2020,343.11,15258.47,4481293446
206,Cheryl,Luthwood,cluthwood5p@soundcloud.com,Female,76109.94,5/18/2020,91.34,28552.59,9845905234
207,Kay,Demeza,kdemeza5q@hibu.com,Bigender,117220.57,1/7/2021,123.0,49982.79,0106704079
208,Ario,Jouning,ajouning5r@uol.com.br,Non-binary,222793.94,1/2/2021,341.82,44945.56,7901816457
209,Dolorita,Giblin,dgiblin5s@archive.org,Female,381922.39,11/16/2020,324.42,13987.05,6299487798
210,Catarina,Lerohan,clerohan5t@amazon.com,Genderfluid,473383.35,7/15/2020,165.22,7066.03,5483221435
211,Jane,Luff,jluff5u@alibaba.com,Polygender,120992.18,7/29/2020,291.45,20010.73,6151523172
212,Yasmin,Labes,ylabes5v@icq.com,Non-binary,142488.97,7/20/2020,105.46,20498.92,5898978097
213,Anna,Casillas,acasillas5w@china.com.cn,Agender,475302.21,8/28/2020,392.61,8214.67,1163960489
214,Ramsey,Trude,rtrude5x@nydailynews.com,Genderfluid,160391.82,5/17/2020,435.53,43465.74,7213768468
215,Marcelle,Redmell,mredmell5y@noaa.gov,Female,267942.9,3/7/2020,298.82,11042.18,5471435257
216,Udale,Delaney,udelaney5z@clickbank.net,Agender,278106.4,2/16/2020,367.14,20104.2,1186451130
217,Kelsi,Elegood,kelegood60@ameblo.jp,Bigender,65561.44,5/4/2020,398.86,26858.25,8902602664
218,Calv,Balston,cbalston61@theatlantic.com,Agender,376427.09,1/20/2021,103.66,49625.29,1321000405
219,Cynthea,McTerry,cmcterry62@mozilla.com,Polygender,52227.91,12/14/2020,104.33,27735.84,9296149878
220,Clarabelle,Goodnow,cgoodnow63@diigo.com,Male,296427.88,12/2/2020,407.15,46789.58,2893075703
221,Alister,Stonelake,astonelake64@walmart.com,Genderqueer,297448.0,11/7/2020,268.33,44966.0,5057254243
222,Avie,Whight,awhight65@issuu.com,Bigender,267228.19,2/14/2020,492.12,43598.48,2231741016
223,Melissa,Milthorpe,mmilthorpe66@squarespace.com,Male,406176.16,9/16/2020,430.87,24796.13,4101949530
224,Devi,Elcoat,delcoat67@360.cn,Genderfluid,494602.59,7/8/2020,474.55,20658.38,3824322811
225,Kristyn,Seers,kseers68@spiegel.de,Non-binary,443627.18,8/3/2020,2.97,40908.8,2799975054
226,Rianon,Noirel,rnoirel69@slideshare.net,Non-binary,118566.21,4/27/2020,67.57,14289.23,1726754030
227,Gabie,Haxell,ghaxell6a@dot.gov,Polygender,452739.36,9/8/2020,419.33,30355.08,6872325585
228,Ruthie,Dubois,rdubois6b@ihg.com,Genderqueer,204463.64,5/14/2020,321.99,37159.59,1047057921
229,Agnes,Rosenberg,arosenberg6c@columbia.edu,Genderqueer,458619.35,7/27/2020,53.3,36064.76,5556500223
230,Hilda,Younge,hyounge6d@photobucket.com,Male,245499.59,5/19/2020,30.02,46674.42,5293187260
231,Hillery,Kyncl,hkyncl6e@springer.com,Polygender,486959.93,8/7/2020,207.32,19768.41,8554515307
232,Monro,Yakutin,myakutin6f@bravesites.com,Bigender,481642.15,6/16/2020,224.28,16059.28,4262821641
233,Frederic,Schreurs,fschreurs6g@fastcompany.com,Non-binary,214722.82,6/5/2020,78.26,46887.91,6952248056
234,Cross,Smalcombe,csmalcombe6h@comcast.net,Female,410893.8,1/22/2021,70.92,35194.08,7283138153
235,Stillmann,Bugdall,sbugdall6i@wix.com,Bigender,112818.62,3/31/2020,355.45,13741.17,9100303038
236,Pearline,Leate,pleate6j@themeforest.net,Male,398480.82,7/17/2020,234.63,23407.48,7669305959
237,Tonnie,Kings,tkings6k@tumblr.com,Genderfluid,268982.37,5/29/2020,365.65,8217.97,5085102304
238,Belicia,Fennelow,bfennelow6l@devhub.com,Genderqueer,14241.33,2/10/2020,288.9,17978.77,6634671214
239,Debbie,Lowson,dlowson6m@arizona.edu,Male,496741.75,8/1/2020,169.61,45656.98,1984680323
240,Gray,Condliffe,gcondliffe6n@ebay.co.uk,Genderqueer,484816.7,5/3/2020,69.15,27607.49,8094263482
241,Tanner,Cammidge,tcammidge6o@google.cn,Agender,64253.47,10/24/2020,411.87,30388.74,5659962351
242,Alyss,Mendel,amendel6p@ted.com,Polygender,229073.22,7/4/2020,297.67,11078.86,3086556366
243,Cicily,Broose,cbroose6q@archive.org,Polygender,156304.51,3/9/2020,332.18,28405.72,4295398411
244,Estevan,Godleman,egodleman6r@aboutads.info,Male,316601.81,12/30/2020,443.07,44983.39,5177839486
245,Roxana,Preist,rpreist6s@dion.ne.jp,Agender,209907.44,1/21/2021,169.31,12037.33,2400322449
246,Ellery,Bleddon,ebleddon6t@reddit.com,Bigender,320288.52,7/19/2020,134.19,14057.0,8489199418
247,Smitty,Shortt,sshortt6u@cbslocal.com,Agender,290085.28,1/10/2021,149.83,3483.89,3965329464
248,Arlie,Bamford,abamford6v@census.gov,Male,460809.78,7/27/2020,400.84,38908.69,8392979303
249,Isabella,Tytherton,itytherton6w@independent.co.uk,Non-binary,202769.08,10/4/2020,475.95,214.99,8299801125
250,Gabie,Kynan,gkynan6x@meetup.com,Polygender,257428.01,5/11/2020,18.79,15320.42,3449771272
251,Adan,Landrieu,alandrieu6y@mozilla.org,Polygender,64837.35,3/21/2020,312.69,41598.32,7972060894
252,Kristina,Baynard,kbaynard6z@boston.com,Agender,177579.5,2/1/2021,13.52,99.7,3700711379
253,Malanie,Yushachkov,myushachkov70@sohu.com,Agender,279652.0,1/22/2021,63.38,22618.77,9708525766
254,Hunt,Duer,hduer71@ocn.ne.jp,Bigender,411108.96,8/1/2020,479.7,15584.25,8302430064
255,Dalston,Raitie,draitie72@xrea.com,Polygender,53096.53,7/20/2020,433.09,11191.79,5105665848
256,Portia,Shillington,pshillington73@yellowbook.com,Agender,55476.83,6/11/2020,143.78,45886.08,6306778128
257,Silvano,Dalloway,sdalloway74@chronoengine.com,Bigender,27929.22,6/5/2020,159.6,47328.95,5003726104
258,Zak,Forestel,zforestel75@jugem.jp,Agender,347131.15,4/30/2020,449.27,7354.86,5816868632
259,Kerianne,Petherick,kpetherick76@biblegateway.com,Agender,336671.49,8/5/2020,79.58,36392.17,5112562595
260,Langston,Bastick,lbastick77@indiegogo.com,Bigender,131752.82,5/27/2020,399.83,27997.11,4511746168
261,Todd,Morrott,tmorrott78@constantcontact.com,Non-binary,496929.73,2/16/2020,364.92,15874.51,0420530983
262,Rowney,Kilfedder,rkilfedder79@people.com.cn,Non-binary,458425.88,8/13/2020,70.38,33216.02,9179996795
263,Christiane,Giffaut,cgiffaut7a@va.gov,Polygender,402635.03,3/22/2020,150.0,27995.31,0109039246
264,Horst,Fleis,hfleis7b@de.vu,Non-binary,357275.93,3/22/2020,151.89,8472.57,7785180679
265,Audry,Dutchburn,adutchburn7c@jiathis.com,Genderqueer,366581.82,3/14/2020,107.74,23066.85,5295179281
266,Niki,Mullen,nmullen7d@ibm.com,Female,408530.13,10/5/2020,489.36,46954.5,4432542632
267,Arden,Sollars,asollars7e@hubpages.com,Agender,496504.1,8/3/2020,60.71,40725.6,5189262472
268,Carmelle,Winterburn,cwinterburn7f@marketwatch.com,Agender,497378.71,1/13/2021,396.83,13788.97,1613888252
269,Emmet,Jansema,ejansema7g@slate.com,Polygender,312766.47,7/6/2020,266.06,30697.45,2182825592
270,Ulysses,Corneille,ucorneille7h@eepurl.com,Polygender,407514.71,3/6/2020,138.17,11408.18,4739124335
271,Kaela,Lammenga,klammenga7i@irs.gov,Female,148020.93,8/24/2020,392.93,45318.41,2371349577
272,Alberik,Feldberg,afeldberg7j@geocities.com,Non-binary,63902.06,2/17/2020,22.46,17910.99,5365990366
273,Catrina,Hansard,chansard7k@slashdot.org,Non-binary,321179.06,12/18/2020,414.15,44930.32,2726000363
274,Saunderson,Vannoort,svannoort7l@auda.org.au,Bigender,316917.11,9/25/2020,146.13,49974.57,4014874974
275,Carissa,Abrahm,cabrahm7m@quantcast.com,Polygender,337961.0,10/24/2020,171.35,42400.68,0867765925
276,Carmine,Dunning,cdunning7n@livejournal.com,Agender,207705.55,10/2/2020,316.92,18399.3,6469741002
277,Rutter,Ainge,rainge7o@gov.uk,Polygender,103142.31,7/27/2020,36.12,37438.83,2701385539
278,Niall,Deely,ndeely7p@auda.org.au,Genderfluid,148438.9,12/16/2020,136.06,679.13,0397960700
279,Barret,Alcide,balcide7q@altervista.org,Polygender,408940.0,7/23/2020,223.72,22557.64,5959613832
280,Jessa,Estick,jestick7r@opera.com,Genderqueer,100388.21,1/28/2021,450.9,19970.87,7979718542
281,Fernanda,Olifaunt,folifaunt7s@trellian.com,Genderfluid,247108.42,4/16/2020,410.47,40177.18,8587315986
282,Leanora,Paulazzi,lpaulazzi7t@addthis.com,Genderqueer,123856.16,7/25/2020,284.55,15489.85,8232252448
283,Lillian,McTrustram,lmctrustram7u@latimes.com,Non-binary,315569.0,10/13/2020,460.86,9967.59,0350091161
284,Ruttger,Greguol,rgreguol7v@unesco.org,Bigender,69661.84,6/23/2020,202.68,24280.95,1348608765
285,Etan,Dashkov,edashkov7w@princeton.edu,Female,332910.6,10/30/2020,299.31,46446.57,0347088694
286,Chuck,Shapter,cshapter7x@boston.com,Agender,429120.31,12/16/2020,64.82,36029.28,8411603423
287,Laurianne,Lamperti,llamperti7y@disqus.com,Bigender,484764.02,1/22/2021,486.4,31780.82,4215798175
288,Aubrey,O'Hegertie,aohegertie7z@independent.co.uk,Male,30030.97,11/2/2020,434.62,32791.16,7687652231
289,Lizabeth,Domingues,ldomingues80@netvibes.com,Non-binary,166313.31,8/18/2020,313.99,20243.24,6859525355
290,Gordie,Lodevick,glodevick81@arstechnica.com,Non-binary,131738.57,7/10/2020,264.05,13064.08,9798845781
291,Judy,Denge,jdenge82@alibaba.com,Bigender,171409.5,7/30/2020,287.46,6445.35,6555752343
292,Miner,Drinkale,mdrinkale83@ted.com,Bigender,427140.25,5/9/2020,33.5,34905.63,9586288757
293,Cyrillus,Phelipeau,cphelipeau84@tinyurl.com,Genderqueer,253241.54,3/31/2020,375.06,30949.07,9804994631
294,Cord,Hutcheon,chutcheon85@newsvine.com,Non-binary,10454.16,12/26/2020,33.32,17488.0,3892021864
295,Dallas,Yacob,dyacob86@thetimes.co.uk,Genderfluid,24374.97,1/17/2021,147.42,45648.16,1092453180
296,Cyrill,Escudier,cescudier87@jigsy.com,Genderqueer,96283.96,8/24/2020,110.69,34172.75,9631880648
297,Carin,Heap,cheap88@house.gov,Bigender,65067.5,2/19/2020,185.69,20080.74,9460733913
298,Mira,Jewson,mjewson89@intel.com,Non-binary,71528.08,10/10/2020,440.03,35018.95,2279484188
299,Richmond,Winridge,rwinridge8a@wsj.com,Polygender,390954.78,10/28/2020,462.31,27324.15,4226395794
300,Sunny,Seine,sseine8b@bing.com,Polygender,225058.61,2/5/2021,93.65,18599.22,8526219359
301,Noel,Dominik,ndominik8c@jigsy.com,Polygender,373145.88,2/10/2020,423.03,25696.18,7271424725
302,Agace,Coveney,acoveney8d@senate.gov,Male,396931.2,5/22/2020,196.29,13138.43,5612086148
303,Roley,Bootland,rbootland8e@blogspot.com,Non-binary,343019.71,6/4/2020,127.08,17608.9,8815953000
304,Jennie,Rymmer,jrymmer8f@abc.net.au,Male,110928.92,6/7/2020,99.14,23573.82,8259721538
305,Lacy,Burcher,lburcher8g@about.me,Bigender,155731.57,6/30/2020,38.05,7839.88,3702180613
306,Elonore,Maddy,emaddy8h@gmpg.org,Genderqueer,306700.36,12/23/2020,421.25,7488.7,2225010528
307,Edgard,MacGilmartin,emacgilmartin8i@drupal.org,Agender,259898.8,4/4/2020,288.84,4057.61,8452601492
308,Abrahan,Bohike,abohike8j@msn.com,Female,286397.87,10/9/2020,423.69,48175.78,5008651323
309,Jilly,Eilhart,jeilhart8k@netlog.com,Female,131069.25,3/12/2020,286.33,48815.11,6343760458
310,Maurine,Pressdee,mpressdee8l@who.int,Genderqueer,11549.5,10/20/2020,236.13,46217.68,0799053945
311,Isac,Yates,iyates8m@arstechnica.com,Polygender,109293.1,12/15/2020,42.18,36218.94,7020596975
312,Dyanna,Hedlestone,dhedlestone8n@miibeian.gov.cn,Genderfluid,368452.42,11/19/2020,155.44,37845.47,2696564450
313,Paten,Marconi,pmarconi8o@howstuffworks.com,Bigender,297990.93,3/25/2020,209.11,33719.76,6389202016
314,Maurene,Kettlesing,mkettlesing8p@naver.com,Agender,66203.69,3/3/2020,408.25,32210.83,5720061967
315,Ronald,Hathway,rhathway8q@un.org,Male,366196.91,2/14/2020,453.29,40079.66,9592973938
316,Gherardo,Pigrome,gpigrome8r@unicef.org,Genderqueer,26779.84,9/20/2020,157.69,35473.28,7582405420
317,Beth,Cornelleau,bcornelleau8s@kickstarter.com,Male,350916.82,3/9/2020,41.2,44621.97,7870560383
318,Marcel,Salamon,msalamon8t@cnet.com,Genderqueer,464943.67,7/26/2020,218.95,38151.64,2414469196
319,Reidar,Jaslem,rjaslem8u@ucoz.com,Agender,382131.7,3/20/2020,146.67,28855.08,1700582968
320,Silvana,Arrowsmith,sarrowsmith8v@archive.org,Bigender,186573.81,1/25/2021,183.2,8896.14,8781553846
321,Kaye,Sousa,ksousa8w@miitbeian.gov.cn,Genderqueer,364127.64,4/4/2020,136.44,1467.45,1097206386
322,Timoteo,Burfield,tburfield8x@bigcartel.com,Male,118263.89,5/24/2020,133.54,11282.03,7511239269
323,Eachelle,Oiseau,eoiseau8y@gov.uk,Agender,304724.68,8/26/2020,242.02,33318.74,5934354213
324,Flinn,Bowdon,fbowdon8z@cdc.gov,Female,119964.26,5/26/2020,246.44,8701.36,3164827156
325,Yorker,Tremontana,ytremontana90@google.co.uk,Female,419542.54,3/4/2020,134.27,30752.99,8454144595
326,Nell,Belamy,nbelamy91@clickbank.net,Polygender,110651.84,6/24/2020,253.54,8577.48,3386468233
327,Phylis,Bunner,pbunner92@fastcompany.com,Agender,456770.23,2/26/2020,134.31,39867.39,6677977471
328,Barbabra,Beeken,bbeeken93@diigo.com,Male,364878.47,5/13/2020,208.97,17023.33,6616940594
329,Vonni,Mahood,vmahood94@ameblo.jp,Agender,105832.0,12/20/2020,175.51,15505.12,0770157947
330,Noll,Standrin,nstandrin95@rediff.com,Genderqueer,411266.27,12/9/2020,40.52,39419.5,1455519383
331,Tiffanie,Davidovsky,tdavidovsky96@163.com,Genderfluid,248696.35,4/3/2020,116.4,32204.66,5362746987
332,Brent,Flaxman,bflaxman97@pinterest.com,Male,482074.58,6/20/2020,217.53,10665.66,1177216477
333,Doris,Sambell,dsambell98@macromedia.com,Male,399546.61,9/5/2020,120.66,4336.25,9669217296
334,Eleanora,Foch,efoch99@twitter.com,Genderfluid,292694.63,7/1/2020,327.0,45036.62,8090787576
335,Mateo,Checchetelli,mchecchetelli9a@issuu.com,Female,112005.38,6/5/2020,357.51,32800.93,1456824007
336,Alice,Scholtz,ascholtz9b@thetimes.co.uk,Male,148586.43,5/28/2020,51.29,26237.67,6375407443
337,Drew,Landman,dlandman9c@mit.edu,Polygender,348862.24,10/10/2020,0.61,47627.47,3370254654
338,Tanner,Mulliner,tmulliner9d@cbslocal.com,Genderqueer,219723.01,1/6/2021,401.62,48912.84,7110312577
339,Mahmud,Cullingworth,mcullingworth9e@upenn.edu,Bigender,429154.02,12/22/2020,343.57,8464.06,0277564018
340,Holden,Minghi,hminghi9f@patch.com,Female,471950.62,9/25/2020,144.03,30947.09,0496322273
341,Hyacinthie,Giorgietto,hgiorgietto9g@yahoo.com,Agender,117594.93,10/4/2020,153.75,33858.62,6895939830
342,Gaston,Conn,gconn9h@jigsy.com,Female,170655.22,10/6/2020,236.71,2517.24,7522818656
343,Paolina,Petrol,ppetrol9i@mayoclinic.com,Male,352902.14,8/7/2020,67.56,2977.59,0764811908
344,Cesaro,Pail,cpail9j@nyu.edu,Male,276287.48,6/3/2020,359.91,3743.59,7674241394
345,Elysia,Averay,eaveray9k@addtoany.com,Genderqueer,483152.11,7/25/2020,311.17,39865.97,7429368999
346,Lissa,Mulqueen,lmulqueen9l@elpais.com,Male,111172.53,7/16/2020,175.64,37745.16,5177334899
347,Jillane,Labitt,jlabitt9m@friendfeed.com,Polygender,363832.5,1/5/2021,297.57,5466.86,5916602685
348,Myrta,Carlett,mcarlett9n@altervista.org,Genderqueer,461469.99,6/20/2020,130.9,25982.15,3262134090
349,Karoly,Collett,kcollett9o@stumbleupon.com,Genderfluid,276292.23,3/15/2020,408.15,44346.26,9383331003
350,Piotr,Briscoe,pbriscoe9p@constantcontact.com,Genderfluid,262544.79,12/30/2020,8.3,3505.74,0676582206
351,Wallis,Dyott,wdyott9q@elegantthemes.com,Agender,11512.87,11/17/2020,209.79,47888.45,6871772375
352,Corbet,Double,cdouble9r@zimbio.com,Polygender,398034.13,12/20/2020,284.05,20856.1,5234043126
353,Myrna,Filimore,mfilimore9s@chicagotribune.com,Female,219990.87,10/16/2020,193.64,40614.81,1658079361
354,Noreen,Moine,nmoine9t@latimes.com,Genderfluid,392041.43,4/6/2020,39.69,549.36,1460288483
355,Cointon,Delepine,cdelepine9u@a8.net,Genderfluid,248091.09,10/16/2020,418.35,9149.82,1104572265
356,Skippy,Simla,ssimla9v@walmart.com,Agender,290042.12,8/28/2020,254.17,23294.99,2633199313
357,Angus,Espinha,aespinha9w@macromedia.com,Agender,263233.22,9/4/2020,215.3,35.25,8486936152
358,Ramonda,Udey,rudey9x@lulu.com,Agender,197953.49,7/23/2020,475.6,37914.8,2372835564
359,Yance,Armor,yarmor9y@vimeo.com,Male,174951.7,5/26/2020,464.88,8473.85,2893406343
360,Baillie,Hurdedge,bhurdedge9z@springer.com,Non-binary,56720.37,1/12/2021,99.45,26982.65,8032718397
361,Chaunce,Grunnill,cgrunnilla0@google.es,Bigender,68617.97,10/3/2020,489.71,14501.41,5194572557
362,Heidie,Iglesias,higlesiasa1@noaa.gov,Non-binary,34454.78,1/3/2021,483.02,7761.7,4516294834
363,Waring,De Zuani,wdezuania2@dailymail.co.uk,Genderqueer,229574.3,7/15/2020,404.11,33251.29,6535481336
364,Mart,Bartrap,mbartrapa3@instagram.com,Genderfluid,280985.68,9/17/2020,132.91,17993.02,5830894572
365,Blanche,Goolden,bgooldena4@51.la,Non-binary,21176.26,9/30/2020,0.69,25536.23,3684818399
366,Malcolm,Tabor,mtabora5@live.com,Agender,352267.47,9/24/2020,464.17,32121.98,6269237505
367,Wendi,McCambrois,wmccambroisa6@ucla.edu,Genderqueer,235787.19,11/23/2020,264.22,43499.09,0489377645
368,Kettie,Covotto,kcovottoa7@opera.com,Agender,254566.88,8/30/2020,428.6,27672.9,5885891222
369,Port,L'Hommee,plhommeea8@statcounter.com,Genderqueer,256131.0,7/12/2020,173.17,17578.33,8989174163
370,Elsbeth,Dobrovsky,edobrovskya9@topsy.com,Male,485974.15,11/11/2020,47.61,36778.17,3846666165
371,Noelani,Barfield,nbarfieldaa@oaic.gov.au,Non-binary,146740.99,8/23/2020,285.48,47493.7,3783220556
372,Anderson,Jenton,ajentonab@bloglovin.com,Genderqueer,274245.49,6/9/2020,463.23,80.61,6998062001
373,Anjanette,Yearron,ayearronac@360.cn,Non-binary,130558.64,2/23/2020,79.38,11936.9,9180948480
374,Tracy,MacAloren,tmacalorenad@nifty.com,Bigender,208249.64,2/16/2020,56.36,5062.54,3320375407
375,Fremont,Nurcombe,fnurcombeae@blogger.com,Male,368082.08,2/16/2020,280.99,21591.22,0151494517
376,Valry,Nanni,vnanniaf@guardian.co.uk,Genderqueer,351034.16,1/23/2021,308.48,6104.56,2283206146
377,Reginauld,Bottoms,rbottomsag@bing.com,Agender,140377.21,2/14/2020,379.87,45961.1,7274349244
378,Nathaniel,Loughney,nloughneyah@theguardian.com,Female,114384.72,10/23/2020,67.15,39116.45,3644666253
379,Arabel,Le Marchand,alemarchandai@over-blog.com,Bigender,33218.68,3/5/2020,94.2,28869.96,0150205155
380,Dorene,Earthfield,dearthfieldaj@businessweek.com,Genderfluid,477314.06,7/5/2020,184.1,39957.06,0651213630
381,Catriona,Roo,crooak@vistaprint.com,Female,426296.39,7/30/2020,425.28,5471.51,1576541010
382,Ingrim,Spieck,ispieckal@histats.com,Male,33602.84,10/18/2020,411.25,40809.65,9221143104
383,Alexei,Grahamslaw,agrahamslawam@booking.com,Female,417866.77,5/11/2020,326.31,993.12,4841653848
384,Aubrey,Beniesh,abenieshan@sourceforge.net,Non-binary,442304.82,11/30/2020,226.01,27398.52,8952437667
385,Jessi,Stanluck,jstanluckao@go.com,Bigender,136966.71,10/7/2020,480.73,39227.01,3731352338
386,Eudora,Debell,edebellap@tuttocitta.it,Female,68966.79,3/21/2020,455.66,13438.02,5991400962
387,Clio,House,chouseaq@amazon.co.uk,Non-binary,215373.9,2/11/2020,95.84,38972.28,2360320491
388,Brynn,Hansed,bhansedar@weebly.com,Female,405383.14,10/3/2020,204.51,34939.4,9594561963
389,Reynolds,Deavall,rdeavallas@google.co.jp,Agender,477331.0,4/21/2020,152.08,33345.61,7089027295
390,Bunni,Reveland,brevelandat@timesonline.co.uk,Bigender,391914.97,2/22/2020,179.92,404.26,9372638102
391,Barbette,Scholes,bscholesau@nbcnews.com,Polygender,331209.57,6/6/2020,247.13,14159.98,9345286403
392,Patrice,Mordecai,pmordecaiav@sourceforge.net,Non-binary,59279.8,3/11/2020,478.87,5307.54,3599618356
393,Billy,Marousek,bmarousekaw@archive.org,Male,442325.91,12/19/2020,317.18,31736.31,1686925565
394,Gretna,Heinig,gheinigax@nationalgeographic.com,Male,298311.11,11/6/2020,126.66,14469.88,6777514465
395,Melba,Bellworthy,mbellworthyay@storify.com,Genderqueer,481212.02,4/4/2020,470.19,16354.79,5782818778
396,Mordecai,Glassopp,mglassoppaz@diigo.com,Male,274847.99,11/29/2020,99.19,9721.34,7725249540
397,Angelia,McGowan,amcgowanb0@vistaprint.com,Male,52304.42,5/17/2020,105.21,5978.24,8856479605
398,Marianna,Brosio,mbrosiob1@marriott.com,Non-binary,116329.96,6/10/2020,41.19,48923.08,4310546404
399,Brandy,Cars,bcarsb2@indiegogo.com,Agender,16021.23,5/10/2020,374.51,48202.27,9692909794
400,Ingelbert,Kilmartin,ikilmartinb3@nymag.com,Agender,203500.87,2/2/2021,81.69,10793.44,4239579473
401,Shae,Templar,stemplarb4@goo.ne.jp,Genderfluid,426373.3,7/9/2020,464.04,46163.31,3587584168
402,Julienne,Antyshev,jantyshevb5@unesco.org,Genderfluid,476534.28,4/24/2020,214.57,28505.16,8944826617
403,Eduard,Reeves,ereevesb6@samsung.com,Genderqueer,212680.87,5/16/2020,222.88,45742.78,6726798660
404,Kata,Finan,kfinanb7@virginia.edu,Female,267100.54,10/24/2020,482.64,45668.77,8237389115
405,Dallis,Bonallick,dbonallickb8@ucoz.com,Genderfluid,120285.29,9/18/2020,437.69,12478.31,5008922491
406,Darn,Van T'Hoog,dvanthoogb9@xrea.com,Polygender,191779.77,3/30/2020,137.66,37873.53,5417810932
407,Baxter,Gidley,bgidleyba@t.co,Agender,432764.91,6/7/2020,445.5,22967.05,1072804077
408,Tammie,O'Moylan,tomoylanbb@toplist.cz,Genderfluid,162217.62,7/14/2020,409.42,16241.15,2854721071
409,Jeremias,Syrett,jsyrettbc@sohu.com,Bigender,79453.64,2/13/2020,31.67,36299.43,0518230368
410,Manda,Jeyes,mjeyesbd@macromedia.com,Genderfluid,370426.89,3/28/2020,412.08,844.78,1710721480
411,Merilee,Corneliussen,mcorneliussenbe@opera.com,Genderfluid,293880.04,5/21/2020,239.36,15445.99,7645399864
412,Jill,Coopey,jcoopeybf@yellowpages.com,Female,144501.0,6/29/2020,188.76,17555.33,4342525542
413,Johanna,Buckell,jbuckellbg@rediff.com,Agender,405089.91,1/3/2021,56.4,18943.22,7359368243
414,Verena,Oakeshott,voakeshottbh@walmart.com,Polygender,338062.49,4/26/2020,77.84,41468.8,4803541051
415,Roda,Boas,rboasbi@123-reg.co.uk,Male,385120.85,4/11/2020,317.6,20322.23,4208751924
416,Thatch,Cossentine,tcossentinebj@indiegogo.com,Agender,91117.89,3/18/2020,200.5,49346.97,5294736195
417,Korney,Cuberley,kcuberleybk@umich.edu,Non-binary,187812.45,8/6/2020,78.29,49896.0,2215318570
418,Hertha,Cabotto,hcabottobl@360.cn,Genderqueer,143311.65,6/4/2020,238.28,47609.34,8790572114
419,Curtice,Streak,cstreakbm@gizmodo.com,Male,357791.07,3/21/2020,213.3,47041.21,1862104727
420,Preston,Rosewarne,prosewarnebn@cloudflare.com,Non-binary,354043.88,8/13/2020,369.19,5280.1,3371452271
421,Bendix,Staton,bstatonbo@homestead.com,Male,376019.0,9/14/2020,473.97,30928.21,0881513105
422,Norbie,Van Rembrandt,nvanrembrandtbp@sohu.com,Polygender,494532.35,8/8/2020,470.19,7030.56,2511411229
423,Gladi,Saintpierre,gsaintpierrebq@ucoz.ru,Agender,259996.66,7/2/2020,479.13,41102.24,4149528640
424,Chantal,Pairpoint,cpairpointbr@sbwire.com,Polygender,459753.52,6/30/2020,171.34,35837.95,5114419587
425,Webster,Leat,wleatbs@geocities.com,Non-binary,210931.63,9/2/2020,114.42,30857.74,4053715334
426,Lisbeth,Marryatt,lmarryattbt@bloomberg.com,Bigender,62232.75,7/11/2020,62.69,21040.98,2739135378
427,Ganny,MacAfee,gmacafeebu@nsw.gov.au,Agender,328957.04,8/5/2020,86.03,40509.62,3283188343
428,Merissa,Jeness,mjenessbv@jalbum.net,Polygender,265368.0,8/28/2020,451.36,1874.25,0701019964
429,Karee,Clemonts,kclemontsbw@harvard.edu,Genderfluid,27685.44,1/14/2021,422.12,17336.1,1564259021
430,Marys,Syder,msyderbx@rediff.com,Genderfluid,210992.02,11/17/2020,401.43,38732.34,2914295324
431,Vance,Gullan,vgullanby@exblog.jp,Genderqueer,453208.22,6/13/2020,84.15,19674.56,8748176362
432,Crin,Smooth,csmoothbz@forbes.com,Genderfluid,377859.4,8/16/2020,206.42,45984.46,3246720657
433,Lannie,Medcraft,lmedcraftc0@ning.com,Genderqueer,156765.7,12/5/2020,46.02,24727.03,5633692950
434,Tisha,Rubinivitz,trubinivitzc1@biglobe.ne.jp,Polygender,420264.62,2/2/2021,107.01,29260.57,3855347638
435,Carmel,Tompkiss,ctompkissc2@nature.com,Polygender,254442.97,6/9/2020,468.85,42338.57,0134799720
436,Aeriel,Rundle,arundlec3@tinyurl.com,Agender,181861.33,10/23/2020,110.4,5509.51,2754726284
437,Linea,Arno,larnoc4@devhub.com,Genderqueer,27221.93,10/25/2020,23.78,44838.73,3974304703
438,Richard,Bowater,rbowaterc5@craigslist.org,Non-binary,312938.81,10/16/2020,103.4,15034.98,7633820543
439,Coralie,Bonifazio,cbonifazioc6@senate.gov,Male,140737.8,7/22/2020,436.39,16703.13,0634193821
440,Joletta,Awty,jawtyc7@mtv.com,Polygender,197158.26,11/27/2020,321.16,28093.99,5005048057
441,Guenna,Jaan,gjaanc8@multiply.com,Genderfluid,36585.97,4/11/2020,72.03,40449.15,2707019135
442,Shelton,Spofforth,sspofforthc9@theglobeandmail.com,Polygender,299894.53,7/24/2020,239.27,47073.12,1622729471
443,Nixie,McKintosh,nmckintoshca@samsung.com,Male,120669.43,7/13/2020,224.18,23723.21,6314538793
444,Elbertine,Harridge,eharridgecb@ocn.ne.jp,Agender,453860.28,8/28/2020,420.5,25109.34,6895387811
445,Kevyn,Yate,kyatecc@twitter.com,Agender,29010.05,2/27/2020,455.05,31203.95,1757769129
446,Sibylla,Garforth,sgarforthcd@unblog.fr,Polygender,408168.44,5/20/2020,414.55,39598.83,6848501298
447,Sabina,Call,scallce@columbia.edu,Agender,40375.13,5/23/2020,77.93,23425.71,1580421652
448,Arlyn,Stanesby,astanesbycf@nsw.gov.au,Polygender,437581.42,2/7/2021,368.08,3907.62,5989720343
449,Nappie,Cail,ncailcg@earthlink.net,Genderqueer,7526.81,11/21/2020,497.39,33993.12,6781018663
450,Jacob,Stonner,jstonnerch@skyrock.com,Polygender,428100.72,6/28/2020,220.3,42692.21,6949733658
451,Gregoor,Davitti,gdavittici@blogger.com,Genderfluid,266395.44,3/6/2020,223.08,31379.77,1638157731
452,Phedra,Berzins,pberzinscj@1und1.de,Male,223880.65,6/14/2020,62.89,39219.85,0444726977
453,Ari,Jurek,ajurekck@examiner.com,Bigender,224836.42,8/8/2020,132.06,31989.44,0510036066
454,Garald,Hancorn,ghancorncl@php.net,Female,207804.21,8/30/2020,464.58,23959.18,6609131961
455,Kippie,Frensche,kfrenschecm@jiathis.com,Male,311743.81,5/11/2020,4.15,31071.23,2360327771
456,Steve,Challens,schallenscn@bloomberg.com,Non-binary,141421.62,9/29/2020,395.45,27840.27,1788562364
457,Farleigh,Stidworthy,fstidworthyco@hao123.com,Polygender,63753.41,3/19/2020,53.8,23394.11,6627301679
458,Wendye,Gini,wginicp@tripadvisor.com,Male,417174.16,2/26/2020,270.88,47287.51,3920608364
459,Maximilien,Ellicock,mellicockcq@wunderground.com,Female,84747.58,4/30/2020,411.44,12571.24,2859053239
460,Rossy,Birdseye,rbirdseyecr@paginegialle.it,Non-binary,491626.96,1/27/2021,92.09,15043.5,9662912037
461,Cecil,Gitting,cgittingcs@fda.gov,Genderqueer,144671.99,6/20/2020,480.08,16496.7,4601784808
462,Fidel,Bussy,fbussyct@seattletimes.com,Female,63596.68,7/24/2020,48.21,40901.84,2308150122
463,Ramon,Cready,rcreadycu@wisc.edu,Non-binary,415005.82,4/30/2020,435.06,49804.67,5915789218
464,Adamo,Denton,adentoncv@shop-pro.jp,Genderfluid,154844.2,12/16/2020,466.6,6782.7,2137261162
465,Natty,Mettericke,nmetterickecw@vimeo.com,Polygender,194218.85,12/1/2020,294.28,42746.68,7080261090
466,Mel,Jaggli,mjagglicx@wp.com,Male,430460.3,8/31/2020,108.22,12695.08,3902690097
467,Salomon,Giorgini,sgiorginicy@google.nl,Genderfluid,226082.48,3/24/2020,394.82,5635.0,2060811163
468,Stephi,Bromell,sbromellcz@boston.com,Non-binary,269932.04,7/29/2020,366.64,31507.0,8635140982
469,Shepard,Sambeck,ssambeckd0@shutterfly.com,Genderfluid,161496.34,10/8/2020,177.84,15773.19,2670965091
470,Salomon,Coburn,scoburnd1@bing.com,Non-binary,215499.75,6/4/2020,375.9,43196.57,1755187629
471,Marty,Carek,mcarekd2@washingtonpost.com,Polygender,427542.02,1/27/2021,307.58,36228.65,0691604282
472,Rubie,Bouchier,rbouchierd3@globo.com,Polygender,416916.05,3/18/2020,2.92,5596.55,6218136051
473,Salem,Cadany,scadanyd4@fastcompany.com,Male,139382.32,6/27/2020,338.37,24899.87,5045926934
474,Barn,Phizackarley,bphizackarleyd5@newsvine.com,Non-binary,192720.21,4/16/2020,476.22,21521.6,4283646881
475,Kristi,Garlee,kgarleed6@vk.com,Bigender,368497.39,12/26/2020,487.85,27851.64,9982689657
476,Dale,Dougal,ddougald7@w3.org,Agender,17448.18,10/5/2020,212.43,35719.04,3338465750
477,Dav,Leaning,dleaningd8@wikia.com,Polygender,390335.55,3/12/2020,13.85,18299.78,6061823215
478,Giulia,Terese,gteresed9@mit.edu,Agender,353383.16,8/11/2020,477.69,4790.62,5891717336
479,Tawnya,Maunsell,tmaunsellda@blogs.com,Non-binary,390891.64,2/11/2020,205.34,39809.16,2164495918
480,Abby,Sawney,asawneydb@unesco.org,Polygender,407886.64,12/17/2020,130.17,36243.29,1152903497
481,Molly,Endean,mendeandc@berkeley.edu,Agender,328839.11,9/5/2020,98.15,38479.84,2965498494
482,Darius,Wetherill,dwetherilldd@livejournal.com,Agender,482891.78,2/5/2021,396.33,32101.37,8593042651
483,Shara,Sheran,ssherande@apache.org,Genderqueer,178357.0,11/24/2020,264.51,31907.26,1115764152
484,Clevie,Gow,cgowdf@hostgator.com,Bigender,337289.25,3/6/2020,101.39,36451.98,1753385091
485,Quintina,Klosser,qklosserdg@exblog.jp,Female,315778.72,12/6/2020,308.09,31438.56,2330165080
486,Crichton,Baigrie,cbaigriedh@netvibes.com,Genderqueer,475203.23,3/8/2020,291.71,38315.13,5578380603
487,Etty,Rimour,erimourdi@fema.gov,Polygender,282946.42,8/29/2020,452.05,31654.5,5693035956
488,Blondell,Sizland,bsizlanddj@kickstarter.com,Polygender,326624.38,11/9/2020,301.13,27853.3,9012839769
489,Gordie,Speaks,gspeaksdk@bloglines.com,Female,64635.59,9/10/2020,38.23,8129.84,7351538611
490,Scot,Thoumasson,sthoumassondl@samsung.com,Non-binary,98115.14,7/28/2020,254.52,8609.01,2632807484
491,Vito,Ruppelin,vruppelindm@simplemachines.org,Bigender,493409.83,9/12/2020,162.84,47983.36,5009142325
492,Sonni,Buckmaster,sbuckmasterdn@people.com.cn,Genderfluid,487993.5,5/17/2020,294.22,3943.41,5070010107
493,Stevie,Dunlop,sdunlopdo@google.co.jp,Polygender,421172.76,6/26/2020,60.48,902.14,4158443075
494,Pamela,Hein,pheindp@amazon.co.uk,Genderfluid,402969.49,6/10/2020,499.54,27262.62,8901437082
495,Mal,Fairfoull,mfairfoulldq@wiley.com,Male,12042.66,10/11/2020,43.67,21349.46,7519926923
496,Federica,Checcucci,fcheccuccidr@berkeley.edu,Bigender,165801.37,1/8/2021,88.41,9860.77,7479013612
497,Hurlee,Duckinfield,hduckinfieldds@vimeo.com,Bigender,75240.53,6/20/2020,24.13,28568.74,0648768341
498,Grenville,Delion,gdeliondt@istockphoto.com,Bigender,386882.01,11/6/2020,346.53,8672.56,0128063912
499,Amberly,Surgood,asurgooddu@china.com.cn,Genderfluid,258967.68,4/14/2020,468.35,40494.68,9920121150
500,Dorelia,Ferrero,dferrerodv@mysql.com,Male,104545.66,4/17/2020,2.12,30432.53,9480769751
501,Dominic,Feveryear,dfeveryeardw@archive.org,Agender,103159.9,2/22/2020,186.61,7848.97,3385610397
502,Frederich,Temperley,ftemperleydx@hatena.ne.jp,Female,168927.73,3/14/2020,41.45,20575.77,5849906592
503,Ardelle,Jacketts,ajackettsdy@netlog.com,Non-binary,454341.42,8/7/2020,241.19,34651.26,8499352847
504,Townsend,Vlies,tvliesdz@sciencedaily.com,Non-binary,466450.99,8/2/2020,194.37,33029.15,6315398723
505,Theressa,MacGaffey,tmacgaffeye0@360.cn,Non-binary,228179.73,1/20/2021,203.42,4968.04,8342885704
506,Quincey,Blaxter,qblaxtere1@ustream.tv,Non-binary,495830.61,7/2/2020,364.18,35415.67,7372488710
507,Alfi,Quiddinton,aquiddintone2@omniture.com,Female,302091.84,7/24/2020,135.08,37831.37,9168530617
508,Jedediah,Audry,jaudrye3@java.com,Agender,358351.2,4/7/2020,70.14,32452.47,7343549707
509,Yettie,O'Scully,yoscullye4@latimes.com,Female,366567.89,9/28/2020,156.54,35357.85,5609550556
510,Justina,Broker,jbrokere5@msu.edu,Genderfluid,111108.62,5/22/2020,234.07,31850.23,3387960778
511,Phyllys,Bonome,pbonomee6@bizjournals.com,Female,196873.67,1/18/2021,433.09,33886.33,2728589240
512,Caspar,Gainseford,cgainseforde7@t.co,Non-binary,209309.45,12/4/2020,490.5,31789.25,4091158277
513,Karleen,Byllam,kbyllame8@clickbank.net,Genderfluid,195097.93,1/11/2021,35.72,15988.66,3674355523
514,Shannon,Euler,seulere9@wsj.com,Non-binary,131349.74,2/5/2021,332.86,3811.8,7144097016
515,Ericha,Ateridge,eateridgeea@census.gov,Male,495902.01,8/25/2020,34.12,10248.43,0874293634
516,Junia,Maskall,jmaskalleb@miitbeian.gov.cn,Male,234466.04,6/7/2020,156.61,46081.02,6589751293
517,Dane,Portigall,dportigallec@ycombinator.com,Bigender,382249.39,4/25/2020,494.14,18314.96,1484940288
518,Kikelia,Rose,kroseed@seattletimes.com,Polygender,227236.44,3/1/2020,398.51,32646.35,9036177200
519,Wade,Leyton,wleytonee@scientificamerican.com,Non-binary,337664.65,8/22/2020,327.12,11770.83,9687337877
520,Harriot,Rydeard,hrydeardef@reference.com,Bigender,56922.82,2/18/2020,23.83,17993.09,9404659533
521,Xerxes,Ure,xureeg@mashable.com,Genderfluid,213439.65,5/9/2020,497.59,25779.54,6008408373
522,Nichols,Colleran,ncolleraneh@freewebs.com,Non-binary,201705.97,1/17/2021,441.95,45333.9,4628689717
523,Delphine,Durbann,ddurbannei@craigslist.org,Genderqueer,43013.12,7/17/2020,85.73,15095.01,7983500904
524,Marcy,Cornier,mcornierej@taobao.com,Agender,126605.56,5/12/2020,265.73,16496.11,2715838824
525,Nikolaos,Dobrovolny,ndobrovolnyek@altervista.org,Non-binary,278165.78,5/17/2020,309.97,37263.21,8688872805
526,Crin,Awty,cawtyel@feedburner.com,Agender,107240.34,6/18/2020,54.04,23237.25,5686153388
527,Valery,O'Kennavain,vokennavainem@walmart.com,Polygender,361060.6,6/27/2020,165.34,27211.46,0286517558
528,Pryce,Sawfoot,psawfooten@google.com,Female,200975.59,7/29/2020,137.08,40602.06,4775179551
529,Caresse,Sein,cseineo@skype.com,Bigender,6105.61,7/19/2020,499.43,9486.32,7937212063
530,Windy,Batting,wbattingep@constantcontact.com,Male,177674.78,8/9/2020,90.21,25170.6,2096716462
531,Pattie,Rosberg,prosbergeq@dell.com,Genderfluid,106968.9,1/9/2021,169.04,9528.31,7537859256
532,Amalea,Filipputti,afilipputtier@miibeian.gov.cn,Agender,275849.61,8/25/2020,130.99,671.55,4493047348
533,Sally,Ramey,srameyes@webeden.co.uk,Bigender,34521.58,5/10/2020,126.2,8437.7,2514893666
534,Ilaire,Pedgrift,ipedgriftet@topsy.com,Agender,327234.02,5/11/2020,289.42,45265.77,0688869653
535,Quintus,Bissex,qbissexeu@addtoany.com,Polygender,130525.29,3/3/2020,179.83,17553.05,2301077322
536,Tarra,Skeats,tskeatsev@ask.com,Bigender,171701.54,6/1/2020,368.63,39430.26,9355035616
537,Dinah,Mowles,dmowlesew@google.cn,Polygender,245439.2,12/19/2020,286.79,31316.28,7015832453
538,El,Bailie,ebailieex@creativecommons.org,Female,126244.48,2/20/2020,385.52,16389.49,2653990970
539,Daven,Boots,dbootsey@craigslist.org,Polygender,472781.42,3/16/2020,264.11,23335.91,1142097455
540,Warner,Kingham,wkinghamez@netlog.com,Female,116429.63,8/24/2020,288.14,27389.85,0005999758
541,Lexi,Cord,lcordf0@comcast.net,Female,64423.29,1/3/2021,308.45,23575.43,4717125207
542,Sioux,Brahm,sbrahmf1@umn.edu,Genderfluid,495675.79,7/6/2020,0.08,39030.2,8371190689
543,Patience,Dubery,pduberyf2@github.com,Agender,212049.49,12/10/2020,120.55,36613.88,7630918798
544,Rogerio,Miskelly,rmiskellyf3@acquirethisname.com,Bigender,39815.64,12/4/2020,324.42,25394.7,1898707693
545,Prentiss,Howles,phowlesf4@behance.net,Male,139981.77,8/27/2020,258.83,46723.06,8027200172
546,Mathilda,Giacubo,mgiacubof5@nytimes.com,Polygender,41559.37,12/13/2020,343.87,2838.94,6616365433
547,Joanne,Grieger,jgriegerf6@freewebs.com,Non-binary,310979.89,11/27/2020,363.52,42953.18,9701164601
548,Ferdinande,Harriss,fharrissf7@comsenz.com,Genderfluid,283570.96,10/21/2020,276.28,31451.47,4450906586
549,Frank,Gawthorpe,fgawthorpef8@flickr.com,Non-binary,285905.0,2/19/2020,243.33,29391.23,8798690175
550,Sherri,Pilmoor,spilmoorf9@dion.ne.jp,Agender,177721.47,8/20/2020,46.46,49951.47,5519234736
551,Simona,Greedier,sgreedierfa@huffingtonpost.com,Bigender,433037.28,5/16/2020,466.56,28667.82,9631864812
552,Ainsley,Denmead,adenmeadfb@ihg.com,Polygender,217286.16,1/24/2021,359.22,32422.43,7146830535
553,Hilliary,Talman,htalmanfc@who.int,Polygender,178697.89,8/4/2020,458.64,20014.76,5458196244
554,Zilvia,Liversidge,zliversidgefd@tmall.com,Female,446088.46,7/23/2020,323.69,21484.46,1287295045
555,Christiano,Bainton,cbaintonfe@quantcast.com,Genderqueer,498409.0,1/9/2021,380.04,39824.27,8868470063
556,Arni,Warratt,awarrattff@hugedomains.com,Female,74714.81,9/21/2020,252.64,30598.53,8217481970
557,Guthrie,Edworthie,gedworthiefg@businessinsider.com,Genderfluid,250090.12,10/15/2020,427.66,14849.38,8347935467
558,Fidela,Stacy,fstacyfh@goo.gl,Genderfluid,132066.64,12/26/2020,54.16,30181.79,0174113927
559,Missy,Hodcroft,mhodcroftfi@ftc.gov,Female,274637.13,11/19/2020,412.86,8668.02,8691723327
560,Billie,Ordish,bordishfj@miibeian.gov.cn,Non-binary,152675.43,5/14/2020,246.24,6298.08,3418988717
561,Laurene,Frensch,lfrenschfk@paypal.com,Female,182858.17,1/4/2021,416.11,17481.78,9457716868
562,Barnard,McEachern,bmceachernfl@chron.com,Female,313016.1,2/5/2021,468.16,48641.34,1499648871
563,Lorianne,Kynsey,lkynseyfm@bloglovin.com,Male,274893.34,3/15/2020,158.77,145.51,9909903296
564,Shannon,Dienes,sdienesfn@mayoclinic.com,Male,355058.0,12/2/2020,309.25,5405.24,9890499150
565,Jobyna,Cobain,jcobainfo@princeton.edu,Non-binary,37243.39,7/31/2020,150.32,41363.36,2897531185
566,Jazmin,Roscrigg,jroscriggfp@bizjournals.com,Bigender,59405.42,6/27/2020,147.06,3845.8,4979196616
567,Ebeneser,Foli,efolifq@wunderground.com,Polygender,490893.37,9/11/2020,263.24,30647.19,1506867499
568,Gretel,Binning,gbinningfr@google.fr,Genderqueer,497072.26,2/13/2020,106.54,21158.3,4188324066
569,Appolonia,Dodworth,adodworthfs@typepad.com,Bigender,88974.85,5/27/2020,449.32,17614.92,9798705211
570,Quentin,Lampen,qlampenft@hhs.gov,Genderqueer,6268.6,2/2/2021,166.47,36904.65,8244876115
571,Euphemia,Maxworthy,emaxworthyfu@webnode.com,Female,468169.18,2/14/2020,169.11,43044.44,7970029736
572,Calv,Faireclough,cfairecloughfv@typepad.com,Female,88766.14,5/16/2020,59.01,14315.13,8200177874
573,Alethea,Figliovanni,afigliovannifw@indiegogo.com,Agender,112491.65,3/8/2020,28.06,32456.19,3723376118
574,Cart,Showen,cshowenfx@wordpress.com,Female,139068.07,10/13/2020,174.17,42923.03,4591269728
575,Errick,Pinkney,epinkneyfy@quantcast.com,Female,188339.11,12/22/2020,463.5,41704.21,2489318896
576,Rachele,Pape,rpapefz@craigslist.org,Genderfluid,266621.36,11/17/2020,108.92,45247.31,4008376240
577,Chiarra,Mottershead,cmottersheadg0@privacy.gov.au,Non-binary,379574.64,9/30/2020,143.03,44801.41,3449263471
578,Charil,Menego,cmenegog1@twitter.com,Agender,480363.02,3/30/2020,158.47,7757.47,1961813688
579,Dorice,Stodit,dstoditg2@ted.com,Genderfluid,291854.18,7/1/2020,13.04,38129.06,0318475138
580,Cahra,MacGow,cmacgowg3@twitpic.com,Non-binary,65364.37,8/7/2020,310.83,23209.59,2494268583
581,Mersey,Formby,mformbyg4@infoseek.co.jp,Male,169525.77,8/4/2020,476.33,1903.35,8019049363
582,Gustavo,Birtchnell,gbirtchnellg5@feedburner.com,Genderfluid,243798.98,8/10/2020,271.98,26544.48,2600925937
583,Amelita,Blackesland,ablackeslandg6@ustream.tv,Female,278265.01,8/13/2020,454.3,33619.65,3738202013
584,Dede,Foad,dfoadg7@sciencedirect.com,Female,97452.38,6/7/2020,282.53,39532.89,3208830645
585,Merv,Headley,mheadleyg8@dmoz.org,Polygender,194049.06,2/9/2020,189.32,9387.72,7780271323
586,Corrinne,Jorn,cjorng9@utexas.edu,Genderfluid,421798.41,5/8/2020,454.92,47302.51,2081805219
587,Hillier,Singers,hsingersga@etsy.com,Bigender,258110.0,12/23/2020,369.76,23910.41,0827184042
588,Blake,Gentil,bgentilgb@craigslist.org,Non-binary,87108.16,2/15/2020,111.02,48561.45,0458208086
589,Annabela,Creavan,acreavangc@census.gov,Non-binary,261770.59,8/25/2020,138.55,43945.3,0203941322
590,Darnell,Theodore,dtheodoregd@sourceforge.net,Agender,344476.87,2/1/2021,168.21,11417.96,4219403817
591,Waldon,Storey,wstoreyge@walmart.com,Bigender,95329.14,6/5/2020,25.07,33594.86,3108591444
592,Nevsa,Finneran,nfinnerangf@scientificamerican.com,Bigender,156207.89,4/8/2020,190.16,44212.35,8678036516
593,Yanaton,Booley,ybooleygg@guardian.co.uk,Male,85082.4,1/21/2021,205.79,3000.05,9264214437
594,Demeter,Slade,dsladegh@acquirethisname.com,Polygender,198326.76,12/16/2020,64.15,48098.05,5271049906
595,Anita,La Vigne,alavignegi@reddit.com,Genderqueer,53641.22,5/9/2020,265.29,5453.45,8457086316
596,Ezequiel,Balston,ebalstongj@arizona.edu,Genderqueer,268025.38,11/4/2020,125.35,21600.17,2761057325
597,Joane,Boorn,jboorngk@infoseek.co.jp,Agender,390397.55,5/29/2020,357.66,16918.08,9143991734
598,Nelle,Vassall,nvassallgl@rambler.ru,Male,288227.49,3/25/2020,338.45,23128.93,1000727254
599,Burnard,Bonsey,bbonseygm@a8.net,Genderqueer,481207.19,5/1/2020,369.39,27117.51,5944248947
600,Rene,Tulley,rtulleygn@list-manage.com,Non-binary,58556.13,11/4/2020,80.94,8546.29,8559519572
601,Glenn,Hardwin,ghardwingo@pinterest.com,Polygender,164187.38,4/20/2020,55.03,24082.13,0656955406
602,Natal,Asey,naseygp@vk.com,Male,382141.99,4/24/2020,379.3,45531.34,2519571950
603,Jonell,Gawthorpe,jgawthorpegq@last.fm,Male,333727.0,6/26/2020,480.25,31037.64,3813224368
604,Yorgos,Plevey,ypleveygr@1und1.de,Genderfluid,418898.52,8/16/2020,383.34,34206.22,7452169247
605,Pippa,Maxwaile,pmaxwailegs@dropbox.com,Male,45753.15,2/28/2020,24.99,40232.85,3236221356
606,Dione,Bridgement,dbridgementgt@wisc.edu,Polygender,432514.23,6/25/2020,309.08,28357.12,6703423741
607,Nyssa,Scrogges,nscroggesgu@github.io,Polygender,73198.72,4/21/2020,208.56,43655.11,2077956216
608,Napoleon,Drewes,ndrewesgv@nytimes.com,Agender,121491.49,9/4/2020,381.25,42084.61,1600999069
609,Risa,Whieldon,rwhieldongw@omniture.com,Bigender,251442.97,12/16/2020,101.8,32199.09,8918517033
610,Kincaid,Foot,kfootgx@vkontakte.ru,Polygender,34404.48,6/6/2020,415.58,26243.23,4673414187
611,Madeleine,Desseine,mdesseinegy@yellowbook.com,Genderqueer,268164.81,4/3/2020,307.93,18667.8,3466843170
612,Cecilla,Bortol,cbortolgz@imdb.com,Polygender,338198.9,11/22/2020,322.14,41528.09,5814344431
613,Carine,Scotson,cscotsonh0@google.it,Agender,126354.17,9/5/2020,475.91,32134.11,2088702717
614,Kirsteni,Andrewartha,kandrewarthah1@sogou.com,Male,99876.53,11/24/2020,233.81,43229.43,0684240300
615,Cortney,Mc Gaughey,cmcgaugheyh2@auda.org.au,Non-binary,472134.65,11/29/2020,163.83,549.94,8128867709
616,Willem,Greensall,wgreensallh3@toplist.cz,Genderfluid,117592.74,11/10/2020,63.35,26367.5,9070047934
617,Richmond,Tregien,rtregienh4@si.edu,Agender,483679.89,2/18/2020,498.65,19283.81,7826680107
618,Anderson,Smees,asmeesh5@bravesites.com,Genderqueer,41040.12,2/28/2020,295.47,23496.3,7006271436
619,Guinna,Gunstone,ggunstoneh6@youtu.be,Male,359423.02,1/16/2021,85.19,10238.13,2116645859
620,Darius,McGerraghty,dmcgerraghtyh7@ibm.com,Genderfluid,254278.09,5/30/2020,12.07,47241.86,9043549290
621,Josee,Mease,jmeaseh8@paypal.com,Male,268686.27,3/12/2020,495.78,40742.5,0764494821
622,Prinz,Tinklin,ptinklinh9@prnewswire.com,Genderfluid,98251.07,9/14/2020,381.76,39538.71,4306494357
623,Florette,Yaknov,fyaknovha@unc.edu,Genderqueer,291931.99,8/12/2020,285.02,14997.8,7989784513
624,Hailee,Adnam,hadnamhb@apple.com,Polygender,368211.91,11/20/2020,346.06,8168.9,2951531575
625,Lucian,Ellesmere,lellesmerehc@wisc.edu,Non-binary,7908.89,2/20/2020,451.92,2553.23,2541336721
626,Ramsay,Gruby,rgrubyhd@europa.eu,Bigender,346798.08,2/8/2021,69.61,31635.43,6773131278
627,Delinda,Pentycost,dpentycosthe@free.fr,Non-binary,221007.22,8/10/2020,243.9,4146.07,1089838573
628,Lyndy,Gartsyde,lgartsydehf@tinypic.com,Genderfluid,491343.31,9/30/2020,116.84,4275.78,4762361216
629,Jacklin,Devoy,jdevoyhg@buzzfeed.com,Genderqueer,339701.48,9/12/2020,38.77,6311.39,2905576316
630,Montague,Iwanowski,miwanowskihh@globo.com,Polygender,91580.67,5/8/2020,429.55,23887.33,4755819105
631,Scarface,Nerheny,snerhenyhi@weather.com,Genderfluid,337509.11,9/30/2020,376.98,33078.97,7479133030
632,Oby,Ivashinnikov,oivashinnikovhj@eventbrite.com,Non-binary,258417.36,7/18/2020,201.78,13648.76,8402326587
633,Findlay,Bendle,fbendlehk@csmonitor.com,Bigender,273640.16,4/29/2020,232.21,2081.95,7392234277
634,Sonia,Grigor,sgrigorhl@stumbleupon.com,Agender,396283.95,4/15/2020,248.25,1837.12,5223448243
635,Rosaline,Heatherington,rheatheringtonhm@loc.gov,Bigender,250022.34,4/12/2020,432.0,17939.53,7375227829
636,Dione,Aneley,daneleyhn@oaic.gov.au,Bigender,397083.65,6/20/2020,121.13,26817.31,1875815929
637,Emmerich,Barkas,ebarkasho@people.com.cn,Genderqueer,400667.91,7/7/2020,47.03,25554.67,5604776068
638,Bron,Priddie,bpriddiehp@latimes.com,Bigender,347014.58,12/8/2020,13.58,7368.08,1397436107
639,Berkeley,Berthomieu,bberthomieuhq@hc360.com,Agender,497874.29,7/21/2020,380.97,34439.07,1715871499
640,Francesco,Avann,favannhr@java.com,Agender,344962.77,6/23/2020,122.09,5834.21,4269838027
641,Lovell,Pape,lpapehs@networksolutions.com,Bigender,300471.88,2/16/2020,354.34,36573.79,6503295022
642,Randee,MacGibbon,rmacgibbonht@shareasale.com,Male,374517.46,2/27/2020,223.88,38380.38,3009040369
643,Clerc,Beesley,cbeesleyhu@ftc.gov,Genderqueer,143570.45,8/3/2020,33.08,10213.44,3526157081
644,Parke,MacAlaster,pmacalasterhv@so-net.ne.jp,Non-binary,109157.25,3/10/2020,380.77,21618.83,0205871976
645,Emmaline,Reinmar,ereinmarhw@networkadvertising.org,Male,451616.19,12/26/2020,204.97,12981.08,5327755150
646,Mareah,Berthe,mberthehx@yahoo.com,Genderqueer,212288.35,2/16/2020,46.61,3278.74,5654761854
647,Jerri,Lingfoot,jlingfoothy@addtoany.com,Agender,442794.43,12/20/2020,8.91,18945.22,5460940702
648,Isaak,Bramich,ibramichhz@symantec.com,Agender,187583.81,3/21/2020,326.5,16347.57,3854539568
649,Nat,Scarse,nscarsei0@hud.gov,Genderfluid,428812.87,2/9/2020,363.13,33524.02,0960880208
650,Adi,Constable,aconstablei1@icio.us,Genderqueer,432777.32,10/2/2020,340.67,14233.71,7614971132
651,Hedvige,Trevenu,htrevenui2@com.com,Genderfluid,203298.28,12/2/2020,290.57,28950.06,3463547627
652,Clayborn,Hinners,chinnersi3@eventbrite.com,Agender,373388.72,8/25/2020,311.75,35221.59,2086795211
653,Sigismondo,Sproson,ssprosoni4@flickr.com,Non-binary,126572.82,5/28/2020,313.96,11451.9,9624271372
654,Ezmeralda,Deluca,edelucai5@va.gov,Female,311833.29,7/3/2020,125.34,23792.39,7739908967
655,Lainey,Handman,lhandmani6@ow.ly,Female,28961.77,10/29/2020,252.02,32198.43,6350495187
656,Annissa,Dunmore,adunmorei7@ucla.edu,Genderfluid,183194.25,7/28/2020,0.75,41348.1,3226830929
657,Hillary,Wanless,hwanlessi8@is.gd,Genderfluid,213763.59,6/7/2020,301.22,31289.85,6329859159
658,Randy,Caddie,rcaddiei9@furl.net,Female,394503.82,10/11/2020,204.53,26936.1,4899911599
659,Edee,Russell,erussellia@flickr.com,Female,405657.11,2/27/2020,466.04,31918.56,9724232085
660,Glynda,Gibbett,ggibbettib@illinois.edu,Female,74662.95,12/9/2020,299.89,18139.45,0861315804
661,Annemarie,Wrixon,awrixonic@usda.gov,Agender,17134.18,9/7/2020,347.8,39230.44,1013782534
662,Halie,Schreiner,hschreinerid@latimes.com,Male,315185.04,3/23/2020,141.64,18542.56,6649469521
663,Anneliese,Ziehms,aziehmsie@bravesites.com,Agender,2104.05,8/17/2020,247.66,47741.79,9282543501
664,Base,Billam,bbillamif@cam.ac.uk,Female,173942.74,3/24/2020,356.53,39007.49,0788783939
665,Myrvyn,Bolstridge,mbolstridgeig@twitpic.com,Genderfluid,95869.46,2/8/2021,302.38,44634.34,9675173319
666,Timothea,Abbison,tabbisonih@is.gd,Female,379606.08,4/19/2020,428.45,48057.21,0380028085
667,Lorettalorna,Attew,lattewii@independent.co.uk,Non-binary,45643.7,5/7/2020,444.31,41071.2,6852986004
668,Duke,Popelay,dpopelayij@sciencedaily.com,Genderqueer,191753.19,2/18/2020,67.56,8755.54,3950916490
669,Kippy,Hasell,khasellik@canalblog.com,Polygender,497193.0,7/14/2020,185.47,23683.15,7138550391
670,Knox,Giuron,kgiuronil@disqus.com,Agender,191923.24,6/27/2020,54.48,40282.47,0434272981
671,Nickolai,McGlynn,nmcglynnim@dagondesign.com,Bigender,43023.61,7/16/2020,73.08,16622.68,7320141396
672,Josephina,Hunstone,jhunstonein@disqus.com,Female,78625.73,3/27/2020,178.49,5766.84,3438579391
673,Alwyn,Lorimer,alorimerio@cocolog-nifty.com,Genderfluid,34686.96,12/13/2020,446.99,21654.65,3387167296
674,Chick,Grinnell,cgrinnellip@shinystat.com,Polygender,196979.62,7/17/2020,82.03,28457.68,1620914387
675,Cordell,Schrader,cschraderiq@friendfeed.com,Genderqueer,28714.14,11/5/2020,447.64,37356.4,6388858147
676,Kati,Crowth,kcrowthir@techcrunch.com,Non-binary,32775.02,6/1/2020,215.63,16784.45,3283942153
677,Andrej,Gammidge,agammidgeis@php.net,Agender,66365.51,6/30/2020,275.19,38051.3,4089104424
678,Sheela,Georgelin,sgeorgelinit@prweb.com,Polygender,96417.76,11/20/2020,250.86,37018.37,4166418858
679,Erek,Tapply,etapplyiu@boston.com,Bigender,493906.35,9/23/2020,139.15,20570.31,3423504889
680,Trula,Rief,triefiv@istockphoto.com,Genderfluid,110197.65,2/20/2020,57.13,30393.82,0141141719
681,Noach,Korf,nkorfiw@csmonitor.com,Bigender,117212.76,1/19/2021,25.67,21313.46,0876543182
682,Fee,Vannikov,fvannikovix@house.gov,Polygender,466254.76,1/16/2021,261.16,2486.32,9759840405
683,Cordie,Duckerin,cduckeriniy@shutterfly.com,Non-binary,144063.73,4/5/2020,171.0,23085.73,1858178371
684,Pascal,Villa,pvillaiz@ucoz.ru,Agender,167360.19,5/9/2020,463.34,47397.36,5892065766
685,Henry,cornhill,hcornhillj0@alexa.com,Genderqueer,289091.46,9/11/2020,434.05,42537.36,1528554272
686,Niels,Kalinsky,nkalinskyj1@infoseek.co.jp,Bigender,408539.64,11/9/2020,369.77,15965.65,4380980537
687,Vic,Ventam,vventamj2@cloudflare.com,Genderfluid,478974.0,12/27/2020,26.53,46687.99,6452192299
688,Burton,Jelphs,bjelphsj3@weibo.com,Male,59995.69,6/18/2020,90.0,2581.16,8640987025
689,Eziechiele,Lovatt,elovattj4@chron.com,Genderfluid,431979.52,12/31/2020,474.2,4551.41,6852193462
690,Brendan,Kingscote,bkingscotej5@nifty.com,Genderfluid,278509.44,7/8/2020,417.31,9432.81,7351352321
691,Niki,Tomsu,ntomsuj6@photobucket.com,Non-binary,322094.18,1/17/2021,286.13,15181.17,6133149183
692,Odelle,Kinforth,okinforthj7@barnesandnoble.com,Female,313242.52,6/13/2020,15.78,46227.88,2454041448
693,Sharai,Howatt,showattj8@wordpress.org,Female,209573.0,2/16/2020,16.65,43174.78,3204039900
694,Kimberly,Sinton,ksintonj9@behance.net,Non-binary,461937.8,12/3/2020,487.09,30097.58,8530615743
695,Zared,Streight,zstreightja@sfgate.com,Genderfluid,306831.82,1/24/2021,173.71,6877.76,2126586960
696,Pierrette,Ambroisin,pambroisinjb@sitemeter.com,Non-binary,491823.33,3/18/2020,372.76,29680.05,9516887058
697,William,Floch,wflochjc@answers.com,Genderqueer,442151.69,2/4/2021,482.25,43183.26,1627362150
698,Zabrina,Ewins,zewinsjd@pbs.org,Polygender,128319.55,9/4/2020,227.51,46125.7,3322403165
699,Nichole,Jermin,njerminje@a8.net,Female,230912.26,8/12/2020,250.8,3653.66,4107987442
700,Mercie,Lethley,mlethleyjf@feedburner.com,Genderfluid,417798.13,7/15/2020,159.02,6172.63,6048379005
701,Georgena,Dana,gdanajg@vk.com,Bigender,3513.16,11/18/2020,337.12,43006.38,8248338029
702,Jessalyn,Parres,jparresjh@ftc.gov,Agender,369665.68,11/28/2020,99.7,28539.55,5232178695
703,Brendan,Anker,bankerji@walmart.com,Bigender,267241.4,5/3/2020,467.68,42556.06,5283977773
704,Upton,Staddart,ustaddartjj@marriott.com,Agender,285771.59,9/15/2020,465.51,3553.29,8823748577
705,Gard,McMyler,gmcmylerjk@alibaba.com,Genderfluid,422569.67,4/8/2020,237.92,26959.3,8835365600
706,Gates,Gravatt,ggravattjl@oracle.com,Non-binary,465303.36,1/29/2021,303.71,32124.65,9606263355
707,Zachary,Slyman,zslymanjm@illinois.edu,Female,181101.0,2/12/2020,200.87,46114.63,7986447036
708,Justus,Laing,jlaingjn@newyorker.com,Non-binary,57435.89,9/15/2020,42.61,40231.01,3846418838
709,Charmian,Benbow,cbenbowjo@wikia.com,Polygender,322079.11,10/4/2020,21.51,16962.83,8339206214
710,Cacilie,Fussen,cfussenjp@newsvine.com,Genderfluid,77358.2,4/27/2020,49.01,37237.14,9337761262
711,Hillary,Eggins,hegginsjq@ft.com,Genderqueer,418326.47,1/11/2021,177.72,34988.02,1533231435
712,Hadley,Erbe,herbejr@bloomberg.com,Genderqueer,434855.42,9/21/2020,216.54,16709.37,9986808278
713,Ty,Hasslocher,thasslocherjs@bizjournals.com,Polygender,456233.21,12/20/2020,497.41,21633.5,6929003220
714,Adams,Kelwaybamber,akelwaybamberjt@discuz.net,Genderfluid,305141.06,5/3/2020,366.52,29784.82,5439116982
715,Gibby,Pycock,gpycockju@clickbank.net,Male,39145.16,9/22/2020,345.54,32326.37,5489922346
716,Ron,Luther,rlutherjv@tinyurl.com,Non-binary,151674.21,7/24/2020,293.25,40227.2,0590236423
717,Auberta,Mabey,amabeyjw@mac.com,Genderqueer,296412.4,11/26/2020,414.25,39780.37,0173287239
718,Kain,Aleixo,kaleixojx@ustream.tv,Bigender,374365.4,3/25/2020,337.73,14126.27,2223017363
719,Leigha,Gumery,lgumeryjy@usgs.gov,Non-binary,341524.44,2/19/2020,124.95,11478.92,5316289242
720,Garvy,Park,gparkjz@yale.edu,Female,450038.0,3/22/2020,466.55,2808.05,5855246345
721,Lory,Wolfit,lwolfitk0@ning.com,Male,265980.11,12/24/2020,286.64,13493.4,7105007974
722,Lou,Adamides,ladamidesk1@behance.net,Agender,337970.59,8/2/2020,219.89,21217.62,3071928084
723,Obadias,Mattersey,omatterseyk2@behance.net,Polygender,330949.6,1/31/2021,73.95,3059.81,9801413506
724,Vivia,Hyatt,vhyattk3@behance.net,Genderqueer,461909.59,12/21/2020,244.7,18964.63,0665387377
725,Dew,Polk,dpolkk4@usa.gov,Genderfluid,227652.58,9/2/2020,290.04,6406.47,8739825213
726,Bethena,Candy,bcandyk5@harvard.edu,Female,88380.0,6/22/2020,236.95,42420.88,8635087445
727,Fredelia,Boules,fboulesk6@redcross.org,Bigender,238416.56,3/1/2020,157.66,30705.64,3986798366
728,Aleksandr,Scafe,ascafek7@prlog.org,Non-binary,326333.92,10/31/2020,406.62,13290.66,1269124234
729,Daffie,Martignoni,dmartignonik8@eepurl.com,Genderfluid,94334.89,7/14/2020,303.79,47119.96,1119258782
730,Zoe,Heaseman,zheasemank9@google.es,Male,479626.97,4/4/2020,460.52,18680.82,3363394055
731,Ferrel,Giacoppoli,fgiacoppolika@ezinearticles.com,Agender,235052.37,4/3/2020,186.05,42076.76,7194318954
732,Emory,Buckles,ebuckleskb@mit.edu,Non-binary,176839.08,11/7/2020,94.56,41899.72,3597730914
733,Mohandis,Pithie,mpithiekc@boston.com,Genderqueer,13848.45,10/12/2020,115.17,40622.86,9159176520
734,Retha,Hubbart,rhubbartkd@sina.com.cn,Genderfluid,211072.22,10/15/2020,463.77,26045.3,8804406445
735,Haleigh,Woodrough,hwoodroughke@fema.gov,Polygender,336049.73,6/7/2020,480.22,30314.87,3957961327
736,Naomi,Verma,nvermakf@free.fr,Female,223350.23,5/9/2020,179.55,28223.56,6565966060
737,Leanor,Wilkowski,lwilkowskikg@wordpress.org,Male,465741.74,1/27/2021,130.63,48469.74,4393731077
738,Consalve,Rentelll,crentelllkh@tripod.com,Male,338580.81,4/6/2020,4.39,25301.09,6656372686
739,Tye,Kildale,tkildaleki@admin.ch,Female,198842.67,9/30/2020,420.12,41406.98,9623991517
740,Tripp,Kubat,tkubatkj@blog.com,Genderqueer,112409.73,7/17/2020,309.77,3130.53,6275026936
741,Isador,Yakuntsov,iyakuntsovkk@techcrunch.com,Polygender,20900.71,8/12/2020,214.94,23522.01,2300350785
742,Ianthe,Walsh,iwalshkl@ucla.edu,Bigender,5645.49,10/20/2020,215.11,21153.75,2578738157
743,Donia,Heindle,dheindlekm@phoca.cz,Genderqueer,5484.35,9/29/2020,459.16,27588.87,1706363788
744,Brion,Brabin,bbrabinkn@census.gov,Agender,215958.18,6/12/2020,275.46,8811.83,7939687352
745,Hymie,Turmell,hturmellko@ucoz.ru,Male,335938.59,5/27/2020,76.48,14153.48,1529445515
746,Coletta,Chappelow,cchappelowkp@rakuten.co.jp,Female,72061.95,2/19/2020,124.39,27515.54,3828475175
747,Simone,Deyes,sdeyeskq@usa.gov,Agender,206328.47,8/10/2020,227.44,42337.28,1709465409
748,Ricki,Hoyes,rhoyeskr@zdnet.com,Female,404884.0,9/24/2020,421.9,27228.78,9202163332
749,Ryun,Burchatt,rburchattks@princeton.edu,Genderfluid,54513.84,9/15/2020,173.08,20311.41,1476455929
750,Ferris,Grigoli,fgrigolikt@barnesandnoble.com,Genderqueer,228973.98,6/28/2020,9.58,34198.42,2882953062
751,Laney,Greschik,lgreschikku@examiner.com,Genderqueer,363546.85,12/13/2020,296.05,11932.23,2449702032
752,Oren,Labeuil,olabeuilkv@addtoany.com,Genderqueer,30733.0,6/13/2020,118.81,2038.26,7447130257
753,Liv,Jantzen,ljantzenkw@oracle.com,Bigender,299895.8,9/28/2020,473.84,30480.51,9050893805
754,Sadella,Polak,spolakkx@usatoday.com,Male,209725.8,6/23/2020,54.43,16934.73,9403652861
755,Coralyn,Stowte,cstowteky@github.com,Genderfluid,1362.59,6/15/2020,4.87,47843.75,1831179954
756,Osmond,Krzysztof,okrzysztofkz@psu.edu,Female,127326.76,9/25/2020,113.37,42369.93,6481595924
757,Demetrius,Coyish,dcoyishl0@techcrunch.com,Polygender,60938.95,3/10/2020,379.31,33665.71,3086703067
758,Niko,Lynds,nlyndsl1@eepurl.com,Male,251649.94,5/18/2020,499.02,12204.84,9479106574
759,Wendy,Muccino,wmuccinol2@mail.ru,Agender,365543.25,3/7/2020,89.43,45982.03,1820366065
760,Agnella,Stroton,astrotonl3@xinhuanet.com,Genderfluid,428250.03,9/28/2020,110.84,28573.51,5453916397
761,Arnaldo,Coleby,acolebyl4@marketwatch.com,Polygender,374978.99,8/10/2020,124.18,42398.56,3251258931
762,Trina,Francescotti,tfrancescottil5@hatena.ne.jp,Female,129563.39,7/5/2020,417.67,42947.34,2953528806
763,Bastian,Glasman,bglasmanl6@intel.com,Genderfluid,393625.22,8/29/2020,88.72,41464.95,2699191957
764,Erna,Tarn,etarnl7@hubpages.com,Male,406273.36,8/14/2020,70.43,49321.61,3353187324
765,Richard,Prisk,rpriskl8@dion.ne.jp,Male,333162.88,9/18/2020,392.58,6194.45,8589192318
766,Hollyanne,Gartery,hgarteryl9@cbsnews.com,Non-binary,318865.14,8/12/2020,165.18,39857.88,3279188784
767,Danice,Beckson,dbecksonla@hugedomains.com,Agender,54565.13,11/27/2020,193.41,20085.2,4779354358
768,Tova,Marriner,tmarrinerlb@ovh.net,Male,411733.69,12/9/2020,118.44,32614.54,5440801529
769,Romona,Lago,rlagolc@jigsy.com,Non-binary,97819.83,9/7/2020,119.46,36331.23,6098836418
770,Bucky,Adiscot,badiscotld@delicious.com,Polygender,226358.0,2/26/2020,471.83,49830.35,4143842491
771,Janice,Parkins,jparkinsle@mayoclinic.com,Bigender,232848.22,8/16/2020,434.06,3649.65,8514333062
772,Giffie,Watsam,gwatsamlf@yellowbook.com,Bigender,295603.89,11/27/2020,347.22,35471.98,7051181920
773,Mariejeanne,Amberson,mambersonlg@de.vu,Agender,429203.98,3/23/2020,350.53,13944.92,9871317646
774,Torrey,Birtles,tbirtleslh@paginegialle.it,Bigender,119127.63,9/10/2020,327.43,38485.46,3567841440
775,Kinny,Pretsel,kpretselli@drupal.org,Male,438207.44,2/20/2020,405.51,6731.34,5859751834
776,Eustacia,Gayne,egaynelj@examiner.com,Polygender,410515.46,10/2/2020,422.32,18024.25,4679761075
777,Burnaby,Woodcraft,bwoodcraftlk@nytimes.com,Non-binary,117872.78,5/25/2020,288.67,45582.76,1069499374
778,Johnath,Piddletown,jpiddletownll@marketwatch.com,Genderqueer,333213.9,8/18/2020,276.68,41910.34,4603961774
779,Florenza,Frankham,ffrankhamlm@alexa.com,Genderqueer,371501.32,7/1/2020,412.9,12359.81,0032683782
780,Laurence,Tardiff,ltardiffln@1688.com,Polygender,476676.19,1/10/2021,360.76,30585.28,9783569147
781,Gan,Titford,gtitfordlo@hexun.com,Bigender,478557.0,3/16/2020,457.16,26466.68,7251745941
782,Karlotte,Bills,kbillslp@360.cn,Genderfluid,490133.55,12/11/2020,366.99,13807.18,8371231016
783,Raimundo,Blazi,rblazilq@engadget.com,Male,431556.86,5/18/2020,25.43,1467.03,8084255819
784,Claudius,Pridie,cpridielr@mit.edu,Genderqueer,439878.98,8/5/2020,362.57,44241.74,7610965944
785,Gabriell,D'orsay,gdorsayls@cnbc.com,Genderfluid,436822.09,12/24/2020,107.9,3250.89,4155341689
786,Delia,Islep,disleplt@t.co,Female,61318.96,12/22/2020,325.13,204.07,3953064657
787,Rolph,Eacle,reaclelu@shinystat.com,Male,151547.12,11/22/2020,148.17,33499.14,1670518116
788,Maia,Moorey,mmooreylv@wix.com,Agender,97211.02,5/27/2020,356.17,25395.12,0118781081
789,Jeri,Rembrant,jrembrantlw@ted.com,Genderfluid,123625.84,2/2/2021,372.96,43433.99,0648661938
790,Holly,Feldstein,hfeldsteinlx@cargocollective.com,Male,1004.3,2/6/2021,435.95,9524.84,5858449344
791,Scotti,Solleme,ssollemely@cbslocal.com,Genderqueer,137947.45,9/24/2020,473.1,45544.45,9426224246
792,Kamilah,Cahen,kcahenlz@tmall.com,Agender,151273.93,2/16/2020,372.67,8468.71,2840030128
793,Wade,Heatlie,wheatliem0@indiegogo.com,Female,301789.78,9/22/2020,469.87,3526.22,3584824346
794,Mikaela,Schnitter,mschnitterm1@parallels.com,Genderfluid,438026.53,9/12/2020,468.68,33608.12,4543319001
795,Darnell,Bagg,dbaggm2@360.cn,Non-binary,426668.0,8/11/2020,239.28,3685.36,3377889701
796,Ringo,Kibel,rkibelm3@usa.gov,Agender,155015.51,5/9/2020,178.36,442.17,7267831087
797,Erica,Iacopetti,eiacopettim4@techcrunch.com,Male,406829.4,3/3/2020,371.09,7234.85,8603295859
798,Tades,Kegg,tkeggm5@google.nl,Female,55038.92,7/8/2020,463.92,21454.36,7758185517
799,Bryna,Stoltz,bstoltzm6@simplemachines.org,Polygender,422506.17,8/4/2020,274.71,44141.95,7466464009
800,Dody,Kuhnwald,dkuhnwaldm7@sina.com.cn,Agender,352512.72,9/27/2020,124.27,38534.51,6098782369
801,Stanley,MacMorland,smacmorlandm8@devhub.com,Bigender,103658.1,2/28/2020,72.4,43022.57,8260080044
802,Corbett,Metts,cmettsm9@webeden.co.uk,Polygender,2931.07,8/27/2020,460.53,30998.28,4335534442
803,Charlie,Rockwill,crockwillma@sitemeter.com,Genderfluid,392845.59,7/8/2020,25.19,48175.58,0752761285
804,Ricki,Spillard,rspillardmb@usgs.gov,Agender,495112.94,5/19/2020,417.97,23830.82,6306991042
805,Skylar,Pendrigh,spendrighmc@ovh.net,Polygender,202380.28,1/25/2021,271.9,4736.05,1583681655
806,Georgie,Peschka,gpeschkamd@hibu.com,Bigender,472077.67,9/15/2020,338.46,14332.95,7847889471
807,Zonnya,Sidden,zsiddenme@alexa.com,Polygender,171793.88,3/4/2020,343.22,34644.58,9268763281
808,Evin,McCloughlin,emccloughlinmf@wikipedia.org,Non-binary,172094.15,12/18/2020,473.88,47089.3,4071277939
809,Laurens,Gilford,lgilfordmg@ihg.com,Bigender,93020.09,2/20/2020,363.85,40766.67,9450239983
810,Matilda,Kirkpatrick,mkirkpatrickmh@redcross.org,Male,413359.65,2/22/2020,388.68,20370.68,2111295418
811,Temp,Djakovic,tdjakovicmi@epa.gov,Genderfluid,65980.51,12/26/2020,238.89,11741.12,4331541258
812,Lorain,Costerd,lcosterdmj@ehow.com,Genderqueer,9353.88,6/12/2020,444.47,43565.47,6008034082
813,Vasilis,Ten Broek,vtenbroekmk@creativecommons.org,Genderfluid,413139.6,9/6/2020,298.47,23951.08,6512459377
814,Donetta,Lages,dlagesml@redcross.org,Male,79122.29,10/13/2020,253.26,49797.59,9336161342
815,Reeva,Moine,rmoinemm@nbcnews.com,Bigender,310517.28,11/30/2020,318.62,34938.32,8985052632
816,Loreen,Holttom,lholttommn@squidoo.com,Polygender,378802.39,5/20/2020,380.84,41952.75,3536056741
817,Dewie,Whitechurch,dwhitechurchmo@ted.com,Bigender,225841.08,6/25/2020,186.08,3082.41,5748843072
818,Hedvig,Jendrassik,hjendrassikmp@goodreads.com,Female,101711.1,2/29/2020,110.42,32912.81,2812910534
819,Maxie,Truesdale,mtruesdalemq@cbc.ca,Non-binary,151736.32,10/3/2020,406.98,41528.05,5225203930
820,Addia,Eckhard,aeckhardmr@eventbrite.com,Polygender,67988.16,4/22/2020,232.27,27766.18,1413836011
821,Lea,Tunnadine,ltunnadinems@tinypic.com,Non-binary,53412.63,11/15/2020,403.95,17964.69,0298840049
822,Waverly,Fury,wfurymt@marriott.com,Genderqueer,174807.44,3/15/2020,406.93,13446.65,0743251377
823,Archaimbaud,Dot,adotmu@miibeian.gov.cn,Genderqueer,81009.88,3/2/2020,88.78,20419.04,5812452601
824,Keary,Colnett,kcolnettmv@cbslocal.com,Polygender,403847.04,12/15/2020,45.57,483.89,8552338548
825,Ferdinand,Curton,fcurtonmw@freewebs.com,Female,345078.77,2/6/2021,272.99,25134.6,3352878684
826,Cherilynn,Fawltey,cfawlteymx@ezinearticles.com,Agender,7466.51,10/5/2020,25.54,6343.13,0778696383
827,Claresta,Haward,chawardmy@istockphoto.com,Bigender,430303.1,10/14/2020,368.79,34624.1,1916494102
828,Dorine,Casotti,dcasottimz@is.gd,Genderfluid,224114.46,1/2/2021,445.67,4331.13,2072298121
829,Cull,Schwandermann,cschwandermannn0@nasa.gov,Genderfluid,132901.0,10/10/2020,329.04,14566.48,1865120359
830,Fraze,Giorgietto,fgiorgietton1@ycombinator.com,Male,416493.88,11/15/2020,275.71,9679.14,3125893178
831,Yurik,Ramm,yrammn2@posterous.com,Female,159887.73,4/12/2020,264.55,48620.84,3464633489
832,Julianne,Dilon,jdilonn3@blogs.com,Non-binary,213183.96,7/10/2020,201.47,15517.22,2370542543
833,Courtnay,Paolicchi,cpaolicchin4@digg.com,Non-binary,378237.25,10/26/2020,109.25,47824.89,8743132480
834,Mabel,Brewood,mbrewoodn5@guardian.co.uk,Male,364501.79,7/10/2020,383.23,16368.05,8456160938
835,Edouard,Swindley,eswindleyn6@icio.us,Female,98134.15,1/29/2021,422.09,267.06,0004395352
836,Oona,Parlet,oparletn7@mail.ru,Female,9468.77,11/4/2020,379.3,44202.91,9001478824
837,Katleen,Beiderbeck,kbeiderbeckn8@freewebs.com,Polygender,231585.16,7/25/2020,193.57,39369.06,3838704436
838,Maurita,Clemencon,mclemenconn9@uiuc.edu,Genderqueer,484699.83,7/4/2020,87.53,26577.94,2853232549
839,Bryn,Sell,bsellna@cornell.edu,Bigender,64331.33,7/27/2020,137.05,25839.24,0996023208
840,Rocky,Attarge,rattargenb@tinypic.com,Male,288140.73,9/15/2020,455.96,25497.4,1671722469
841,Pierette,McCaw,pmccawnc@cpanel.net,Polygender,100170.18,5/7/2020,132.03,30645.04,1926083318
842,Isidoro,Domney,idomneynd@paypal.com,Bigender,1896.92,4/26/2020,454.38,3931.11,2451792574
843,Wolf,Speck,wspeckne@ebay.com,Female,124954.16,1/16/2021,411.43,10246.84,6457587380
844,Luca,Durward,ldurwardnf@sciencedaily.com,Genderqueer,63545.96,9/3/2020,342.81,26157.2,9927924879
845,Reeva,Pearton,rpeartonng@barnesandnoble.com,Genderfluid,364901.7,1/18/2021,422.39,28744.64,6129679696
846,Merrile,Frier,mfriernh@icio.us,Male,376225.15,9/11/2020,61.64,18606.56,4461108155
847,Kimmie,Bendan,kbendanni@themeforest.net,Male,367746.23,8/20/2020,100.93,3169.4,0675296994
848,Wilmer,Brayn,wbraynnj@photobucket.com,Genderqueer,225320.86,4/4/2020,253.36,47860.65,2005688452
849,Buddy,Baise,bbaisenk@berkeley.edu,Non-binary,464748.9,10/9/2020,362.0,19984.38,0991013158
850,Floyd,Crittal,fcrittalnl@simplemachines.org,Genderqueer,437584.04,9/29/2020,417.5,26982.63,6238685964
851,Eden,Prott,eprottnm@google.nl,Female,488117.33,8/26/2020,271.07,39713.5,5004736243
852,Kristofor,Brierly,kbrierlynn@globo.com,Non-binary,190057.85,5/20/2020,378.54,1311.3,9823931283
853,Aubrette,Turone,aturoneno@symantec.com,Genderqueer,26619.99,8/24/2020,292.23,39892.03,4211319639
854,Berke,Mew,bmewnp@auda.org.au,Genderqueer,154898.2,4/9/2020,355.48,13015.78,4562509082
855,Sara,Corless,scorlessnq@marriott.com,Bigender,34259.5,6/5/2020,111.0,3841.72,3505240540
856,Idell,Denington,ideningtonnr@ameblo.jp,Female,351091.43,10/1/2020,11.72,34100.57,3277834891
857,Estella,Joskovitch,ejoskovitchns@trellian.com,Female,129315.61,8/9/2020,126.93,26229.82,5865645021
858,Angy,Hrishanok,ahrishanoknt@prweb.com,Polygender,248721.25,12/3/2020,26.54,25069.0,5446289250
859,Sarge,Learmount,slearmountnu@acquirethisname.com,Genderfluid,398502.54,10/28/2020,159.63,9997.3,1330918916
860,Michale,Hewkin,mhewkinnv@utexas.edu,Genderqueer,29779.38,2/8/2021,283.12,2000.26,2517133166
861,Krispin,Langforth,klangforthnw@berkeley.edu,Agender,46757.71,11/19/2020,411.21,37458.09,7765213628
862,Nat,Hacon,nhaconnx@wordpress.com,Genderfluid,93213.52,8/24/2020,265.0,42129.98,7051866389
863,Alwin,Rosel,aroselny@go.com,Non-binary,405812.16,11/25/2020,37.84,24851.24,7991118932
864,Humphrey,Lahiff,hlahiffnz@globo.com,Bigender,301304.22,4/9/2020,301.59,25413.81,5862745718
865,Erich,Seabert,eseaberto0@ning.com,Male,95272.2,6/30/2020,231.2,10059.74,4849061311
866,Myles,Sturton,msturtono1@globo.com,Agender,152062.89,9/9/2020,299.35,48264.36,3256305571
867,Edie,Edmeades,eedmeadeso2@upenn.edu,Genderfluid,450087.19,11/2/2020,437.01,20971.98,7946067518
868,Farica,Echalier,fechaliero3@youtu.be,Bigender,222235.75,10/24/2020,430.31,45774.29,7373697674
869,Chic,Duly,cdulyo4@deliciousdays.com,Genderqueer,26051.05,5/24/2020,17.2,30749.09,9366242006
870,Diego,Beden,dbedeno5@walmart.com,Genderqueer,458217.6,2/17/2020,486.03,9470.69,5659057209
871,Carolann,Fewster,cfewstero6@archive.org,Genderqueer,209490.03,12/14/2020,490.82,10950.52,3759016030
872,Nicolea,Heitz,nheitzo7@wordpress.com,Genderqueer,364273.49,2/3/2021,393.22,3474.31,5937019644
873,Anders,Booth,abootho8@go.com,Female,306799.67,4/29/2020,279.19,23566.15,7188360383
874,Kyle,Simonsson,ksimonssono9@xing.com,Non-binary,172560.59,3/12/2020,29.44,32629.71,1197013717
875,Chloette,Scruton,cscrutonoa@blinklist.com,Bigender,24370.34,9/18/2020,283.81,4610.46,6381484012
876,Jules,Rainforth,jrainforthob@usa.gov,Male,287523.33,1/29/2021,92.81,3205.92,3827767644
877,Sarge,Downie,sdownieoc@deviantart.com,Genderqueer,209114.92,11/11/2020,220.32,45075.97,4832969072
878,Sara-ann,Siddall,ssiddallod@dailymail.co.uk,Bigender,146037.82,4/5/2020,331.67,26676.3,7950335319
879,Alikee,Boatman,aboatmanoe@so-net.ne.jp,Agender,363016.12,12/14/2020,426.35,26718.36,1324957433
880,Erinna,Ciciura,eciciuraof@gnu.org,Female,255687.59,7/24/2020,94.3,17208.7,7651231015
881,Merl,Sommerlin,msommerlinog@networkadvertising.org,Male,15110.39,5/18/2020,66.4,15602.12,8354002705
882,Hermione,Druhan,hdruhanoh@netscape.com,Male,381399.78,9/22/2020,16.75,24642.46,0109114027
883,Maryellen,Bruneton,mbrunetonoi@wired.com,Bigender,361720.79,11/14/2020,468.92,47583.96,7813780876
884,Conant,Dik,cdikoj@posterous.com,Genderqueer,466389.11,4/26/2020,33.48,47351.09,3893858857
885,Nestor,Winkett,nwinkettok@blog.com,Genderfluid,200854.69,2/21/2020,289.04,23412.6,9202424594
886,Bartholomeo,Penright,bpenrightol@ask.com,Genderfluid,10802.73,10/8/2020,77.78,14798.39,4803978255
887,Aigneis,Fierro,afierroom@mac.com,Non-binary,438553.55,10/26/2020,131.83,23641.74,3739152435
888,Francois,Narbett,fnarbetton@ehow.com,Genderfluid,203369.42,5/13/2020,316.42,42824.76,6950422563
889,Dodie,Flipek,dflipekoo@is.gd,Male,54920.29,10/23/2020,305.47,49994.2,8158503985
890,Sigfrid,Ricciardo,sricciardoop@newyorker.com,Polygender,194070.03,6/7/2020,476.55,25678.37,5126266551
891,Carol,McQuaker,cmcquakeroq@boston.com,Female,402585.59,5/27/2020,467.91,32646.11,4386871160
892,Innis,Pottage,ipottageor@umich.edu,Polygender,169797.63,2/2/2021,380.93,47830.9,6471013272
893,Johnnie,Chesher,jchesheros@ca.gov,Non-binary,408113.56,10/20/2020,125.16,44101.09,4393074173
894,Lauren,Say,lsayot@is.gd,Non-binary,339115.95,10/16/2020,487.35,27214.43,8395387474
895,Rina,Llewelyn,rllewelynou@is.gd,Female,52773.91,9/21/2020,57.51,27452.59,8874931905
896,Loralyn,Pilipyak,lpilipyakov@wired.com,Bigender,160691.0,12/9/2020,470.05,41961.49,1959346148
897,Janaya,Turfin,jturfinow@lulu.com,Genderqueer,3951.12,12/24/2020,65.6,14834.03,8816326875
898,Binni,Leile,bleileox@google.com,Male,30723.23,7/31/2020,448.7,45447.76,0685048373
899,Sheree,Eaves,seavesoy@ibm.com,Genderqueer,138418.7,10/6/2020,324.34,7152.75,2162389746
900,Kingsly,Gustus,kgustusoz@psu.edu,Bigender,89063.29,4/26/2020,230.66,31876.32,3692748590
901,Morly,Moppett,mmoppettp0@amazon.com,Non-binary,396571.87,5/6/2020,6.29,24210.4,3844142959
902,Pascale,Jinda,pjindap1@indiatimes.com,Male,463538.17,9/6/2020,275.22,24233.23,6091579916
903,Tracie,Pietrusiak,tpietrusiakp2@answers.com,Agender,464841.38,8/16/2020,330.34,26086.25,6404810719
904,Julina,Redgewell,jredgewellp3@biblegateway.com,Male,287634.95,3/16/2020,232.26,24343.0,5283523918
905,Dominique,Curd,dcurdp4@unblog.fr,Male,441155.27,2/24/2020,91.27,7117.95,9937614635
906,Claresta,Shorthill,cshorthillp5@tamu.edu,Agender,293689.17,1/21/2021,218.24,23137.11,3852295246
907,Elisha,Grioli,egriolip6@elegantthemes.com,Polygender,197378.08,4/2/2020,220.03,23887.73,3293651615
908,Basil,Clapshaw,bclapshawp7@blogspot.com,Male,474321.39,2/20/2020,456.67,24236.8,2155092474
909,Walsh,O'Sirin,wosirinp8@google.de,Female,92165.54,7/16/2020,431.3,36427.05,6318388605
910,Gearard,Panter,gpanterp9@ameblo.jp,Genderqueer,116751.95,4/23/2020,42.3,30518.11,6545658417
911,Darwin,Shadrack,dshadrackpa@uiuc.edu,Genderfluid,126855.82,9/23/2020,385.68,47635.36,5578480411
912,Padraig,Lively,plivelypb@unc.edu,Non-binary,203325.35,6/18/2020,376.55,25189.86,7977980274
913,Cally,Rahl,crahlpc@google.fr,Polygender,325167.39,3/19/2020,6.79,26068.58,8702180650
914,Berna,Tappin,btappinpd@independent.co.uk,Agender,216270.0,7/20/2020,122.6,5199.28,2465344153
915,Carver,Fairlaw,cfairlawpe@barnesandnoble.com,Genderqueer,255090.99,7/1/2020,105.3,26100.89,8670295636
916,Dru,Reade,dreadepf@archive.org,Female,133051.16,4/2/2020,57.0,16035.7,1089136536
917,Portie,Wigmore,pwigmorepg@google.de,Bigender,180467.65,6/21/2020,442.9,30771.41,3397010845
918,Fernandina,Belham,fbelhamph@plala.or.jp,Genderqueer,83486.81,6/9/2020,22.04,25969.03,7374883897
919,Duffy,McElwee,dmcelweepi@indiatimes.com,Male,261234.52,1/27/2021,95.65,15978.9,8504893642
920,Cecile,Ebbitt,cebbittpj@umich.edu,Non-binary,214601.15,6/23/2020,441.06,15551.26,7933955312
921,Maible,Eves,mevespk@sphinn.com,Genderqueer,448604.56,12/23/2020,71.25,48235.6,3040061119
922,Denis,Dickerline,ddickerlinepl@elpais.com,Agender,148197.46,11/10/2020,188.91,36932.24,9002828519
923,Randa,Collingdon,rcollingdonpm@naver.com,Non-binary,481162.2,1/31/2021,462.27,20397.5,5923826739
924,Garold,Mouse,gmousepn@wp.com,Male,171318.72,8/4/2020,34.76,24908.24,6642311078
925,Muriel,Caistor,mcaistorpo@bravesites.com,Bigender,76744.39,9/13/2020,281.12,48203.78,2699521000
926,Laurene,Fidell,lfidellpp@ihg.com,Genderqueer,1267.92,12/14/2020,275.4,24720.71,2224082053
927,Celestia,Humbey,chumbeypq@issuu.com,Bigender,87021.37,9/24/2020,179.65,49207.14,2854779959
928,Peterus,De Paepe,pdepaepepr@psu.edu,Bigender,321544.05,12/10/2020,193.82,43842.37,8679042897
929,Ciel,Esposito,cespositops@statcounter.com,Bigender,240333.38,3/1/2020,466.49,5104.45,1872754058
930,Othello,Harridge,oharridgept@sakura.ne.jp,Female,41197.06,5/5/2020,362.14,49934.21,2370756446
931,Heda,Woonton,hwoontonpu@instagram.com,Female,262757.89,8/15/2020,359.09,40203.43,5246970256
932,Cody,McElvine,cmcelvinepv@msn.com,Agender,376940.14,2/21/2020,362.17,47438.65,1507101201
933,Fidel,Turri,fturripw@bbc.co.uk,Female,451848.2,8/22/2020,6.52,40671.04,1917702329
934,Merell,Millmoe,mmillmoepx@yandex.ru,Polygender,465543.15,12/4/2020,137.7,22775.69,3446929355
935,Elane,Docwra,edocwrapy@etsy.com,Female,34310.27,7/28/2020,208.7,8880.17,0994958854
936,Evan,Bygraves,ebygravespz@weebly.com,Genderfluid,85248.76,2/3/2021,231.83,46273.83,4349058621
937,Dino,Padilla,dpadillaq0@gov.uk,Genderfluid,408982.72,3/5/2020,23.44,14057.39,3962712755
938,Iggie,Sidery,isideryq1@who.int,Non-binary,483855.01,1/21/2021,408.35,18073.36,2117410367
939,Lilli,Buffy,lbuffyq2@gizmodo.com,Genderqueer,325241.05,12/10/2020,64.66,35915.18,3242031237
940,Francois,Dael,fdaelq3@samsung.com,Female,336425.89,5/26/2020,315.93,14449.28,0650325613
941,Clarisse,Akid,cakidq4@seattletimes.com,Genderfluid,121775.48,12/16/2020,114.43,2377.43,7323593905
942,Ardenia,Mowles,amowlesq5@reverbnation.com,Genderqueer,320218.29,3/2/2020,437.1,18665.32,9938850227
943,Florette,Stable,fstableq6@wix.com,Male,360778.13,6/10/2020,438.91,23296.71,5632449998
944,De witt,Postill,dpostillq7@slate.com,Non-binary,98558.0,4/3/2020,483.75,46538.08,7045122535
945,Livia,Yesenin,lyeseninq8@hao123.com,Non-binary,467311.21,5/17/2020,241.24,16299.28,0823853020
946,Donnamarie,Gorvin,dgorvinq9@macromedia.com,Genderfluid,53967.1,5/28/2020,485.55,34252.62,0495775606
947,Paquito,Francescotti,pfrancescottiqa@ask.com,Non-binary,366872.88,8/22/2020,380.3,34443.61,0157256952
948,Jerome,Acreman,jacremanqb@jiathis.com,Bigender,78012.75,12/24/2020,223.74,4348.3,7235537043
949,Bidget,Ashton,bashtonqc@umich.edu,Female,237326.38,1/27/2021,470.47,7111.2,8993471282
950,Blair,Schoales,bschoalesqd@desdev.cn,Polygender,1615.04,5/4/2020,355.04,17487.63,5069084852
951,Hale,Currie,hcurrieqe@oaic.gov.au,Male,391411.09,12/28/2020,480.34,29046.89,0490025641
952,Montague,McComas,mmccomasqf@bluehost.com,Female,182105.72,4/13/2020,255.59,30210.27,3749031495
953,Karry,Timson,ktimsonqg@who.int,Male,78538.13,4/15/2020,348.3,8220.65,4130333690
954,Timofei,Maxsted,tmaxstedqh@shop-pro.jp,Polygender,334852.44,7/29/2020,263.76,46672.43,4652607369
955,Roley,Cram,rcramqi@google.fr,Genderfluid,62794.49,12/2/2020,195.59,35838.3,9353694930
956,Liane,Bulstrode,lbulstrodeqj@addtoany.com,Male,42325.75,7/4/2020,123.45,35110.33,1843912619
957,Locke,Haslock(e),lhaslockeqk@msn.com,Non-binary,356843.59,6/2/2020,144.92,34949.53,6941185538
958,Cristen,Pierpoint,cpierpointql@about.com,Bigender,392309.13,5/17/2020,452.6,41822.24,2747073033
959,Liliane,Growcott,lgrowcottqm@twitpic.com,Female,345384.39,3/16/2020,358.05,14344.48,8647762576
960,Sofia,Marshal,smarshalqn@networkadvertising.org,Agender,286328.32,4/18/2020,375.17,46292.22,0938541692
961,Ebeneser,Maris,emarisqo@netvibes.com,Female,18226.45,1/27/2021,18.99,31320.5,6614480693
962,Antonie,Kirke,akirkeqp@uol.com.br,Genderfluid,143002.92,2/7/2021,240.63,7641.24,0961289716
963,Ryon,Catterill,rcatterillqq@huffingtonpost.com,Male,192565.17,5/10/2020,16.11,31611.18,7641671349
964,Hugh,Parzis,hparzisqr@mapy.cz,Agender,394457.18,7/23/2020,436.98,16815.0,9172528486
965,Drusilla,Beadman,dbeadmanqs@google.de,Male,415647.21,9/24/2020,438.77,39027.66,4971800212
966,Kennie,Duck,kduckqt@facebook.com,Female,428774.49,9/29/2020,163.85,40117.17,2677930161
967,Florence,Lorek,florekqu@g.co,Non-binary,365735.44,4/30/2020,286.39,40089.38,0109122097
968,Woodrow,Stotherfield,wstotherfieldqv@photobucket.com,Agender,80018.47,6/10/2020,485.02,21173.72,0805326987
969,Jaimie,Hughf,jhughfqw@indiegogo.com,Non-binary,135926.73,12/2/2020,12.6,21025.95,2498267026
970,Ermentrude,Currum,ecurrumqx@time.com,Bigender,406719.52,12/2/2020,395.13,7703.21,6476981994
971,Trina,Booler,tboolerqy@1688.com,Genderqueer,91743.41,8/11/2020,314.93,10179.38,0144638592
972,Anestassia,Gawke,agawkeqz@ycombinator.com,Genderqueer,444194.63,7/26/2020,181.95,15871.24,8740814017
973,Constanta,Castagneri,ccastagnerir0@fotki.com,Non-binary,348391.0,9/28/2020,136.99,37661.32,8377529416
974,Raimondo,Handforth,rhandforthr1@newyorker.com,Polygender,24138.24,7/23/2020,429.95,47019.37,9664460133
975,Binny,Zelland,bzellandr2@google.nl,Bigender,262775.71,5/12/2020,220.12,4060.11,3018654463
976,Jamesy,Aldis,jaldisr3@blogtalkradio.com,Male,378714.35,4/10/2020,58.62,9618.53,4219923314
977,Annissa,Meehan,ameehanr4@miibeian.gov.cn,Female,431996.22,10/15/2020,254.02,994.44,6649871400
978,Kristo,Hobell,khobellr5@ibm.com,Male,121155.95,11/24/2020,477.35,8616.57,7989951193
979,Chris,Rosenwald,crosenwaldr6@desdev.cn,Female,129025.46,4/7/2020,279.09,28930.96,2535014122
980,Tobit,Schlag,tschlagr7@epa.gov,Genderfluid,318685.51,3/13/2020,147.9,14025.76,5494462242
981,Otes,Pinar,opinarr8@wikispaces.com,Polygender,452085.45,12/30/2020,34.35,18009.4,7612981602
982,Jorgan,Crohan,jcrohanr9@soup.io,Agender,73625.24,11/23/2020,196.26,15925.09,8820850745
983,Amelie,Billison,abillisonra@disqus.com,Polygender,407534.45,7/31/2020,396.11,26047.37,5384179368
984,Emalee,Message,emessagerb@epa.gov,Bigender,255448.46,10/10/2020,85.02,43612.11,8036827166
985,Ulysses,Draco,udracorc@de.vu,Male,36745.33,10/19/2020,344.57,951.09,9991447016
986,Maurene,Troni,mtronird@cocolog-nifty.com,Genderfluid,36127.15,8/29/2020,254.11,33753.99,7292956068
987,Dreddy,Beetham,dbeethamre@twitpic.com,Non-binary,19249.8,2/1/2021,52.13,12549.48,5035318478
988,Jere,Aysik,jaysikrf@typepad.com,Polygender,6178.1,2/3/2021,301.84,49530.42,8276654126
989,Nichol,Cunningham,ncunninghamrg@meetup.com,Agender,491943.98,11/27/2020,60.54,33463.53,5150009431
990,Isidro,Rigardeau,irigardeaurh@ning.com,Bigender,381091.38,12/15/2020,475.63,13453.85,3057046789
991,Durand,Larkby,dlarkbyri@webmd.com,Non-binary,1487.52,5/8/2020,367.61,29486.27,7673803968
992,Putnam,Ragot,pragotrj@sciencedirect.com,Genderfluid,119663.58,6/6/2020,499.35,13370.74,0284559563
993,Paulette,Twell,ptwellrk@nps.gov,Bigender,200231.75,10/14/2020,9.33,4696.86,1004303114
994,Goldy,Stroobant,gstroobantrl@feedburner.com,Genderfluid,404987.35,11/10/2020,447.24,42474.21,2836148721
995,Teador,Haresnape,tharesnaperm@engadget.com,Male,123603.42,1/6/2021,35.49,18255.87,8697534275
996,Pris,Zanettini,pzanettinirn@gmpg.org,Polygender,432780.93,6/21/2020,431.91,18002.21,3014902934
997,Alfonso,Vinecombe,avinecombero@blogtalkradio.com,Male,370389.93,5/16/2020,84.81,39166.16,7241153367
998,Portia,Maylam,pmaylamrp@cdbaby.com,Bigender,11977.5,6/8/2020,483.81,4838.73,3183133660
999,Alisa,Landers,alandersrq@yellowbook.com,Genderqueer,474244.34,11/2/2020,487.7,7658.31,1524885789
1000,Erasmus,Twiddy,etwiddyrr@deviantart.com,Bigender,255956.81,9/19/2020,1.56,21224.02,8653484167
