id_dipendente,first_name,last_name,email,gender,salario,data assunzione,id_autonoleggio,id_manager,numero_di_telefono
1,Guillermo,Jolley,gjolley0@imdb.com,Genderqueer,419359.26,2/17/2020,154.18,10095.59,4394804027
2,Hartwell,Richfield,hrichfield1@fc2.com,Bigender,304033.64,5/6/2020,321.58,43958.73,0611042835
3,Jewell,Curl,jcurl2@hc360.com,Female,58815.04,1/30/2021,300.1,30361.59,2603584510
4,Josie,Brumham,jbrumham3@newyorker.com,Bigender,388231.53,10/1/2020,261.22,20752.91,2870275110
5,Maryanna,Strelitz,mstrelitz4@sbwire.com,Polygender,395764.87,1/19/2021,154.5,36601.63,0394075811
6,Jamey,Hosier,jhosier5@elegantthemes.com,Agender,492318.76,7/29/2020,346.54,3656.33,2577023790
7,Obadiah,Bagnall,obagnall6@zimbio.com,Polygender,426897.2,10/21/2020,411.1,30582.96,1599341190
8,Tamara,Bruins,tbruins7@taobao.com,Bigender,399729.95,1/3/2021,148.66,24724.78,6339394868
9,Marianna,Carncross,mcarncross8@friendfeed.com,Non-binary,243536.12,5/17/2020,57.22,42348.64,6799916191
10,Phylis,Payne,ppayne9@webnode.com,Genderfluid,37729.62,1/24/2021,337.12,47988.18,1380593190
11,Ashley,Dummer,adummera@google.es,Female,277319.3,1/27/2021,488.79,20667.52,9880520203
12,Bekki,Moorerud,bmoorerudb@europa.eu,Bigender,191181.38,12/1/2020,261.0,44889.27,8392354478
13,Estella,Renneke,erennekec@craigslist.org,Female,309170.2,1/16/2021,204.61,48602.37,9737453336
14,Tamarra,Wallentin,twallentind@seesaa.net,Male,345152.72,9/22/2020,62.76,20561.22,1156232880
15,Rhea,Wensley,rwensleye@ucoz.com,Non-binary,233880.51,4/24/2020,140.13,47427.93,8500814594
16,Katya,Braden,kbradenf@timesonline.co.uk,Polygender,150572.25,10/19/2020,148.19,44619.58,2506819118
17,Phip,Dayer,pdayerg@cisco.com,Female,494282.91,1/11/2021,258.06,4952.28,7299400197
18,Ezechiel,Kynforth,ekynforthh@sciencedirect.com,Female,316309.97,5/26/2020,489.52,30132.49,1492711195
19,Blithe,Whenman,bwhenmani@godaddy.com,Genderfluid,91962.39,3/6/2020,273.94,7217.12,2739917066
20,Chiquita,Ryland,crylandj@washington.edu,Male,401148.12,5/20/2020,90.42,37314.31,9554765800
21,Boony,Gohn,bgohnk@google.ca,Male,394019.2,12/22/2020,325.17,24627.15,2906356867
22,Shawnee,Oguz,soguzl@xinhuanet.com,Male,345372.63,1/8/2021,342.91,43402.68,3916418858
23,Claudia,Francescuzzi,cfrancescuzzim@shinystat.com,Male,93546.79,11/3/2020,470.38,37140.23,8072228854
24,Diego,Rawlcliffe,drawlcliffen@nydailynews.com,Polygender,113752.14,3/19/2020,311.87,10308.64,5355312756
25,Sean,Melton,smeltono@cmu.edu,Genderfluid,283907.46,4/22/2020,177.18,27810.87,6257372305
26,Cindie,MacAne,cmacanep@cyberchimps.com,Male,25296.45,9/20/2020,7.87,37618.6,8237882490
27,Brandea,Glyn,bglynq@craigslist.org,Genderqueer,357608.05,8/14/2020,57.55,21262.5,4608175580
28,Kaila,Chessel,kchesselr@forbes.com,Polygender,170594.32,7/25/2020,476.24,8853.14,2408488559
29,Lester,Billes,lbilless@cpanel.net,Female,33297.52,11/24/2020,197.73,41957.0,8713768816
30,Skippy,Blything,sblythingt@hhs.gov,Male,452308.34,6/8/2020,194.25,21668.56,5092105003
31,Alaine,Abson,aabsonu@cbsnews.com,Female,104543.91,10/8/2020,464.19,20020.8,0055418856
32,Martina,Manderson,mmandersonv@deliciousdays.com,Genderfluid,193281.76,9/1/2020,48.03,2897.06,2127557891
33,Beverlie,MacCall,bmaccallw@dropbox.com,Male,72883.93,10/20/2020,205.39,32992.28,0135972116
34,Meredith,Dumbellow,mdumbellowx@google.cn,Genderqueer,172194.69,5/15/2020,269.5,14631.04,5662810117
35,Joshuah,Cristol,jcristoly@technorati.com,Genderqueer,424393.13,9/25/2020,269.14,13863.5,8437957087
36,Chadd,Van de Velde,cvandeveldez@nifty.com,Genderfluid,444763.49,6/30/2020,93.43,31707.82,4723184171
37,Lilas,Prichet,lprichet10@shutterfly.com,Female,207140.29,9/3/2020,336.92,20876.33,7167336742
38,Cobb,Davage,cdavage11@purevolume.com,Female,451816.59,2/13/2020,1.52,38277.96,7174390943
39,Berty,Biddulph,bbiddulph12@woothemes.com,Non-binary,211837.12,6/21/2020,328.69,38897.46,0754460282
40,Mariejeanne,Tummasutti,mtummasutti13@msu.edu,Non-binary,171750.39,2/18/2020,405.05,21799.74,4504042746
41,Zared,Mariaud,zmariaud14@wix.com,Female,397610.87,12/23/2020,356.5,29991.12,4654077545
42,Stirling,Crooke,scrooke15@thetimes.co.uk,Female,445841.03,1/18/2021,172.29,28657.5,0372619312
43,Flem,Seaborne,fseaborne16@digg.com,Bigender,122008.12,3/12/2020,334.14,2838.08,2798279569
44,Bessy,Bartram,bbartram17@nyu.edu,Non-binary,240922.8,12/21/2020,3.58,36922.04,6563909752
45,Petronilla,Merit,pmerit18@google.co.uk,Polygender,117587.08,8/14/2020,217.06,39801.23,9166742129
46,Silvester,Peplaw,speplaw19@ask.com,Male,27764.65,1/9/2021,427.21,22511.45,1009992678
47,Nolie,Veness,nveness1a@google.co.uk,Non-binary,237238.73,1/22/2021,197.72,29975.77,1468350234
48,Brande,Kenworth,bkenworth1b@canalblog.com,Polygender,350605.09,9/8/2020,245.31,4941.26,5671842689
49,Dallas,Schonfelder,dschonfelder1c@seattletimes.com,Agender,271636.75,9/28/2020,358.73,6972.87,6124369958
50,Ava,Minter,aminter1d@dion.ne.jp,Genderqueer,181102.83,10/5/2020,40.24,26453.7,8561942061
51,Philis,Strowlger,pstrowlger1e@google.com.br,Agender,333109.18,8/5/2020,14.03,42473.43,2949870708
52,Kirbee,Andrieux,kandrieux1f@wordpress.org,Genderfluid,302695.83,7/13/2020,431.42,14538.14,5834648703
53,Gavin,Rodolfi,grodolfi1g@ifeng.com,Bigender,204744.61,6/25/2020,485.47,34314.95,0956659691
54,Daniele,Handrock,dhandrock1h@ft.com,Bigender,143095.2,5/18/2020,231.42,12571.31,1016637225
55,Mike,Bilbrook,mbilbrook1i@time.com,Non-binary,270062.34,6/28/2020,340.91,32719.31,1357374887
56,Corrie,Mathevon,cmathevon1j@sakura.ne.jp,Bigender,400644.9,10/5/2020,316.39,31521.69,3671635355
57,Killian,Skull,kskull1k@barnesandnoble.com,Agender,291609.18,9/2/2020,260.39,30321.17,5074821029
58,Ashia,Mansuer,amansuer1l@tinypic.com,Female,209092.96,6/1/2020,189.96,8599.49,2544244208
59,Darnall,Grigolashvill,dgrigolashvill1m@earthlink.net,Female,396515.7,9/21/2020,400.3,15644.57,5114671642
60,Farlie,Dochon,fdochon1n@webs.com,Non-binary,407628.71,7/5/2020,298.36,47770.57,1324291893
61,Yolane,Mooreed,ymooreed1o@etsy.com,Bigender,21718.89,5/14/2020,112.31,15694.48,7489972914
62,Mariquilla,Plumtree,mplumtree1p@umn.edu,Female,71268.2,10/17/2020,358.71,7909.46,1292001577
63,Ingaborg,Tille,itille1q@ning.com,Polygender,462861.28,6/11/2020,465.26,9732.45,0364187727
64,Petey,Dafter,pdafter1r@e-recht24.de,Bigender,295711.57,4/14/2020,415.23,12534.75,0469547529
65,Susan,Dorling,sdorling1s@sakura.ne.jp,Polygender,359440.34,5/15/2020,312.77,306.27,7746266223
66,Alexi,Gloves,agloves1t@nasa.gov,Genderfluid,39139.4,6/12/2020,416.06,21933.71,8550087262
67,Clary,Shawdforth,cshawdforth1u@wix.com,Agender,468587.95,11/4/2020,3.8,780.83,3612730835
68,Beverley,Spehr,bspehr1v@paypal.com,Agender,356448.48,6/12/2020,429.83,3470.22,9675913169
69,Hedi,Donovin,hdonovin1w@tamu.edu,Polygender,226719.87,9/13/2020,326.23,26957.09,8176328707
70,Gregg,Sommerville,gsommerville1x@opera.com,Female,65408.03,11/6/2020,205.01,13819.14,8586935735
71,Anselma,Simmonds,asimmonds1y@gravatar.com,Genderqueer,319935.08,9/19/2020,105.79,47191.83,6503097328
72,Mikol,Viscovi,mviscovi1z@comcast.net,Bigender,308122.0,3/18/2020,456.58,21321.17,1912361345
73,Gilbertina,Drohun,gdrohun20@accuweather.com,Polygender,181616.93,3/23/2020,240.45,34459.04,7730144700
74,Marlo,McCrudden,mmccrudden21@freewebs.com,Female,300209.5,4/30/2020,357.46,30942.92,5480838954
75,Jake,Paddison,jpaddison22@howstuffworks.com,Female,170157.86,2/12/2020,434.1,42451.85,6491270912
76,Abbye,Conquer,aconquer23@dropbox.com,Non-binary,251898.53,7/2/2020,370.75,40331.8,1802538615
77,Nina,Bosnell,nbosnell24@discovery.com,Female,48372.19,6/9/2020,306.48,47943.36,0719246326
78,Vasilis,Broadnicke,vbroadnicke25@salon.com,Non-binary,10702.68,5/8/2020,315.54,15486.66,4086680785
79,Devora,Whether,dwhether26@youtu.be,Agender,57692.49,11/6/2020,309.75,24786.58,1368179851
80,Tiffany,Duinbleton,tduinbleton27@stanford.edu,Genderqueer,301075.01,4/18/2020,123.61,9619.92,4965256638
81,Rikki,Wear,rwear28@cbc.ca,Genderqueer,123781.6,9/16/2020,73.23,9129.64,3750328234
82,Alyson,Simpkiss,asimpkiss29@zimbio.com,Polygender,294169.21,7/30/2020,7.27,37957.48,4131059673
83,Dorette,Langmead,dlangmead2a@walmart.com,Bigender,136260.41,1/18/2021,102.19,2668.36,3896158627
84,Jammal,Pickworth,jpickworth2b@harvard.edu,Bigender,227505.93,10/20/2020,210.37,34086.82,3796685676
85,Margeaux,Hingeley,mhingeley2c@hao123.com,Genderqueer,120079.69,4/11/2020,367.4,16334.21,0121462994
86,Agata,Mease,amease2d@weather.com,Genderfluid,452506.77,2/16/2020,119.18,34214.48,2487480165
87,Marci,Fargher,mfargher2e@harvard.edu,Polygender,406856.41,5/8/2020,279.4,30816.13,1593830149
88,Hilary,Barge,hbarge2f@google.com.hk,Female,254563.18,3/20/2020,206.41,25732.88,8304854597
89,Tamar,Hiddersley,thiddersley2g@moonfruit.com,Agender,37227.02,9/5/2020,14.74,14593.54,0024693952
90,Constancy,De Hailes,cdehailes2h@issuu.com,Female,228944.44,5/29/2020,184.49,45121.83,9219811324
91,Hermie,Weatherburn,hweatherburn2i@a8.net,Bigender,236867.57,6/28/2020,83.56,19840.03,5342284635
92,Imojean,Trustram,itrustram2j@tiny.cc,Male,429901.67,12/2/2020,326.25,43221.34,1956361073
93,Chance,Throughton,cthroughton2k@economist.com,Male,301434.9,1/26/2021,89.13,43279.08,4637932440
94,Bryana,Langsbury,blangsbury2l@cafepress.com,Bigender,201364.48,3/2/2020,23.08,7449.7,1479397059
95,Vally,Walmsley,vwalmsley2m@opera.com,Polygender,274700.1,3/7/2020,436.62,45942.63,8925493683
96,Connie,Dudlestone,cdudlestone2n@cam.ac.uk,Genderqueer,410743.84,1/5/2021,99.31,10233.47,5201919626
97,Franciskus,Bewly,fbewly2o@netvibes.com,Agender,497959.05,3/28/2020,264.96,32888.57,0620387998
98,Gwenette,Pennells,gpennells2p@sfgate.com,Female,207730.8,5/1/2020,380.69,13754.85,2944021168
99,Nola,Moysey,nmoysey2q@walmart.com,Genderfluid,364559.88,7/21/2020,416.09,13487.41,2352320364
100,Bonita,Pierse,bpierse2r@woothemes.com,Agender,209626.02,5/14/2020,276.46,25770.09,9914564089
101,Lebbie,Lapere,llapere2s@columbia.edu,Female,329845.23,6/20/2020,471.41,39331.69,2042334502
102,Filmer,Farthin,ffarthin2t@i2i.jp,Male,124701.49,2/23/2020,17.52,5469.53,4257720670
103,Yank,Janicijevic,yjanicijevic2u@archive.org,Genderfluid,479921.0,4/17/2020,200.7,20900.27,6044796612
104,Dana,Klimmek,dklimmek2v@youtu.be,Bigender,463530.73,8/19/2020,78.06,5846.33,1862923272
105,April,Baroch,abaroch2w@dagondesign.com,Bigender,492854.49,10/11/2020,78.32,43239.54,7661970473
106,Rica,Tomaszkiewicz,rtomaszkiewicz2x@sfgate.com,Non-binary,387985.92,6/26/2020,171.14,33686.63,3378842660
107,Aloise,Gilphillan,agilphillan2y@123-reg.co.uk,Male,477645.59,7/30/2020,403.49,34755.41,9998790425
108,Norah,Laverock,nlaverock2z@digg.com,Female,204131.96,6/20/2020,108.27,37889.91,0431433194
109,Lyndell,Lomasny,llomasny30@miitbeian.gov.cn,Male,493320.86,8/23/2020,357.98,40856.55,7454644597
110,Tobias,McGarvey,tmcgarvey31@nps.gov,Non-binary,210227.9,8/4/2020,218.82,38258.0,3194807560
111,Henri,Harnwell,hharnwell32@japanpost.jp,Non-binary,198570.7,4/28/2020,16.43,37277.97,5025559278
112,Zackariah,Schoales,zschoales33@ox.ac.uk,Non-binary,175142.02,5/27/2020,103.35,26283.34,4895488527
113,Cullan,Edsall,cedsall34@mtv.com,Female,311037.12,7/17/2020,11.05,6813.54,0080063101
114,Monroe,Ayto,mayto35@examiner.com,Female,465419.53,5/3/2020,177.8,9723.13,9657439973
115,Vere,Stoyell,vstoyell36@ox.ac.uk,Genderfluid,54721.71,8/2/2020,436.25,47336.87,3364341362
116,Loella,Killingsworth,lkillingsworth37@yellowbook.com,Genderqueer,330075.43,1/24/2021,267.63,14635.75,9894229492
117,Lexi,Errichi,lerrichi38@slashdot.org,Non-binary,289915.31,10/22/2020,365.71,43363.62,8321330622
118,Gertrude,Pierson,gpierson39@nyu.edu,Genderfluid,14312.65,4/7/2020,45.37,28060.86,7101049915
119,Rivy,La Vigne,rlavigne3a@economist.com,Genderfluid,186899.15,11/19/2020,487.83,39496.8,3779742853
120,Rickey,Leijs,rleijs3b@mozilla.com,Non-binary,8000.02,10/24/2020,299.91,25170.53,8493090409
121,Fulvia,Bloxsum,fbloxsum3c@java.com,Male,231978.97,5/19/2020,73.99,30151.37,1745338179
122,Danica,Gledhall,dgledhall3d@indiatimes.com,Bigender,217807.92,2/2/2021,120.03,1499.24,3983746950
123,Godfry,Seegar,gseegar3e@hp.com,Genderqueer,62500.09,8/20/2020,484.85,22890.74,8344560144
124,Taffy,De Ferrari,tdeferrari3f@msu.edu,Male,117816.9,11/12/2020,397.95,36959.22,6662577375
125,Raymund,Vlahos,rvlahos3g@adobe.com,Genderfluid,478833.3,2/19/2020,114.26,36554.59,2690562146
126,Rosabel,Scholefield,rscholefield3h@wufoo.com,Female,7420.74,8/11/2020,377.23,19672.34,0345690338
127,Lita,Showt,lshowt3i@apache.org,Genderfluid,349935.64,5/12/2020,284.1,46000.53,6667314801
128,Tina,Maffioni,tmaffioni3j@mediafire.com,Female,452975.18,11/28/2020,202.64,44450.81,5882486661
129,Mechelle,Allanson,mallanson3k@bigcartel.com,Non-binary,2329.04,7/21/2020,19.56,20497.95,4092748361
130,Haleigh,Blowfield,hblowfield3l@hostgator.com,Bigender,183992.97,2/16/2020,128.68,42802.79,0315323450
131,Leigha,Bilbrooke,lbilbrooke3m@naver.com,Female,173922.12,5/21/2020,477.8,4607.16,9786610679
132,Mannie,Melby,mmelby3n@craigslist.org,Polygender,307801.16,8/3/2020,424.91,3794.14,1649396996
133,Stanislas,Henworth,shenworth3o@scribd.com,Genderqueer,191211.04,5/1/2020,60.68,33433.11,2581224150
134,Matilde,Wrighton,mwrighton3p@army.mil,Polygender,285499.12,10/28/2020,393.19,37503.21,3432625634
135,Hyatt,Maguire,hmaguire3q@wisc.edu,Polygender,362113.99,1/15/2021,81.57,19715.26,4558749112
136,Christa,Scholes,cscholes3r@blogspot.com,Female,444740.0,2/27/2020,373.21,1956.76,2446596932
137,Ninon,O' Ronan,noronan3s@exblog.jp,Genderfluid,82707.13,6/30/2020,385.83,37527.04,7503384999
138,Sallyanne,Daouse,sdaouse3t@springer.com,Polygender,446804.93,12/7/2020,477.48,19538.45,4608952528
139,Prent,Kobsch,pkobsch3u@webeden.co.uk,Male,221314.04,11/30/2020,289.96,38596.85,2528500807
140,Cherry,Stannus,cstannus3v@chicagotribune.com,Polygender,429693.71,10/1/2020,86.83,1386.15,1229250409
141,Cristobal,MacFarlane,cmacfarlane3w@springer.com,Female,49905.73,5/29/2020,50.84,3804.43,8116676164
142,Marja,Gatheridge,mgatheridge3x@blogger.com,Genderfluid,199697.44,11/5/2020,288.27,39235.23,0663251990
143,Geri,Bessent,gbessent3y@statcounter.com,Agender,463313.97,1/9/2021,473.94,28156.73,0890481458
144,Sandra,Tampin,stampin3z@discuz.net,Genderqueer,156842.88,4/8/2020,45.72,12156.46,4003425715
145,Gloriane,McCluin,gmccluin40@elegantthemes.com,Bigender,400393.92,3/21/2020,484.11,31597.99,3532574225
146,Tilly,Karle,tkarle41@opera.com,Bigender,51688.03,6/13/2020,126.32,28284.97,7677087175
147,Brig,Liveley,bliveley42@example.com,Agender,243823.18,12/6/2020,114.51,10752.34,4057523855
148,Tabitha,Conkay,tconkay43@google.pl,Non-binary,153623.92,9/29/2020,236.61,18907.16,7098152978
149,Kory,Koch,kkoch44@bing.com,Bigender,277294.81,3/7/2020,375.38,11061.63,9291220280
150,Editha,Gunda,egunda45@stanford.edu,Genderqueer,391664.06,5/26/2020,90.27,17984.55,5759701029
151,Neile,Ginity,nginity46@icio.us,Genderqueer,110207.44,3/22/2020,452.85,6570.86,2672437777
152,Ursulina,Semken,usemken47@wired.com,Male,29312.99,1/26/2021,283.12,27137.53,3388500754
153,Tobin,Dominey,tdominey48@ca.gov,Bigender,79505.49,11/28/2020,75.06,20457.09,6061588941
154,Elliott,Dineen,edineen49@indiegogo.com,Male,42648.67,4/4/2020,451.4,18711.34,2510091662
155,Laureen,Nerger,lnerger4a@chicagotribune.com,Non-binary,131781.57,11/3/2020,418.65,20254.6,4169831217
156,Karlen,Pinor,kpinor4b@nsw.gov.au,Female,309953.71,5/15/2020,284.08,2578.94,0165037148
157,Dolly,Gook,dgook4c@blogtalkradio.com,Male,317028.08,11/29/2020,458.06,47894.48,1159000891
158,Magdalene,Spellman,mspellman4d@ed.gov,Bigender,456603.97,3/26/2020,253.86,35586.37,5407174162
159,Gregorius,Shimmings,gshimmings4e@examiner.com,Polygender,454675.19,8/9/2020,438.77,14840.77,7513838542
160,Vonny,Offer,voffer4f@cloudflare.com,Non-binary,482457.59,10/19/2020,431.17,1668.74,1837211299
161,Jeralee,McArthur,jmcarthur4g@ox.ac.uk,Agender,387415.0,4/29/2020,21.5,7842.91,3292423163
162,Clerkclaude,Wipper,cwipper4h@accuweather.com,Agender,301378.02,7/30/2020,77.46,1099.42,3243441544
163,Bonita,Buney,bbuney4i@shop-pro.jp,Polygender,172786.94,12/21/2020,233.21,6115.64,1130880141
164,Aaron,Sparke,asparke4j@histats.com,Male,246911.15,5/20/2020,338.07,46968.18,2070050688
165,Loreen,Vaadeland,lvaadeland4k@bandcamp.com,Genderqueer,119568.34,8/10/2020,102.94,10551.32,8482826808
166,Martelle,MacArthur,mmacarthur4l@globo.com,Female,334349.12,1/16/2021,187.83,10831.32,4970482454
167,Leanor,Gingold,lgingold4m@i2i.jp,Genderfluid,36160.89,1/11/2021,139.57,9117.41,8556955940
168,Ivor,Jepp,ijepp4n@whitehouse.gov,Polygender,9503.28,10/24/2020,41.19,26137.73,2323166689
169,Luciana,Ferry,lferry4o@cpanel.net,Genderfluid,224021.34,4/18/2020,469.28,4943.05,5050653614
170,Kerry,Ferris,kferris4p@last.fm,Male,250025.78,11/5/2020,158.65,20896.73,0802822681
171,Beret,Chartman,bchartman4q@bizjournals.com,Agender,307133.67,12/31/2020,135.78,47263.79,8819644150
172,Broddy,Cleynman,bcleynman4r@hc360.com,Bigender,72054.11,6/19/2020,143.07,40280.14,9958454327
173,Morgana,Fergyson,mfergyson4s@uol.com.br,Non-binary,194598.54,12/19/2020,327.91,21137.02,3677793432
174,Caprice,MacClure,cmacclure4t@miibeian.gov.cn,Female,302277.31,6/11/2020,304.12,46700.22,3469400253
175,Beret,Mithon,bmithon4u@ed.gov,Bigender,24259.3,5/8/2020,422.25,29063.82,7704588605
176,Fae,Rowet,frowet4v@vk.com,Non-binary,366508.46,2/16/2020,374.94,18733.41,3231992567
177,Jillian,Pallant,jpallant4w@yandex.ru,Bigender,84041.39,4/11/2020,150.89,12417.42,8762189018
178,Brocky,McGooch,bmcgooch4x@chicagotribune.com,Bigender,237382.16,4/24/2020,303.79,25940.24,3043783824
179,Garrek,Mehaffey,gmehaffey4y@t-online.de,Bigender,459603.58,9/30/2020,293.8,20311.51,4226327217
180,Shaylyn,Rivel,srivel4z@homestead.com,Male,454633.21,9/18/2020,129.81,11646.08,8903859480
181,Hyatt,Sapsed,hsapsed50@linkedin.com,Male,143384.27,6/6/2020,283.73,34618.95,3496631937
182,Dorelle,Lesley,dlesley51@tmall.com,Bigender,213962.21,8/12/2020,294.32,36798.48,5227805067
183,Ginger,Pittet,gpittet52@jiathis.com,Agender,327182.17,12/5/2020,488.71,21576.73,4389509799
184,Ginevra,Mouth,gmouth53@zdnet.com,Male,163366.32,5/31/2020,46.02,29288.41,8234880926
185,Yves,O'Day,yoday54@chron.com,Genderqueer,2637.75,5/1/2020,320.05,11265.4,5277659471
186,Caritta,Almak,calmak55@marriott.com,Male,6664.88,9/15/2020,9.43,30891.72,3970141338
187,Amitie,Gingell,agingell56@usda.gov,Female,181955.31,10/21/2020,380.19,36703.8,6899032589
188,Sheffield,Websdale,swebsdale57@hubpages.com,Bigender,303836.01,9/2/2020,203.09,21018.25,2193819343
189,Morganne,Jedrychowski,mjedrychowski58@xrea.com,Genderfluid,344897.46,10/1/2020,75.62,7153.19,8859484162
190,Gillan,Beek,gbeek59@cisco.com,Genderqueer,408835.71,2/12/2020,20.48,21085.02,1219923400
191,Alisander,Bechley,abechley5a@slashdot.org,Agender,330009.6,6/18/2020,56.3,31598.74,7785095566
192,Judah,Spark,jspark5b@altervista.org,Genderfluid,186773.74,12/27/2020,49.14,28114.41,7033699875
193,Chloris,Brightie,cbrightie5c@dedecms.com,Polygender,210053.74,5/7/2020,459.83,23728.43,3024325336
194,Rosalie,Semens,rsemens5d@google.es,Agender,37686.65,1/11/2021,102.01,19647.81,2069228053
195,Ignatius,Slatter,islatter5e@discuz.net,Female,134967.76,11/20/2020,448.8,49770.08,7253677684
196,Cookie,O'Mannion,comannion5f@pen.io,Female,141164.08,8/21/2020,461.98,15635.59,6585903749
197,Brody,Treadaway,btreadaway5g@wiley.com,Bigender,10717.05,12/24/2020,283.39,19254.0,7966985806
198,Charley,Newnham,cnewnham5h@altervista.org,Polygender,260514.27,10/7/2020,169.4,5529.97,4479152547
199,Abagael,Dooland,adooland5i@auda.org.au,Non-binary,456810.44,9/11/2020,327.09,9429.77,1278151311
200,Alaster,Cartner,acartner5j@unesco.org,Agender,208916.9,11/2/2020,416.62,29470.19,0057454957
201,Kelila,Rangall,krangall5k@microsoft.com,Polygender,409805.49,10/21/2020,109.75,9490.52,6828611667
202,Chicky,Gracewood,cgracewood5l@wisc.edu,Bigender,462509.07,11/10/2020,127.06,27905.37,3989245988
203,Ferguson,Foskett,ffoskett5m@xing.com,Bigender,435196.05,4/4/2020,82.14,1124.36,8720927398
204,Gabrila,Szymanek,gszymanek5n@163.com,Male,243952.41,11/13/2020,197.71,28880.72,1719378525
205,Aundrea,Fairs,afairs5o@census.gov,Agender,169073.65,6/16/2020,84.77,2418.14,7938155209
206,Duffy,Culligan,dculligan5p@cnn.com,Bigender,51481.28,3/19/2020,298.31,5553.55,0959854592
207,Dunc,Nother,dnother5q@cam.ac.uk,Male,217777.36,10/8/2020,284.61,27608.17,2022447263
208,Boot,Hinstock,bhinstock5r@cpanel.net,Non-binary,390644.8,12/4/2020,260.37,9195.54,3242857178
209,Ulrich,Tryhorn,utryhorn5s@live.com,Bigender,84040.34,1/16/2021,355.16,32708.19,4676644248
210,Larisa,Corneck,lcorneck5t@icq.com,Bigender,308655.83,2/2/2021,138.15,46526.2,2262509409
211,Kelci,Flott,kflott5u@admin.ch,Female,392988.85,5/13/2020,278.42,3934.66,5579218133
212,Flin,Venes,fvenes5v@wordpress.org,Genderqueer,263514.47,7/10/2020,120.73,23464.22,4420385162
213,Jarrad,Licciardo,jlicciardo5w@google.co.jp,Female,100986.06,12/24/2020,54.49,37367.48,1970669780
214,Allard,Goble,agoble5x@squidoo.com,Agender,18529.59,3/6/2020,265.72,36875.06,7487217167
215,Gabriel,Fricker,gfricker5y@skype.com,Male,458984.14,7/25/2020,484.08,48235.43,6234499597
216,Jennica,Grigson,jgrigson5z@theatlantic.com,Agender,353897.56,7/31/2020,397.73,18989.0,2621057179
217,Lowrance,Weare,lweare60@1und1.de,Agender,377572.35,4/2/2020,426.9,11651.27,3393456040
218,Sollie,Risbrough,srisbrough61@statcounter.com,Male,499279.13,12/12/2020,222.19,31185.58,9663520795
219,Ernst,Parris,eparris62@buzzfeed.com,Genderfluid,358384.41,11/17/2020,372.48,2661.21,0382715268
220,Brana,Hubber,bhubber63@amazon.de,Polygender,351122.0,8/14/2020,49.43,1472.08,8483328690
221,Eli,Fletham,efletham64@wikispaces.com,Bigender,304625.39,2/29/2020,350.68,36560.58,7491214754
222,Gussy,Wythe,gwythe65@bizjournals.com,Agender,379684.56,4/20/2020,45.82,32813.14,6497887857
223,Bidget,Knoble,bknoble66@pinterest.com,Non-binary,354122.17,4/19/2020,45.42,45830.04,4240564484
224,Barney,Filyukov,bfilyukov67@fda.gov,Genderfluid,108077.05,11/6/2020,439.79,20019.95,7066088506
225,Evaleen,Sire,esire68@opera.com,Polygender,58534.17,10/1/2020,301.37,49749.81,0372121640
226,Theodor,Float,tfloat69@phpbb.com,Male,21499.45,7/4/2020,393.38,18858.16,8219067861
227,Dyanna,Kinkade,dkinkade6a@elegantthemes.com,Genderfluid,225249.08,4/1/2020,351.96,35878.89,4629645098
228,Jarid,Hargie,jhargie6b@deliciousdays.com,Non-binary,305614.18,7/29/2020,271.19,45395.69,6224339538
229,Bonita,French,bfrench6c@miitbeian.gov.cn,Male,140044.06,1/12/2021,22.6,3203.11,9330737951
230,Gigi,South,gsouth6d@fc2.com,Non-binary,232997.64,12/13/2020,397.93,47296.59,5386232738
231,Ernestus,McAleese,emcaleese6e@arizona.edu,Female,337806.02,5/5/2020,35.89,4250.5,1347447210
232,Rosabelle,Riccardi,rriccardi6f@taobao.com,Male,278044.47,12/17/2020,355.48,45001.36,7907960592
233,Traci,Krochmann,tkrochmann6g@taobao.com,Polygender,76862.36,2/28/2020,478.63,10394.24,8578312864
234,Reid,Silley,rsilley6h@topsy.com,Male,356239.11,7/30/2020,36.23,37308.28,3587818037
235,Kailey,Prince,kprince6i@earthlink.net,Polygender,10699.72,3/16/2020,137.94,28019.08,5180895464
236,Dalila,Bessell,dbessell6j@home.pl,Male,180182.27,5/13/2020,321.7,41859.96,4983489363
237,Hedvig,Summerell,hsummerell6k@parallels.com,Bigender,478368.27,4/7/2020,325.07,33874.07,6212826005
238,Beaufort,Duignan,bduignan6l@mapy.cz,Genderfluid,321623.73,1/10/2021,393.7,22633.76,9618361446
239,Gale,Nuzzti,gnuzzti6m@cpanel.net,Non-binary,397309.75,4/19/2020,380.4,28007.39,5294569000
240,Ario,Common,acommon6n@bbc.co.uk,Genderfluid,174993.22,7/31/2020,265.93,38335.41,4592261194
241,Antony,Chang,achang6o@multiply.com,Male,186210.84,2/22/2020,313.65,46728.41,0508510236
242,Alyson,Bridal,abridal6p@technorati.com,Genderqueer,88251.49,1/14/2021,484.45,3034.72,1566017491
243,Virge,Tickner,vtickner6q@deliciousdays.com,Genderfluid,344928.14,5/19/2020,456.75,47598.9,6795294935
244,Malinde,Chamberlin,mchamberlin6r@apache.org,Polygender,401303.56,4/24/2020,300.04,43862.96,4898434312
245,Titos,Toye,ttoye6s@ox.ac.uk,Genderqueer,487583.6,12/9/2020,324.75,21951.38,0227600967
246,Harriot,Dell Casa,hdellcasa6t@businessweek.com,Male,115382.81,3/8/2020,190.63,1381.2,7894503681
247,Hector,Simeons,hsimeons6u@google.com,Bigender,274458.55,2/21/2020,145.61,26344.61,3577000716
248,Vikki,Chiddy,vchiddy6v@bigcartel.com,Agender,297515.58,2/8/2021,331.38,35132.78,3912696640
249,Giusto,Mazzeo,gmazzeo6w@wordpress.com,Male,249775.31,4/24/2020,274.99,17143.01,9498376484
250,Henrik,Thorius,hthorius6x@stumbleupon.com,Non-binary,102292.51,5/21/2020,336.17,32363.16,5915304710
251,Liza,Alekseicik,lalekseicik6y@friendfeed.com,Bigender,79481.99,12/14/2020,3.17,2945.13,0237425068
252,Llywellyn,Alcorn,lalcorn6z@accuweather.com,Genderqueer,46176.73,8/20/2020,432.19,23549.48,1658110374
253,Normand,Hynde,nhynde70@about.me,Genderfluid,86934.45,10/20/2020,134.62,21349.61,6049193525
254,Chilton,Leve,cleve71@wikia.com,Bigender,23018.88,8/28/2020,260.58,40194.67,0429482825
255,Tatiania,Crome,tcrome72@springer.com,Male,177563.43,12/11/2020,359.99,49601.26,9771024698
256,Haroun,Laverack,hlaverack73@arizona.edu,Male,241761.34,8/13/2020,104.35,33365.84,7980056388
257,Cordie,Whiteoak,cwhiteoak74@squarespace.com,Agender,125789.68,2/14/2020,399.65,15008.08,1258926822
258,Ransell,Chetham,rchetham75@gizmodo.com,Bigender,160209.73,12/23/2020,213.67,41044.18,3562140681
259,Asher,Martina,amartina76@opera.com,Female,465733.5,10/20/2020,445.73,44590.05,4978985382
260,Dev,Cradey,dcradey77@myspace.com,Genderqueer,202340.42,12/25/2020,144.9,36294.07,8945369899
261,Ichabod,Castagnone,icastagnone78@theguardian.com,Genderfluid,388356.97,3/14/2020,276.84,33139.77,6421611885
262,Nannette,Feveryear,nfeveryear79@google.fr,Agender,454873.83,3/28/2020,331.5,15159.61,0843446323
263,Brigida,Lythgoe,blythgoe7a@microsoft.com,Bigender,208990.84,4/10/2020,24.13,5838.63,3697949462
264,Malina,Pellingar,mpellingar7b@go.com,Polygender,73007.41,6/2/2020,213.17,18618.73,4229894589
265,Eward,Spirritt,espirritt7c@chronoengine.com,Male,26634.27,1/21/2021,277.17,45492.99,6738268734
266,Emalee,Driuzzi,edriuzzi7d@china.com.cn,Bigender,338061.49,7/3/2020,471.85,13446.03,9387785068
267,Nial,Nendick,nnendick7e@google.com.au,Non-binary,269863.02,1/26/2021,470.52,14210.05,3553210117
268,Carlita,Nelthropp,cnelthropp7f@nps.gov,Bigender,220914.35,1/20/2021,491.39,34600.2,5758052574
269,Dylan,Stubbert,dstubbert7g@printfriendly.com,Male,107700.34,9/24/2020,317.61,42876.36,5161633107
270,Ardisj,Foulstone,afoulstone7h@sakura.ne.jp,Female,418656.87,1/19/2021,307.9,39547.75,1759187879
271,Oby,Smeeton,osmeeton7i@marriott.com,Non-binary,270519.26,11/29/2020,382.14,30199.38,4243888892
272,Roshelle,Quarless,rquarless7j@tamu.edu,Bigender,234732.51,11/10/2020,221.29,31816.99,0757483615
273,Tommi,Shepland,tshepland7k@thetimes.co.uk,Genderqueer,45191.91,9/21/2020,222.86,24391.15,7387429367
274,Nickolas,Huckel,nhuckel7l@cafepress.com,Polygender,28982.91,12/10/2020,350.79,13530.49,1772047848
275,Constantina,Ladel,cladel7m@jugem.jp,Agender,144200.0,3/17/2020,11.58,4882.11,9316076188
276,Leola,Hounihan,lhounihan7n@miibeian.gov.cn,Polygender,117475.98,2/11/2020,3.94,27030.32,0698727126
277,Bentlee,Rickets,brickets7o@merriam-webster.com,Genderfluid,277736.42,6/8/2020,435.72,1906.82,4693845221
278,Samaria,Lacroix,slacroix7p@nps.gov,Genderqueer,163996.53,9/5/2020,210.95,13941.71,8789317300
279,Lenka,Mailey,lmailey7q@sohu.com,Female,67554.12,12/21/2020,262.23,49716.53,9437881588
280,Rosabel,Ropars,rropars7r@eepurl.com,Female,456842.97,8/30/2020,444.4,31826.11,0088439828
281,Westbrook,Gedney,wgedney7s@paginegialle.it,Polygender,109076.88,12/6/2020,98.89,25657.3,2893337481
282,Althea,Jordi,ajordi7t@who.int,Polygender,440044.57,5/31/2020,92.59,36027.91,5374397176
283,Ronnie,Ceschi,rceschi7u@reverbnation.com,Genderfluid,467135.71,2/4/2021,416.47,34734.36,9937050561
284,Sidoney,Aizic,saizic7v@netscape.com,Female,175631.77,4/3/2020,229.54,40270.33,6696106782
285,Kennie,Rosenfrucht,krosenfrucht7w@cnn.com,Female,40352.84,5/8/2020,106.49,30684.83,9807520576
286,Laurena,Ellacombe,lellacombe7x@springer.com,Bigender,87562.88,5/27/2020,116.41,29754.63,8971651946
287,Hadlee,Ginity,hginity7y@unicef.org,Genderqueer,332465.83,10/28/2020,62.41,38814.52,3081067324
288,Drusilla,Flori,dflori7z@wordpress.org,Male,389954.84,7/19/2020,58.71,25137.0,5558806052
289,Ransom,Riolfo,rriolfo80@people.com.cn,Genderqueer,144145.8,1/20/2021,348.2,20615.3,1362520667
290,Court,Abarough,cabarough81@google.it,Polygender,6564.3,6/8/2020,377.85,13648.66,5584815691
291,Eirena,O'Collopy,eocollopy82@networkadvertising.org,Bigender,316819.48,7/8/2020,207.88,36352.98,2451328290
292,Lara,Geary,lgeary83@princeton.edu,Male,38684.27,5/7/2020,77.52,29711.13,2824575182
293,Catharina,Lindenboim,clindenboim84@joomla.org,Male,428609.23,2/26/2020,191.74,17670.87,1094549916
294,Nevins,Oret,noret85@fema.gov,Genderqueer,305036.29,7/15/2020,415.1,20081.19,5488524827
295,Jerrie,Korting,jkorting86@craigslist.org,Non-binary,329960.04,4/29/2020,267.32,37151.06,4465319762
296,Matilda,Jados,mjados87@eventbrite.com,Polygender,352669.65,6/15/2020,52.02,49053.97,8682900033
297,Lorena,Deveraux,ldeveraux88@netvibes.com,Male,333014.1,3/15/2020,135.92,47589.52,7165193383
298,Gertrud,Leroy,gleroy89@sina.com.cn,Agender,336397.02,11/13/2020,230.18,44381.61,7840798276
299,Ede,Boycott,eboycott8a@storify.com,Bigender,24616.68,9/23/2020,238.98,13446.75,7424037544
300,Mitchel,Downton,mdownton8b@shutterfly.com,Female,454537.64,2/7/2021,417.05,1756.25,0590262076
301,Reiko,Axten,raxten8c@reference.com,Female,380125.36,2/13/2020,257.17,13386.65,3966888017
302,Rozanna,Garvin,rgarvin8d@msu.edu,Male,499081.8,3/27/2020,143.21,7034.69,6413331852
303,Leah,Domm,ldomm8e@ustream.tv,Bigender,357792.15,9/20/2020,223.2,779.32,7449142880
304,Jarrett,McAllan,jmcallan8f@constantcontact.com,Female,267891.68,11/6/2020,493.28,3011.25,3557998428
305,Kaile,Sparey,ksparey8g@sitemeter.com,Polygender,283163.0,5/7/2020,453.54,11580.64,1479360139
306,Nichols,Dallison,ndallison8h@g.co,Male,275352.42,3/24/2020,181.29,26763.93,3592334557
307,Angil,Hazeldine,ahazeldine8i@fc2.com,Male,382911.0,4/28/2020,75.94,19796.07,4727583542
308,Inge,Tilberry,itilberry8j@yellowbook.com,Male,411536.99,7/15/2020,391.0,7307.31,3338191499
309,Crista,Bodleigh,cbodleigh8k@nsw.gov.au,Agender,489399.84,12/10/2020,244.5,34582.04,4590067366
310,Bernita,Veltmann,bveltmann8l@cocolog-nifty.com,Bigender,159471.58,9/14/2020,453.31,40817.76,2234646855
311,Annalee,Deas,adeas8m@nasa.gov,Genderqueer,194347.0,5/1/2020,326.47,32506.21,7390936525
312,Olga,Kasparski,okasparski8n@bluehost.com,Male,332584.9,5/13/2020,392.76,24565.85,4142882686
313,Whitaker,Dupoy,wdupoy8o@dion.ne.jp,Non-binary,332370.84,5/29/2020,418.84,5166.11,9495472954
314,Julia,McGraw,jmcgraw8p@aol.com,Female,223269.8,2/26/2020,273.83,11000.94,0544904001
315,Julie,Harber,jharber8q@army.mil,Bigender,70504.79,10/9/2020,45.14,11231.62,3400248894
316,Benedick,Anthon,banthon8r@accuweather.com,Polygender,241438.68,6/11/2020,202.94,18397.25,6645332998
317,Hugues,Dunan,hdunan8s@livejournal.com,Bigender,214088.6,3/25/2020,487.77,40752.69,4099927814
318,Maggie,Kondrat,mkondrat8t@scribd.com,Male,408338.71,3/28/2020,436.12,44571.92,8012579561
319,Rhiamon,Pitrollo,rpitrollo8u@usa.gov,Genderfluid,285572.93,9/23/2020,14.61,22242.8,1772452157
320,Josefina,Kinmond,jkinmond8v@mashable.com,Female,465552.5,10/5/2020,38.96,22089.08,7278910439
321,Zulema,Frary,zfrary8w@weebly.com,Female,149362.51,11/12/2020,94.35,20706.18,1906520054
322,Cello,Dobbin,cdobbin8x@about.com,Non-binary,430242.32,2/18/2020,179.59,30750.95,2187847306
323,Micheil,Schenfisch,mschenfisch8y@google.ca,Non-binary,149232.64,12/9/2020,66.44,15382.68,3426169487
324,Roger,Cometto,rcometto8z@slate.com,Bigender,340604.68,9/25/2020,18.65,20371.29,7198491391
325,Romy,McChesney,rmcchesney90@slate.com,Bigender,93228.57,8/29/2020,160.19,28528.73,1917438095
326,Lind,Liversedge,lliversedge91@npr.org,Bigender,360702.18,4/14/2020,205.92,39208.7,5521043470
327,Solly,Manifould,smanifould92@xinhuanet.com,Agender,120791.44,4/7/2020,220.81,47618.87,5747121359
328,Kym,Juggings,kjuggings93@ftc.gov,Male,473830.61,6/21/2020,323.37,14477.35,4098586991
329,Velvet,Cardwell,vcardwell94@dropbox.com,Agender,71624.23,1/16/2021,104.35,17575.51,3908782376
330,Debi,Klossmann,dklossmann95@over-blog.com,Agender,286600.43,11/1/2020,291.87,43677.32,8951727637
331,Bryana,Rowbury,browbury96@slate.com,Polygender,330799.52,10/22/2020,173.03,29495.32,6724419441
332,Gustaf,Clarkin,gclarkin97@bluehost.com,Non-binary,401483.63,6/23/2020,83.58,31107.16,8446856379
333,Jennette,Vasyutkin,jvasyutkin98@discovery.com,Polygender,432413.92,11/14/2020,418.81,19905.74,7356156849
334,Jerrilee,Sines,jsines99@sakura.ne.jp,Female,301985.72,5/11/2020,382.86,33944.01,1402211155
335,Bevon,Broadhead,bbroadhead9a@deliciousdays.com,Male,326915.65,12/1/2020,79.14,6007.67,0107298732
336,Kimmy,Golding,kgolding9b@ft.com,Polygender,234053.38,1/14/2021,167.73,17542.13,5730682794
337,Brigid,Langthorne,blangthorne9c@diigo.com,Genderqueer,385830.84,2/29/2020,438.09,36419.75,4638029485
338,Drew,Mocker,dmocker9d@people.com.cn,Non-binary,118448.18,4/6/2020,117.14,355.76,3510915720
339,Kattie,Briiginshaw,kbriiginshaw9e@samsung.com,Agender,51804.63,1/15/2021,152.52,21138.53,4608896598
340,Demetria,Coulthard,dcoulthard9f@studiopress.com,Genderfluid,236286.61,7/10/2020,236.07,24284.87,6709282562
341,Byrann,Gittings,bgittings9g@epa.gov,Male,141682.53,8/20/2020,151.43,11761.25,0324280904
342,Skip,Worts,sworts9h@patch.com,Genderfluid,382521.46,3/11/2020,200.57,48651.81,2240013729
343,Dalila,Fitzhenry,dfitzhenry9i@vinaora.com,Bigender,30723.25,6/7/2020,79.61,10290.38,8781479476
344,Wilie,Bartrop,wbartrop9j@printfriendly.com,Polygender,419155.17,8/29/2020,155.73,9737.59,7553736821
345,Kent,Cremer,kcremer9k@dot.gov,Female,298020.74,7/24/2020,76.22,3298.74,2685153543
346,Traver,Iddons,tiddons9l@sciencedirect.com,Male,412032.39,6/19/2020,398.54,30297.82,7156753797
347,Rosalie,Rose,rrose9m@accuweather.com,Non-binary,472938.55,8/30/2020,371.44,49365.96,2243694905
348,Nikolas,Peach,npeach9n@examiner.com,Genderfluid,174104.92,3/15/2020,497.77,41179.06,3997762198
349,Jacques,Yushin,jyushin9o@unc.edu,Agender,55600.12,8/3/2020,122.28,46794.75,2406653080
350,Rivalee,Loynes,rloynes9p@latimes.com,Bigender,11859.14,1/7/2021,409.45,30571.4,0634895389
351,Ardath,Strike,astrike9q@loc.gov,Polygender,394193.09,7/28/2020,345.88,17296.12,1303335840
352,Llewellyn,Eggleson,leggleson9r@delicious.com,Male,242355.38,1/4/2021,187.03,2880.46,6936371493
353,Onida,Etteridge,oetteridge9s@google.nl,Genderqueer,346313.43,7/1/2020,430.73,17949.49,3155591528
354,Alejoa,Collymore,acollymore9t@webmd.com,Agender,53931.73,7/2/2020,68.13,4724.06,5884735456
355,Perkin,Lorraine,plorraine9u@canalblog.com,Female,235752.84,1/4/2021,457.84,28706.75,5541843995
356,Joelie,Gothliff,jgothliff9v@mapy.cz,Non-binary,226067.43,5/6/2020,319.98,884.47,3084169799
357,Douglass,Wines,dwines9w@howstuffworks.com,Non-binary,13324.48,10/18/2020,145.2,47065.06,4868555901
358,Ferdie,Aizikov,faizikov9x@feedburner.com,Genderfluid,213830.67,8/16/2020,381.85,5090.11,2535981432
359,Sasha,Havile,shavile9y@vkontakte.ru,Male,310574.99,1/17/2021,499.41,28548.15,2040374779
360,Enos,Copp,ecopp9z@squarespace.com,Female,219644.9,5/26/2020,363.74,49618.75,3456543565
361,Adolphe,McGall,amcgalla0@google.pl,Genderqueer,439541.63,7/7/2020,111.94,28463.91,0851107478
362,Kelli,Ivatts,kivattsa1@instagram.com,Female,438583.2,8/30/2020,71.43,47007.23,5925787897
363,Irv,Lennarde,ilennardea2@lulu.com,Non-binary,51687.83,10/3/2020,293.56,7132.71,6957218376
364,Innis,Czajka,iczajkaa3@hatena.ne.jp,Genderfluid,215448.34,3/10/2020,419.58,14035.29,0301145865
365,Karlan,Leipold,kleipolda4@shutterfly.com,Non-binary,338232.6,6/27/2020,480.04,25470.0,4439143474
366,Roslyn,Jaquin,rjaquina5@ucsd.edu,Agender,436783.83,8/9/2020,2.91,37447.03,4524891382
367,Carlo,O'Luney,coluneya6@fda.gov,Male,72553.66,8/2/2020,199.33,47641.44,9451629491
368,Winny,Beernt,wbeernta7@sakura.ne.jp,Genderfluid,292418.32,7/15/2020,19.24,11238.03,7619665307
369,Delbert,Shales,dshalesa8@chron.com,Genderqueer,479109.88,4/9/2020,127.84,49280.93,8598492523
370,Bendicty,Odeson,bodesona9@google.cn,Non-binary,400626.37,4/9/2020,194.97,46609.95,0367429551
371,Joshia,Ganders,jgandersaa@comsenz.com,Polygender,473337.07,12/10/2020,278.32,25703.28,9751357918
372,Anna-maria,Carlisso,acarlissoab@house.gov,Female,71395.17,1/8/2021,393.09,19563.12,9042857854
373,Mindy,Voaden,mvoadenac@archive.org,Genderqueer,407642.92,10/13/2020,452.42,49006.96,4513025514
374,Clarissa,Royston,croystonad@homestead.com,Female,436755.89,7/7/2020,333.71,26143.36,1876424354
375,Ailsun,Paula,apaulaae@friendfeed.com,Agender,1962.39,4/14/2020,466.91,41761.98,6730625139
376,Nappy,Mourton,nmourtonaf@goodreads.com,Male,79810.75,10/19/2020,347.84,35011.29,9755459286
377,Nicolas,Inkin,ninkinag@shareasale.com,Female,290300.05,4/5/2020,400.06,4841.08,5185828439
378,Perry,Leadstone,pleadstoneah@icq.com,Non-binary,441741.51,6/1/2020,187.32,23005.4,7407396612
379,Alexander,Brunke,abrunkeai@accuweather.com,Non-binary,47740.75,12/31/2020,228.69,7911.75,7908449409
380,Wilmar,Gallone,wgalloneaj@telegraph.co.uk,Polygender,64034.77,7/4/2020,79.04,4853.48,2315386705
381,Cyril,Reubel,creubelak@addthis.com,Genderfluid,417446.53,1/29/2021,115.22,38062.14,0038993074
382,Ronnie,Fosdike,rfosdikeal@usa.gov,Agender,221725.0,6/27/2020,407.67,7550.95,9644320042
383,Dasi,Fransman,dfransmanam@nationalgeographic.com,Genderqueer,340010.49,8/17/2020,311.57,18155.87,5611600824
384,Fenelia,Digginson,fdigginsonan@barnesandnoble.com,Genderqueer,294401.21,1/7/2021,438.45,22486.98,8290471025
385,Dyanna,Losebie,dlosebieao@earthlink.net,Polygender,136397.79,11/15/2020,235.19,28230.29,0700252509
386,Chevalier,McKague,cmckagueap@sohu.com,Female,435716.2,8/10/2020,413.37,27764.7,0742705404
387,Cecil,Sangwin,csangwinaq@seesaa.net,Agender,115781.04,5/22/2020,445.05,4341.71,3781434575
388,Dominik,Benech,dbenechar@soundcloud.com,Agender,169103.44,5/19/2020,299.43,37702.62,3063280216
389,Emily,Garett,egarettas@google.es,Agender,45531.14,12/3/2020,467.05,6586.84,0773920749
390,Carmelita,Weine,cweineat@icio.us,Genderfluid,363989.19,10/21/2020,3.77,23228.96,0963294679
391,Harmon,Wagon,hwagonau@dedecms.com,Male,458720.3,9/9/2020,22.24,17664.28,1314822691
392,Cynthy,Bedell,cbedellav@sfgate.com,Agender,213376.18,1/4/2021,73.96,21681.3,4597356916
393,Merrile,Fewster,mfewsteraw@eventbrite.com,Non-binary,127540.09,12/14/2020,440.64,39939.62,4333205387
394,Dorisa,McLaverty,dmclavertyax@vimeo.com,Bigender,257615.0,6/11/2020,428.24,27409.6,5614004289
395,Lorry,Tuffey,ltuffeyay@ft.com,Non-binary,377967.31,10/6/2020,110.95,19021.23,2552910572
396,Garwin,Housaman,ghousamanaz@chicagotribune.com,Genderqueer,222396.59,3/14/2020,197.42,26078.96,5345581576
397,Byrle,McCrainor,bmccrainorb0@myspace.com,Female,292415.66,11/11/2020,168.61,33925.32,5096246604
398,Anselm,Hilland,ahillandb1@nps.gov,Genderqueer,399153.94,1/3/2021,18.25,21309.14,5061799992
399,Ban,Starte,bstarteb2@stumbleupon.com,Genderqueer,493655.45,8/19/2020,225.53,48222.73,5866431424
400,Kliment,Sara,ksarab3@nymag.com,Polygender,320742.64,5/6/2020,374.13,35180.03,5361761532
401,Frazer,Wedlock,fwedlockb4@ask.com,Male,38856.96,5/3/2020,43.78,12995.85,9520449663
402,Rosalinde,Van der Brugge,rvanderbruggeb5@jalbum.net,Female,198430.87,12/7/2020,6.47,46218.64,0761445005
403,Sascha,Manvell,smanvellb6@telegraph.co.uk,Polygender,129483.34,8/26/2020,178.14,44976.69,1165943085
404,Oralia,Seagar,oseagarb7@dyndns.org,Male,392366.02,1/25/2021,158.9,32625.09,7477445272
405,Felecia,Prickett,fprickettb8@prweb.com,Polygender,223364.65,6/3/2020,355.7,6763.13,1813260192
406,Addy,Tombleson,atomblesonb9@bbc.co.uk,Bigender,218836.92,6/15/2020,416.07,35521.93,3375647735
407,Tim,Brighty,tbrightyba@boston.com,Genderqueer,86008.26,10/1/2020,194.1,40130.45,2960931645
408,Hughie,Vogl,hvoglbb@acquirethisname.com,Agender,344780.23,9/15/2020,115.56,36477.9,8648661633
409,Lucilia,McConaghy,lmcconaghybc@diigo.com,Polygender,480623.35,11/13/2020,224.47,34567.76,1925220818
410,Katuscha,Marfield,kmarfieldbd@cdc.gov,Male,130593.34,12/5/2020,229.6,37577.15,3123591573
411,Saunders,Radwell,sradwellbe@jugem.jp,Male,74407.77,3/31/2020,259.3,10076.13,8548133996
412,Ricca,Fernan,rfernanbf@hatena.ne.jp,Genderfluid,156002.92,9/14/2020,140.65,32459.74,6881020074
413,Joachim,Ovington,jovingtonbg@nbcnews.com,Genderfluid,357319.35,10/4/2020,277.66,40186.81,5208776987
414,Bryon,Philipsson,bphilipssonbh@nhs.uk,Genderfluid,176950.09,11/27/2020,315.14,23920.56,1214459641
415,Delmer,Fibbens,dfibbensbi@acquirethisname.com,Non-binary,434314.41,1/2/2021,433.05,40328.11,6383639676
416,Luise,Luckcuck,lluckcuckbj@shareasale.com,Non-binary,375342.55,5/15/2020,499.74,25672.1,8342204995
417,Bradan,Alflat,balflatbk@addtoany.com,Bigender,453655.44,1/29/2021,396.1,11582.62,3587540314
418,Marcy,Plampin,mplampinbl@usa.gov,Male,373695.64,3/3/2020,280.5,23715.15,7349170106
419,Harper,Shortcliffe,hshortcliffebm@cnet.com,Agender,161699.41,8/14/2020,368.8,19615.9,7139870233
420,Arney,Binns,abinnsbn@1und1.de,Bigender,251543.01,10/1/2020,493.38,39830.87,6826169592
421,Carolin,Drew,cdrewbo@ucsd.edu,Genderqueer,420452.34,10/11/2020,401.4,1504.5,4769297874
422,Kahaleel,MacVaugh,kmacvaughbp@meetup.com,Non-binary,15485.47,9/4/2020,31.39,35241.47,6947935504
423,Joell,Sandes,jsandesbq@gmpg.org,Agender,300589.62,4/24/2020,302.62,629.83,9912187776
424,Athene,McMechan,amcmechanbr@kickstarter.com,Female,398993.53,11/13/2020,477.12,20955.03,7502860150
425,Joelle,Brosoli,jbrosolibs@fda.gov,Genderfluid,270461.15,10/18/2020,162.71,24401.63,0492207291
426,Livvyy,Etheridge,letheridgebt@ucoz.ru,Genderfluid,343819.75,3/2/2020,259.45,11900.56,8435184269
427,Josey,Giacopetti,jgiacopettibu@example.com,Male,327299.58,6/20/2020,30.99,43896.29,8392024109
428,Kittie,Lodewick,klodewickbv@facebook.com,Genderqueer,309195.45,10/18/2020,434.55,11021.33,2795190397
429,Tiff,O' Reagan,toreaganbw@loc.gov,Polygender,397299.04,4/19/2020,338.85,25034.49,7910622864
430,Zandra,Tomich,ztomichbx@blogspot.com,Genderfluid,488095.87,9/14/2020,218.16,37086.47,5883155219
431,Meris,Winscom,mwinscomby@scribd.com,Bigender,188444.21,4/6/2020,223.66,36910.43,9240755799
432,Scarlett,Mc Corley,smccorleybz@blogs.com,Male,224608.88,10/14/2020,8.87,18632.92,1123849684
433,Jenilee,McKinnell,jmckinnellc0@moonfruit.com,Non-binary,407016.07,10/29/2020,103.41,14278.83,9873581782
434,Tracey,Stang-Gjertsen,tstanggjertsenc1@umich.edu,Genderqueer,78242.24,4/20/2020,438.57,40183.27,1129764370
435,Rutledge,Piris,rpirisc2@about.com,Non-binary,470212.17,9/17/2020,495.13,37072.23,2463522941
436,Aube,Faulkner,afaulknerc3@ed.gov,Bigender,374544.89,8/11/2020,304.85,34245.32,6743325449
437,Ranna,Eburne,reburnec4@europa.eu,Bigender,366294.06,3/16/2020,422.72,3671.29,9231658859
438,Theodoric,Hubbucks,thubbucksc5@php.net,Non-binary,384706.33,3/30/2020,364.85,17524.41,6206548961
439,Juliana,Moine,jmoinec6@sogou.com,Bigender,86054.02,2/11/2020,379.99,44410.89,8787063972
440,Pavla,Kenzie,pkenziec7@youtube.com,Genderfluid,44546.67,4/25/2020,76.11,9419.96,6096798357
441,Eldridge,Bertouloume,ebertouloumec8@liveinternet.ru,Agender,492345.7,1/25/2021,212.14,14823.24,5644823741
442,Yorgos,Luton,ylutonc9@goo.gl,Female,27409.89,1/26/2021,267.45,48372.51,8783415394
443,Annabelle,Petras,apetrasca@issuu.com,Bigender,272182.46,5/18/2020,110.46,41270.17,3705814109
444,Ileana,Cadd,icaddcb@vistaprint.com,Polygender,469565.77,11/6/2020,105.0,14242.81,2337905179
445,Reed,Dewerson,rdewersoncc@domainmarket.com,Male,399043.94,1/4/2021,277.31,31364.02,9498565023
446,Adan,Eaklee,aeakleecd@wunderground.com,Male,318206.99,6/27/2020,155.42,26828.03,9786354702
447,Alwin,Prodrick,aprodrickce@123-reg.co.uk,Genderfluid,43647.02,4/18/2020,78.75,924.2,6460634637
448,Yalonda,Damerell,ydamerellcf@smh.com.au,Bigender,64214.13,4/2/2020,341.91,14911.74,5047158527
449,Dillie,Taggart,dtaggartcg@github.io,Genderqueer,84382.2,8/29/2020,194.7,10037.88,6529511261
450,Godiva,Yanson,gyansonch@elpais.com,Polygender,5366.09,4/23/2020,295.75,34904.17,4399013001
451,Charmaine,Juschke,cjuschkeci@home.pl,Non-binary,409148.56,3/20/2020,78.12,36302.5,0766671496
452,Karilynn,Evanson,kevansoncj@webeden.co.uk,Male,469307.87,7/12/2020,391.4,46291.19,0678536090
453,Dionysus,Leverage,dleverageck@blogtalkradio.com,Genderqueer,83576.37,4/17/2020,263.34,2500.48,8391049132
454,Nial,Whiffin,nwhiffincl@gnu.org,Male,436879.27,7/16/2020,86.66,1211.37,2657764738
455,Jaye,Syratt,jsyrattcm@twitpic.com,Male,263055.38,10/9/2020,59.95,21149.44,4404196628
456,Nataline,Moyse,nmoysecn@meetup.com,Genderqueer,132603.76,1/31/2021,15.06,9192.78,7244653107
457,Prescott,Kibbye,pkibbyeco@jalbum.net,Non-binary,148619.51,8/18/2020,485.61,3862.65,5893441753
458,Gail,Fulton,gfultoncp@walmart.com,Genderqueer,330239.35,12/26/2020,105.12,34280.1,8586325406
459,Rodina,McKay,rmckaycq@e-recht24.de,Polygender,374112.11,12/8/2020,286.76,24320.79,6554444696
460,Brannon,Petschelt,bpetscheltcr@163.com,Male,87405.95,11/30/2020,162.95,9717.99,4532846595
461,Bianca,Vasichev,bvasichevcs@goo.ne.jp,Agender,18389.98,6/24/2020,88.96,10853.16,1024827402
462,Babbette,Anselmi,banselmict@fema.gov,Agender,170646.11,5/11/2020,147.32,29849.02,5133916345
463,Aigneis,Leabeater,aleabeatercu@usatoday.com,Male,16161.98,8/1/2020,288.34,3807.92,0470721537
464,Corabel,Tethacot,ctethacotcv@live.com,Bigender,46613.93,8/18/2020,333.95,48199.03,0153449535
465,Innis,Caskey,icaskeycw@economist.com,Female,397327.25,3/27/2020,201.95,21907.18,9686760636
466,Herc,Fawdry,hfawdrycx@paginegialle.it,Agender,493607.52,3/1/2020,90.77,42810.2,3971396283
467,Gerta,Hallows,ghallowscy@mapquest.com,Genderfluid,239171.99,2/7/2021,427.55,24821.45,5895410960
468,Carmine,Goodbanne,cgoodbannecz@reddit.com,Female,14076.77,6/8/2020,2.83,10337.2,7074757705
469,Reagan,Sickert,rsickertd0@sun.com,Male,82199.59,7/20/2020,459.61,18645.17,1559047593
470,Valencia,Greendale,vgreendaled1@geocities.jp,Genderfluid,28738.07,2/14/2020,400.29,8070.53,2672787018
471,Angelico,McCarry,amccarryd2@tuttocitta.it,Bigender,307210.0,8/18/2020,51.46,37711.27,5957353094
472,Sue,Govenlock,sgovenlockd3@google.cn,Bigender,467936.96,7/17/2020,132.39,40785.02,7448818511
473,Ruby,Iacomettii,riacomettiid4@google.pl,Genderfluid,340970.49,11/28/2020,108.02,9094.17,6506524073
474,Der,Derington,dderingtond5@ameblo.jp,Female,139659.57,11/5/2020,371.2,34964.63,0871334763
475,Halsy,Galfour,hgalfourd6@usatoday.com,Bigender,361614.22,11/4/2020,36.02,33324.15,1424267633
476,Ad,Clawsley,aclawsleyd7@ezinearticles.com,Genderfluid,365162.2,12/16/2020,118.55,23563.7,3162952115
477,Johann,Gress,jgressd8@google.ru,Female,295116.23,3/15/2020,267.84,12842.28,9400488009
478,Susann,Stops,sstopsd9@addthis.com,Genderfluid,132661.45,11/21/2020,249.37,8814.34,6373117251
479,Leroy,Wellman,lwellmanda@engadget.com,Non-binary,402390.31,10/22/2020,65.93,35888.15,6601360899
480,Cordula,Gloy,cgloydb@bbb.org,Male,438826.12,2/11/2020,260.92,13844.06,9378915272
481,Paxon,Mazey,pmazeydc@blogger.com,Polygender,477886.41,6/9/2020,366.97,4821.76,6242857960
482,Odelle,Shulver,oshulverdd@walmart.com,Male,95318.46,4/2/2020,468.45,44990.05,7475175308
483,Oliviero,Sneden,osnedende@trellian.com,Genderqueer,220520.42,5/18/2020,15.93,34242.87,4309633293
484,Nancy,Dominey,ndomineydf@plala.or.jp,Bigender,366550.01,8/15/2020,390.07,13401.33,8726992035
485,Etti,Sleigh,esleighdg@stumbleupon.com,Male,314835.65,4/28/2020,95.37,31242.02,3765643440
486,Gamaliel,Sewell,gsewelldh@artisteer.com,Genderqueer,461658.03,5/23/2020,220.83,15908.93,9656685156
487,Fonzie,Normanvill,fnormanvilldi@usatoday.com,Genderfluid,37900.39,9/24/2020,37.83,27551.0,3309113450
488,Jacquette,Stotherfield,jstotherfielddj@census.gov,Male,115708.75,4/12/2020,182.34,5292.36,1333551967
489,Angelica,Bolzmann,abolzmanndk@facebook.com,Agender,383582.92,7/1/2020,31.07,45628.27,2833067011
490,Roland,Clempton,rclemptondl@telegraph.co.uk,Male,476990.8,8/8/2020,170.64,20967.52,3843995052
491,Donia,Sturmey,dsturmeydm@irs.gov,Male,227560.0,4/25/2020,114.34,19475.65,7313499906
492,Sari,Aleixo,saleixodn@scientificamerican.com,Genderfluid,362677.5,8/8/2020,440.36,21842.66,2856678386
493,Thaddeus,Arnould,tarnoulddo@google.ca,Polygender,474139.2,5/20/2020,301.04,15896.95,0292505329
494,Hayes,Sprague,hspraguedp@google.cn,Genderfluid,264299.53,9/24/2020,59.49,26810.46,5315954471
495,Mack,Rustan,mrustandq@hibu.com,Male,350024.42,1/26/2021,54.5,23577.45,5171041911
496,Sawyere,Magor,smagordr@google.cn,Non-binary,4920.31,10/26/2020,178.16,1219.73,3198409101
497,Rhona,Trusty,rtrustyds@usda.gov,Agender,47091.53,11/13/2020,430.1,17328.9,3801260070
498,Jorgan,Lemmertz,jlemmertzdt@1und1.de,Male,361385.21,10/18/2020,56.49,43779.05,6910081196
499,Garfield,Kingswoode,gkingswoodedu@dell.com,Non-binary,85017.38,7/18/2020,236.45,24564.03,4555767071
500,Claudius,Diegan,cdiegandv@dell.com,Genderqueer,169505.94,5/17/2020,228.13,28699.32,4901018086
501,Gage,Fossick,gfossickdw@indiatimes.com,Polygender,246750.48,2/26/2020,318.78,29872.99,8385876383
502,Lothaire,Harby,lharbydx@earthlink.net,Bigender,388288.21,6/22/2020,123.37,33346.66,6655529603
503,Esra,Ryam,eryamdy@bizjournals.com,Non-binary,168787.72,6/10/2020,322.34,2054.67,4194875443
504,Dill,Gonzalez,dgonzalezdz@aboutads.info,Genderfluid,366862.63,2/26/2020,159.24,2854.61,2720282324
505,Kelcie,Spellard,kspellarde0@mozilla.com,Genderqueer,387887.76,8/22/2020,212.34,21283.06,1077378084
506,Ephrayim,Corde,ecordee1@nature.com,Male,267132.68,3/31/2020,155.96,19344.35,4750010669
507,Melinda,Woolmore,mwoolmoree2@telegraph.co.uk,Genderfluid,499926.61,12/7/2020,318.58,2260.57,3215215578
508,Syd,Salzburger,ssalzburgere3@creativecommons.org,Female,425924.62,12/19/2020,137.63,47379.37,5309125574
509,Becky,Routh,brouthe4@nationalgeographic.com,Agender,159232.05,10/5/2020,491.14,37794.93,5868953908
510,Jacky,Orrobin,jorrobine5@istockphoto.com,Polygender,387266.85,3/25/2020,48.23,24495.19,7374989180
511,Alexia,MacAnespie,amacanespiee6@hostgator.com,Female,147904.93,7/21/2020,328.66,31972.08,1075843898
512,Aleta,Ickovitz,aickovitze7@cpanel.net,Non-binary,102289.21,11/12/2020,2.15,21519.67,6584361977
513,Aldin,York,ayorke8@ftc.gov,Polygender,272760.53,1/14/2021,248.29,8564.77,8537880604
514,Nessie,Farnsworth,nfarnsworthe9@networksolutions.com,Female,109538.48,9/12/2020,42.52,25972.55,3911677782
515,Artus,Mourbey,amourbeyea@phpbb.com,Non-binary,360727.04,7/17/2020,309.26,17782.13,2488069841
516,Saunder,Fatkin,sfatkineb@cnn.com,Bigender,15868.12,2/4/2021,256.37,45478.46,2828462447
517,Rora,Zwicker,rzwickerec@51.la,Male,255738.74,1/18/2021,186.09,27057.03,0077472705
518,Latia,Lotte,llotteed@nsw.gov.au,Bigender,356491.45,7/31/2020,417.32,5381.46,7561906951
519,Gris,Paxforde,gpaxfordeee@netvibes.com,Agender,71167.3,10/5/2020,435.73,12485.73,7479903227
520,Josephine,Roughsedge,jroughsedgeef@nasa.gov,Genderfluid,115616.17,7/7/2020,395.77,22363.72,5432821621
521,Ilsa,Albiston,ialbistoneg@weibo.com,Female,206981.64,1/12/2021,302.79,17215.18,4860798643
522,Erika,Brandolini,ebrandolinieh@liveinternet.ru,Male,485842.85,7/18/2020,142.43,48816.13,3679345151
523,Yves,Denacamp,ydenacampei@boston.com,Polygender,463787.97,9/13/2020,357.02,28364.51,7323819660
524,Mariejeanne,Bootton,mboottonej@shutterfly.com,Polygender,47879.38,11/10/2020,58.29,26410.42,0635548895
525,Kev,Kingham,kkinghamek@time.com,Genderqueer,450036.0,6/24/2020,447.32,36599.65,4815508364
526,Kellsie,Skein,kskeinel@disqus.com,Genderfluid,188111.86,8/27/2020,348.51,3312.17,2684908362
527,Marillin,Barrett,mbarrettem@ning.com,Polygender,131590.96,8/18/2020,1.02,5576.97,5968885955
528,Aline,Conrard,aconrarden@barnesandnoble.com,Non-binary,413876.22,6/1/2020,83.6,39566.23,8714944421
529,Eugenie,Deards,edeardseo@istockphoto.com,Bigender,416222.92,6/15/2020,498.88,8461.3,0212090062
530,Ambrosi,Pendlebery,apendleberyep@ihg.com,Genderqueer,402875.49,11/13/2020,272.49,2219.58,8121734339
531,Mildred,Canfer,mcanfereq@foxnews.com,Genderfluid,265832.14,9/24/2020,462.4,34209.41,7100530806
532,Glenine,Ilden,gildener@goo.ne.jp,Genderqueer,323223.8,11/9/2020,486.34,33529.87,9819941571
533,Carleen,Whartonby,cwhartonbyes@wikipedia.org,Bigender,352602.69,12/9/2020,199.95,46111.03,8990505976
534,Ralph,Stickland,rsticklandet@studiopress.com,Bigender,204991.04,3/16/2020,70.87,22495.68,0153447826
535,Beulah,Basezzi,bbasezzieu@webs.com,Male,245086.05,7/16/2020,68.17,28520.33,3353953329
536,Caspar,Teodori,cteodoriev@chron.com,Agender,442122.2,10/11/2020,485.07,32970.11,7851613779
537,Tamera,Mapstone,tmapstoneew@photobucket.com,Bigender,356817.17,9/6/2020,124.93,34597.57,2822735344
538,Garrard,Deniso,gdenisoex@deliciousdays.com,Bigender,169854.32,3/20/2020,188.93,21969.56,2813535397
539,Milli,Rosenwald,mrosenwaldey@mashable.com,Female,152096.59,6/22/2020,235.74,21716.63,6549822246
540,Crichton,Berrecloth,cberreclothez@ebay.co.uk,Non-binary,173899.83,8/15/2020,364.71,39721.91,9349611511
541,Donnajean,Lohoar,dlohoarf0@mit.edu,Genderfluid,146355.58,8/28/2020,76.75,8230.81,9264611797
542,Keely,Cisson,kcissonf1@wikimedia.org,Agender,82349.33,6/30/2020,238.13,13030.83,0955551307
543,Kermit,McCarlich,kmccarlichf2@slideshare.net,Male,395677.58,7/31/2020,141.63,5504.45,4137765987
544,Kimbell,Gennrich,kgennrichf3@ycombinator.com,Female,224307.5,4/22/2020,177.72,18760.06,1917228481
545,Melita,Fannon,mfannonf4@hexun.com,Female,113572.59,4/21/2020,234.13,10563.57,5215955123
546,Kristofor,Peegrem,kpeegremf5@miitbeian.gov.cn,Bigender,377987.73,11/8/2020,475.41,13820.79,2797278186
547,Gabbey,Learmont,glearmontf6@weibo.com,Polygender,35242.68,9/27/2020,421.45,32124.86,9935868427
548,Chase,Wastling,cwastlingf7@dailymail.co.uk,Agender,446675.27,4/17/2020,331.39,39080.89,4091820239
549,Neal,Hawkslee,nhawksleef8@scribd.com,Bigender,105017.28,7/23/2020,171.98,41069.96,2744812315
550,Arleta,Loveland,alovelandf9@dailymail.co.uk,Genderqueer,32163.61,1/7/2021,431.98,9561.72,1044823542
551,Lizette,Werrit,lwerritfa@devhub.com,Male,82263.56,2/19/2020,461.38,16086.17,5333637105
552,Deena,Affleck,daffleckfb@msu.edu,Agender,481340.34,2/29/2020,351.69,45780.07,7355392751
553,Berry,MacAvaddy,bmacavaddyfc@mapquest.com,Agender,315643.31,2/13/2020,107.27,9919.17,5449914903
554,Carny,Costelow,ccostelowfd@scribd.com,Genderqueer,24335.79,8/26/2020,188.07,23970.04,4923282789
555,Elden,Raikes,eraikesfe@ibm.com,Male,310076.76,1/2/2021,5.54,3312.18,1438106467
556,Brynn,Kubat,bkubatff@behance.net,Agender,159187.44,7/21/2020,178.96,47453.02,6194582251
557,Ben,Maypowder,bmaypowderfg@google.com.au,Genderqueer,72515.03,3/31/2020,76.53,4176.51,6885128813
558,Lyssa,Silcocks,lsilcocksfh@vk.com,Female,390151.91,12/11/2020,244.64,28939.23,5771951587
559,Opal,Gritland,ogritlandfi@yellowpages.com,Polygender,22586.39,5/8/2020,297.63,42072.85,6431761529
560,Gage,Treadway,gtreadwayfj@bluehost.com,Bigender,361676.0,4/3/2020,227.95,19334.41,9077886400
561,Briney,Sandys,bsandysfk@upenn.edu,Bigender,99923.32,8/14/2020,236.2,15823.86,0105172588
562,Zola,MacParland,zmacparlandfl@usda.gov,Non-binary,319401.97,9/21/2020,313.74,38755.34,7677884229
563,Currie,Garioch,cgariochfm@goo.ne.jp,Female,213600.51,4/27/2020,378.84,32042.57,6391692777
564,Amandi,Cockley,acockleyfn@amazon.co.jp,Genderqueer,149510.9,4/18/2020,455.8,43313.43,3914125640
565,Manolo,Nott,mnottfo@epa.gov,Bigender,303701.85,6/29/2020,40.35,11494.53,0773010386
566,Donall,Loude,dloudefp@over-blog.com,Polygender,364479.3,12/31/2020,474.34,7799.67,6198123758
567,Leonardo,Upham,luphamfq@alexa.com,Genderfluid,108686.85,6/22/2020,245.96,42030.67,4629240527
568,Devan,Morales,dmoralesfr@toplist.cz,Genderfluid,201419.74,1/9/2021,489.69,36686.14,7142190760
569,Vergil,Finlater,vfinlaterfs@europa.eu,Bigender,186250.19,6/14/2020,299.96,39181.86,5391552362
570,Fianna,Eshmade,feshmadeft@behance.net,Non-binary,123152.79,9/25/2020,36.85,40094.26,3429770289
571,Nanete,Hanaford,nhanafordfu@google.co.jp,Agender,188356.11,2/11/2020,449.54,22576.61,0560509804
572,Alexis,Boocock,aboocockfv@cbc.ca,Bigender,120793.92,4/19/2020,496.81,47973.81,7480417543
573,Brand,Linneman,blinnemanfw@w3.org,Male,264656.96,4/10/2020,68.19,19171.79,3944777476
574,Merry,Winteringham,mwinteringhamfx@fda.gov,Genderqueer,59629.1,7/8/2020,102.11,44334.96,2381217355
575,Romy,Welberry,rwelberryfy@msu.edu,Bigender,304498.79,11/14/2020,373.52,43635.23,3338720467
576,Dud,Avory,davoryfz@usatoday.com,Female,415236.57,5/11/2020,3.36,1131.39,8809145704
577,Johnny,Bartunek,jbartunekg0@icq.com,Agender,386548.84,6/11/2020,410.24,47317.27,4534410131
578,Fredrika,Smithend,fsmithendg1@histats.com,Male,357571.93,4/30/2020,38.23,6388.06,2551652022
579,Philis,Whittenbury,pwhittenburyg2@toplist.cz,Non-binary,261016.29,4/10/2020,40.92,15209.79,0777867486
580,Jason,Corden,jcordeng3@moonfruit.com,Agender,80387.78,3/24/2020,375.76,442.35,8738282283
581,Teodorico,Tower,ttowerg4@theglobeandmail.com,Bigender,18844.31,11/11/2020,432.59,27077.02,4591337278
582,Emmeline,Sherrin,esherring5@google.com.hk,Genderfluid,447655.88,7/13/2020,270.54,17963.91,0555557081
583,Paten,Agnolo,pagnolog6@washington.edu,Bigender,11362.45,12/13/2020,75.91,41269.35,4680446846
584,Si,Shurman,sshurmang7@example.com,Non-binary,106472.82,4/23/2020,285.42,13433.79,5920471859
585,Penni,Helin,pheling8@google.com,Agender,350648.76,8/23/2020,158.89,46550.81,3231494036
586,Roley,Otteridge,rotteridgeg9@flickr.com,Non-binary,72368.3,5/3/2020,403.18,12826.21,6316991584
587,Loraine,Pesic,lpesicga@comcast.net,Agender,428224.96,9/1/2020,4.89,6424.43,9528910602
588,Jerri,Hedges,jhedgesgb@hexun.com,Genderqueer,81001.64,1/21/2021,231.75,45565.88,7256551746
589,Petronia,Skrines,pskrinesgc@spotify.com,Agender,351616.12,4/7/2020,416.65,23612.48,7386799667
590,Corena,Ripon,cripongd@geocities.jp,Agender,237217.98,3/22/2020,307.86,15154.7,6171146625
591,Janis,Biddles,jbiddlesge@omniture.com,Female,143276.85,2/26/2020,113.6,43993.74,4239718732
592,Ora,Wholesworth,owholesworthgf@netvibes.com,Bigender,32728.72,12/28/2020,449.8,49351.91,0671662082
593,Terencio,Thorndycraft,tthorndycraftgg@qq.com,Non-binary,177161.52,7/25/2020,338.06,37026.43,0459450964
594,Yettie,Sheather,ysheathergh@cocolog-nifty.com,Polygender,64699.35,9/9/2020,336.62,25444.03,0457705248
595,Parsifal,Margrie,pmargriegi@nps.gov,Genderfluid,291809.21,3/23/2020,154.47,26113.59,5590045118
596,Monte,Abrahmer,mabrahmergj@marketwatch.com,Agender,103806.93,2/4/2021,348.23,18018.08,1180647890
597,Kat,Etchingham,ketchinghamgk@google.com.br,Agender,115883.41,1/29/2021,485.5,22019.22,7449158531
598,Jayme,Rowlstone,jrowlstonegl@ning.com,Genderqueer,119829.42,1/5/2021,392.24,1444.29,3949955941
599,Sapphira,Vittet,svittetgm@so-net.ne.jp,Polygender,429886.56,7/26/2020,400.59,16416.17,6632865518
600,Shannan,Saterweyte,ssaterweytegn@nba.com,Non-binary,119840.58,2/6/2021,10.08,30083.31,5787213475
601,Alexis,Hallows,ahallowsgo@xinhuanet.com,Female,320916.53,9/3/2020,216.46,29533.52,6420036216
602,Roseanne,Velasquez,rvelasquezgp@wikispaces.com,Genderqueer,149555.82,3/27/2020,330.13,8112.04,6418526198
603,Dela,Westerman,dwestermangq@google.de,Bigender,4873.39,7/3/2020,89.06,12960.49,0499029321
604,Colly,McCree,cmccreegr@mail.ru,Male,227227.06,2/8/2021,474.65,779.15,4996122005
605,Lalo,Stares,lstaresgs@friendfeed.com,Genderfluid,283212.89,1/15/2021,266.02,8914.58,2520513063
606,Ramonda,Megainey,rmegaineygt@jigsy.com,Male,476958.52,6/3/2020,395.21,24365.31,3827323800
607,Jorge,Harce,jharcegu@auda.org.au,Genderqueer,47156.36,1/20/2021,25.4,43789.89,4120923932
608,Rafe,Rogans,rrogansgv@hhs.gov,Agender,75889.27,9/25/2020,237.5,35421.56,9189396685
609,Venita,Halshaw,vhalshawgw@ning.com,Polygender,267226.41,6/29/2020,99.55,16565.38,9238117667
610,Husein,Vlasin,hvlasingx@nature.com,Genderqueer,160219.44,9/30/2020,383.2,15034.01,0910585679
611,Joanne,Elizabeth,jelizabethgy@adobe.com,Genderqueer,372929.08,4/9/2020,221.64,31977.97,0354382217
612,Arthur,Lockhead,alockheadgz@dedecms.com,Female,391347.49,11/30/2020,229.44,14445.53,2395950238
613,Yoshi,Koppelmann,ykoppelmannh0@icq.com,Non-binary,134782.19,6/1/2020,124.59,37269.01,7094186738
614,Katuscha,Bread,kbreadh1@alexa.com,Genderfluid,216529.91,3/28/2020,148.4,39353.2,8386003170
615,Valeda,Hadden,vhaddenh2@parallels.com,Non-binary,84435.31,9/20/2020,385.08,28162.98,9175464918
616,Midge,Hayzer,mhayzerh3@youtu.be,Bigender,262929.22,1/23/2021,336.6,13529.42,1290141762
617,Patrizius,Jervis,pjervish4@examiner.com,Male,152353.94,12/9/2020,170.84,26486.88,2757700936
618,Irwinn,Glaisner,iglaisnerh5@squarespace.com,Genderqueer,392206.36,5/24/2020,462.59,6011.01,1912688034
619,Erwin,Snazle,esnazleh6@printfriendly.com,Polygender,92427.01,12/22/2020,451.12,17606.65,1650335253
620,Eydie,Duligal,eduligalh7@state.gov,Bigender,121230.2,3/8/2020,71.9,36635.11,8313237953
621,Bret,Garces,bgarcesh8@yandex.ru,Genderqueer,117315.62,5/11/2020,143.76,46876.85,0200969056
622,Ellary,McGeachie,emcgeachieh9@amazon.co.jp,Agender,377559.5,2/15/2020,397.0,19609.33,2225159750
623,Ansel,Lambie,alambieha@msu.edu,Agender,111222.5,11/23/2020,348.59,34076.99,0166662135
624,Melitta,Rizzardini,mrizzardinihb@ca.gov,Polygender,433436.21,9/9/2020,276.94,5556.49,0525794433
625,Griffy,Barham,gbarhamhc@answers.com,Genderfluid,37565.6,12/6/2020,479.94,6329.91,7504160202
626,Maurita,Dunthorn,mdunthornhd@bigcartel.com,Female,169769.31,2/27/2020,54.95,3408.09,1495264165
627,Weidar,Saterweyte,wsaterweytehe@archive.org,Bigender,376689.97,4/24/2020,255.41,26981.97,8246298283
628,Claudian,Banister,cbanisterhf@google.co.jp,Female,276334.0,6/27/2020,494.51,49925.01,6715984484
629,Kimbra,Quinsee,kquinseehg@mac.com,Female,418285.04,2/11/2020,175.31,46753.64,0434679852
630,Feodora,Darlison,fdarlisonhh@homestead.com,Genderfluid,308384.9,12/12/2020,258.1,7706.45,4646510618
631,Ode,Willimot,owillimothi@theatlantic.com,Genderfluid,1355.69,7/13/2020,251.62,48749.89,6182428856
632,Sara-ann,Hincham,shinchamhj@hud.gov,Female,296980.62,2/27/2020,53.52,8970.42,3617184871
633,Junina,Robottom,jrobottomhk@upenn.edu,Polygender,304605.13,7/19/2020,316.38,25703.52,1354990919
634,Junette,Lukianovich,jlukianovichhl@clickbank.net,Genderqueer,372709.76,4/9/2020,128.84,41489.52,5266109858
635,Rolando,Payfoot,rpayfoothm@cornell.edu,Female,426591.31,7/3/2020,71.25,28038.55,6953333863
636,Sella,Lowson,slowsonhn@boston.com,Agender,14890.39,9/8/2020,237.58,34276.22,9347500925
637,Libbey,Kovacs,lkovacsho@360.cn,Genderqueer,316300.85,5/4/2020,326.21,12758.56,4457894451
638,Wiatt,Snedker,wsnedkerhp@java.com,Female,448569.29,10/29/2020,333.02,15352.48,5312507423
639,Chelsae,Ottawell,cottawellhq@technorati.com,Male,110271.66,5/28/2020,208.9,40089.14,2834432929
640,Carilyn,Blaydon,cblaydonhr@jalbum.net,Bigender,57566.95,7/28/2020,387.68,7546.71,9615709042
641,Hynda,Stace,hstacehs@google.nl,Bigender,49089.14,8/10/2020,234.08,15237.29,0274873001
642,Michelina,Houldin,mhouldinht@canalblog.com,Genderfluid,326990.67,4/3/2020,130.35,29898.8,2442737043
643,Joby,Bowcher,jbowcherhu@scribd.com,Non-binary,187321.93,5/2/2020,422.93,19643.27,8890572906
644,Abbe,Guiden,aguidenhv@smh.com.au,Female,388398.61,11/25/2020,365.38,36187.71,7887201136
645,Collete,Cossem,ccossemhw@utexas.edu,Non-binary,11735.88,6/24/2020,117.44,30271.68,2801703524
646,Vyky,Selcraig,vselcraighx@amazon.com,Genderqueer,212061.15,7/3/2020,365.09,49904.15,2119949867
647,Linc,O' Markey,lomarkeyhy@ezinearticles.com,Polygender,404170.59,10/6/2020,63.72,23843.3,1753021189
648,Erick,Curzon,ecurzonhz@twitter.com,Non-binary,56610.16,4/5/2020,34.27,29799.11,9593958592
649,Harriot,McDyer,hmcdyeri0@cisco.com,Bigender,169437.91,5/21/2020,396.7,37268.85,3803286018
650,Maryanna,Thames,mthamesi1@cyberchimps.com,Genderqueer,123664.91,9/12/2020,74.95,8439.46,2144124337
651,Arabel,Eliet,aelieti2@buzzfeed.com,Female,97657.06,2/10/2020,126.69,47461.48,2708648020
652,Ken,Brothwood,kbrothwoodi3@dailymotion.com,Genderfluid,138454.74,4/11/2020,499.24,13253.78,7182122049
653,Jeane,Govey,jgoveyi4@time.com,Genderfluid,16877.27,7/26/2020,474.64,26378.98,7252044335
654,Benita,Gindghill,bgindghilli5@cafepress.com,Non-binary,85179.73,5/31/2020,260.22,37766.15,7406041810
655,Levey,Founds,lfoundsi6@deliciousdays.com,Genderqueer,70979.7,6/25/2020,399.37,44823.43,6910691318
656,Christie,McGriele,cmcgrielei7@newsvine.com,Bigender,100659.48,3/22/2020,431.78,12029.91,1722122447
657,Malvin,McWhinnie,mmcwhinniei8@wp.com,Genderfluid,297763.24,4/29/2020,292.43,28596.03,9606141470
658,Jody,McCready,jmccreadyi9@oakley.com,Female,487501.19,4/17/2020,32.5,21294.23,6789286942
659,Roosevelt,Sollitt,rsollittia@bloglovin.com,Bigender,359314.31,6/29/2020,327.56,2916.35,1979646996
660,Noni,Cherm,nchermib@irs.gov,Genderfluid,148931.89,10/12/2020,409.17,26871.37,4801688918
661,Milzie,Pauncefort,mpauncefortic@yellowpages.com,Female,40186.22,4/15/2020,25.15,39918.68,1761150014
662,Carter,Paslow,cpaslowid@barnesandnoble.com,Female,188590.25,8/9/2020,89.69,14239.25,5745745371
663,Shalna,McKerron,smckerronie@cocolog-nifty.com,Genderfluid,329569.01,9/7/2020,31.02,46764.33,6307002719
664,Phillida,Hitzke,phitzkeif@washington.edu,Agender,94548.15,8/25/2020,108.18,1895.13,2837894478
665,Milissent,Lasselle,mlasselleig@gnu.org,Genderqueer,335899.55,3/10/2020,84.73,7348.57,8789523407
666,Angel,Swiffin,aswiffinih@who.int,Male,79650.01,3/28/2020,228.45,30658.08,9644545265
667,Raphaela,McElree,rmcelreeii@homestead.com,Genderfluid,109842.56,10/27/2020,153.28,12004.99,4847708741
668,Nichol,Hamill,nhamillij@github.com,Genderfluid,484204.38,6/11/2020,137.53,24525.98,7676855969
669,Romain,Bonnefin,rbonnefinik@fc2.com,Bigender,152177.38,10/2/2020,149.09,37171.74,2974118828
670,Darryl,Cutten,dcuttenil@taobao.com,Genderqueer,317924.32,8/17/2020,431.73,32340.57,9234954653
671,Eloise,Salter,esalterim@unblog.fr,Polygender,350613.39,4/28/2020,496.98,9505.53,4542120821
672,Erinn,McKniely,emcknielyin@wordpress.org,Bigender,10607.51,12/30/2020,250.39,47514.69,3175229514
673,Maggi,Ezzy,mezzyio@com.com,Genderfluid,103718.51,3/6/2020,305.63,16460.7,3214481843
674,Quentin,Manners,qmannersip@jigsy.com,Genderqueer,317797.7,11/25/2020,293.63,13194.85,4493599766
675,Wallache,Plackstone,wplackstoneiq@homestead.com,Female,473685.82,9/28/2020,29.31,23563.26,0542650320
676,Ivar,Ungaretti,iungarettiir@census.gov,Male,21105.06,8/31/2020,188.96,7526.72,3109506602
677,Claudian,Blumer,cblumeris@typepad.com,Female,427329.27,1/19/2021,351.68,6090.77,8221753335
678,Kellia,Bread,kbreadit@nationalgeographic.com,Agender,308209.05,7/3/2020,86.22,30852.4,2819954642
679,Mathew,D'Elias,mdeliasiu@nsw.gov.au,Female,5548.27,5/17/2020,235.54,6283.61,5000606949
680,Belia,Christene,bchristeneiv@xrea.com,Male,54570.64,5/24/2020,161.73,46614.77,5728640265
681,Morgan,Acors,macorsiw@chron.com,Female,179090.13,2/26/2020,285.58,33847.33,8446426404
682,Jemmy,Boston,jbostonix@bloomberg.com,Female,152672.86,4/12/2020,340.97,21286.94,7398751435
683,Si,Matisse,smatisseiy@ning.com,Bigender,439241.41,5/13/2020,424.16,20376.61,9219845687
684,Geri,Dochon,gdochoniz@bbc.co.uk,Genderqueer,473878.96,12/17/2020,104.83,48171.88,0031817858
685,Gretta,Roy,groyj0@naver.com,Genderfluid,294768.43,4/1/2020,148.23,42.05,3656028648
686,Morten,Ebbotts,mebbottsj1@theatlantic.com,Bigender,284373.83,6/1/2020,149.66,36284.21,3972303327
687,Glenda,Silber,gsilberj2@google.co.uk,Male,66947.79,6/17/2020,246.92,25128.69,3946258409
688,Laurence,Kobes,lkobesj3@shareasale.com,Genderfluid,168753.97,6/27/2020,326.28,40339.62,7549461031
689,Paige,Playle,pplaylej4@odnoklassniki.ru,Bigender,15722.3,12/22/2020,231.71,29121.86,3874144070
690,Sherye,Delamar,sdelamarj5@mysql.com,Agender,300274.3,9/23/2020,246.33,44231.46,8642817453
691,Luise,Rowlson,lrowlsonj6@indiegogo.com,Agender,215125.47,1/13/2021,399.08,32785.69,9241427639
692,Emlynne,Gotthard.sf,egotthardsfj7@twitpic.com,Genderfluid,99859.41,8/5/2020,149.69,41665.16,6918658972
693,Orland,Bitchener,obitchenerj8@smh.com.au,Genderfluid,50094.98,4/26/2020,9.89,32320.77,8539510367
694,Al,Everist,aeveristj9@pbs.org,Agender,115599.07,8/12/2020,318.04,46111.98,0805616128
695,Tracey,Pepys,tpepysja@time.com,Bigender,364707.8,1/16/2021,238.59,38143.57,2493124782
696,Tailor,Inwood,tinwoodjb@last.fm,Male,192996.41,2/13/2020,471.1,29435.35,7693068066
697,Paulo,Aimer,paimerjc@blogs.com,Male,317315.05,5/21/2020,279.6,45012.72,7048756306
698,Arly,Driussi,adriussijd@meetup.com,Genderfluid,29280.92,6/5/2020,78.61,3819.11,1232748323
699,Nissie,McGawn,nmcgawnje@flickr.com,Non-binary,182735.15,3/19/2020,296.72,47650.74,5762115003
700,Luelle,Maccrie,lmaccriejf@taobao.com,Female,68445.43,10/9/2020,378.16,4062.32,7436797905
701,Quinn,Jozsef,qjozsefjg@theglobeandmail.com,Polygender,111336.67,5/3/2020,267.66,28498.61,8416532583
702,Walt,Scarce,wscarcejh@ibm.com,Genderqueer,394683.17,1/1/2021,117.08,43438.0,2378588194
703,Clayson,Scholer,cscholerji@blogs.com,Non-binary,456050.77,6/13/2020,384.99,45351.82,6283082475
704,Marshal,Rosthorn,mrosthornjj@plala.or.jp,Genderfluid,71789.81,4/17/2020,397.2,11814.44,4551224774
705,Aurthur,O'Caine,aocainejk@harvard.edu,Female,407436.52,12/24/2020,44.36,19690.88,6491816796
706,Alvina,Shelsher,ashelsherjl@dion.ne.jp,Non-binary,386723.27,1/19/2021,367.82,17250.21,1438514409
707,Rayner,Anscott,ranscottjm@cyberchimps.com,Genderqueer,54704.09,5/14/2020,492.89,22460.24,7569718607
708,Kandace,Woolsey,kwoolseyjn@cargocollective.com,Polygender,404164.25,10/20/2020,162.73,8392.3,2701850657
709,Hebert,McComish,hmccomishjo@sun.com,Polygender,128430.46,2/14/2020,189.97,30701.42,2608554571
710,Noach,Maddern,nmaddernjp@arizona.edu,Genderfluid,233676.38,2/20/2020,149.24,47463.03,6512265394
711,Aldous,Tomei,atomeijq@tmall.com,Polygender,312267.87,1/21/2021,306.09,38814.33,9584432990
712,Mikaela,Paulich,mpaulichjr@simplemachines.org,Genderfluid,188578.41,6/1/2020,427.16,18267.41,0932368433
713,Louisa,Arnaudin,larnaudinjs@shinystat.com,Agender,266262.81,4/10/2020,145.17,39245.19,7986749350
714,Raleigh,Gildroy,rgildroyjt@adobe.com,Genderqueer,413149.68,6/29/2020,29.61,43674.33,3993032926
715,Hilde,Servante,hservanteju@bbc.co.uk,Female,481716.19,1/21/2021,278.0,37192.47,3421576912
716,Tiff,Aysik,taysikjv@ebay.co.uk,Genderqueer,256931.4,12/1/2020,320.55,49967.1,3829567782
717,Wilmar,Halsho,whalshojw@soup.io,Bigender,394650.62,8/21/2020,12.78,23035.78,2356495975
718,Nannie,Emney,nemneyjx@blogger.com,Non-binary,270209.42,5/21/2020,187.96,9430.26,4592908007
719,Claudette,Batha,cbathajy@miitbeian.gov.cn,Genderqueer,477907.14,8/2/2020,245.69,16262.5,8396788383
720,Gill,Bamford,gbamfordjz@bandcamp.com,Male,160007.84,1/22/2021,144.41,39559.66,9386796775
721,Byrann,Gores,bgoresk0@nature.com,Non-binary,50272.37,9/21/2020,338.61,4676.51,7095378509
722,Hedwiga,Booker,hbookerk1@wsj.com,Genderqueer,420696.32,11/16/2020,84.0,32467.58,1294277723
723,Morna,Milington,mmilingtonk2@twitter.com,Polygender,166136.32,12/12/2020,100.15,6442.87,4427591485
724,Bryon,Drillingcourt,bdrillingcourtk3@virginia.edu,Non-binary,51274.03,4/13/2020,364.14,24302.11,1431504637
725,North,Saller,nsallerk4@eepurl.com,Genderqueer,206842.1,9/5/2020,72.08,32523.71,5044730491
726,Starlene,Kinahan,skinahank5@cyberchimps.com,Male,352951.32,12/28/2020,323.05,9555.44,2776842562
727,Fabio,Kubasek,fkubasekk6@discuz.net,Genderfluid,102079.69,3/28/2020,443.77,34184.29,6378259151
728,Bryn,Hannabuss,bhannabussk7@nasa.gov,Agender,420847.15,1/26/2021,119.27,28671.48,0843059036
729,Karoly,Mattingley,kmattingleyk8@eventbrite.com,Genderfluid,190229.85,12/2/2020,464.62,6002.56,4908667624
730,Antone,Grob,agrobk9@disqus.com,Genderqueer,233296.56,3/28/2020,179.78,2592.14,5253293264
731,Reeta,Vaissiere,rvaissiereka@sitemeter.com,Genderfluid,208240.02,6/18/2020,63.67,12361.75,1193211298
732,Zenia,Bromige,zbromigekb@umn.edu,Genderqueer,306944.42,4/5/2020,272.88,20221.96,2959923499
733,Dorine,MacPeake,dmacpeakekc@tmall.com,Agender,482811.88,12/29/2020,472.2,4281.65,3124308174
734,Daryle,Daveridge,ddaveridgekd@zdnet.com,Bigender,493182.42,8/28/2020,220.92,49391.08,6750420702
735,Giorgia,Walford,gwalfordke@mayoclinic.com,Male,172448.07,8/19/2020,180.08,37470.0,0201739453
736,Pail,Davall,pdavallkf@whitehouse.gov,Agender,489257.38,11/19/2020,332.94,5895.6,6690269795
737,Danya,Ossulton,dossultonkg@prlog.org,Female,140043.17,6/26/2020,100.38,39863.76,0517552833
738,Hersch,Pasquale,hpasqualekh@4shared.com,Genderfluid,281851.65,6/14/2020,373.45,46289.08,3412716928
739,Marjory,Keijser,mkeijserki@google.it,Female,495700.31,9/15/2020,11.54,11778.09,8495640457
740,Mick,Laurant,mlaurantkj@sciencedaily.com,Non-binary,163018.17,9/11/2020,478.93,38959.03,0185917534
741,Audra,Giacobelli,agiacobellikk@storify.com,Genderfluid,393045.28,1/31/2021,269.75,42635.59,9984315584
742,Matthus,Gettens,mgettenskl@ucsd.edu,Female,92830.49,5/10/2020,415.95,33700.34,5273713366
743,Candice,Mallabon,cmallabonkm@flickr.com,Male,178299.75,7/17/2020,26.43,30509.65,4432782889
744,Carmella,Davenell,cdavenellkn@ftc.gov,Male,112567.0,5/15/2020,78.27,2028.91,9120453930
745,Frants,Glaister,fglaisterko@behance.net,Agender,238342.48,7/4/2020,68.15,39589.22,1914852133
746,Giff,Muttock,gmuttockkp@people.com.cn,Polygender,195008.27,5/31/2020,340.21,35290.92,2648309624
747,Andonis,Feake,afeakekq@live.com,Male,304594.46,11/7/2020,201.34,21286.86,0858553511
748,Bernardina,Weben,bwebenkr@joomla.org,Bigender,69195.28,6/9/2020,92.09,40323.59,4016059836
749,Hershel,Worsnup,hworsnupks@hc360.com,Genderqueer,237306.23,12/25/2020,394.65,20388.73,2050063598
750,Mavis,Sandercock,msandercockkt@nymag.com,Female,337045.42,1/23/2021,27.25,38912.45,3444952090
751,Sherwood,Sedge,ssedgeku@xing.com,Genderqueer,228335.61,8/20/2020,424.53,24583.26,2774220904
752,Gian,Biggerstaff,gbiggerstaffkv@springer.com,Polygender,325093.42,3/14/2020,197.67,18500.72,3048040013
753,Ibbie,Nail,inailkw@360.cn,Non-binary,318462.71,6/17/2020,171.87,47742.18,7058928541
754,Fredi,Crosdill,fcrosdillkx@cnn.com,Female,111468.48,12/2/2020,239.73,18338.88,9966879099
755,Kassey,Moralas,kmoralasky@intel.com,Genderfluid,288800.59,2/11/2020,277.09,19730.38,2547605643
756,Retha,Churchard,rchurchardkz@a8.net,Non-binary,22771.35,4/29/2020,13.7,27391.89,3294540728
757,Wendi,Jedrys,wjedrysl0@fastcompany.com,Male,332752.0,6/5/2020,435.88,48337.89,5808116376
758,Madalena,Winney,mwinneyl1@addthis.com,Genderqueer,298571.67,7/19/2020,255.06,27273.96,8675111657
759,Minnaminnie,Vogeller,mvogellerl2@studiopress.com,Female,63372.89,7/3/2020,418.65,10026.12,9427722371
760,Eduino,Seater,eseaterl3@joomla.org,Agender,405553.6,11/13/2020,9.72,44038.9,9147957840
761,Sharlene,Gobell,sgobelll4@privacy.gov.au,Male,326851.24,10/23/2020,378.97,38279.73,2652050036
762,Rozella,Panons,rpanonsl5@about.com,Female,383235.74,5/30/2020,77.71,8191.52,2311213954
763,Levey,Chiechio,lchiechiol6@about.com,Non-binary,84133.17,12/10/2020,160.56,4329.52,9165151097
764,Orelle,Blant,oblantl7@netscape.com,Agender,341002.97,9/23/2020,334.56,8966.69,8168590058
765,Ddene,Doyle,ddoylel8@icio.us,Genderfluid,68758.28,9/11/2020,295.06,30602.18,2038918740
766,Michail,Duligal,mduligall9@ask.com,Genderfluid,275981.23,2/15/2020,164.9,32290.07,6977404728
767,Ade,Corlett,acorlettla@google.co.uk,Bigender,64987.09,8/25/2020,214.91,34681.55,2878690877
768,Cris,Clement,cclementlb@bluehost.com,Polygender,130788.58,1/12/2021,22.99,39528.36,5713478092
769,Berry,Labba,blabbalc@tripod.com,Genderfluid,429086.64,3/1/2020,114.45,32832.0,6704653805
770,Karolina,Van Bruggen,kvanbruggenld@clickbank.net,Genderfluid,275578.29,6/17/2020,352.32,44399.38,3838887298
771,Rozina,Dillestone,rdillestonele@github.io,Genderqueer,292554.0,1/26/2021,203.15,17678.82,4935497548
772,Horatia,Wardhaw,hwardhawlf@rambler.ru,Female,499670.96,6/14/2020,188.43,26538.75,1766310362
773,Jodie,Owers,jowerslg@yolasite.com,Non-binary,88320.91,12/12/2020,42.1,18842.41,5715033446
774,Collete,Bickersteth,cbickerstethlh@mapquest.com,Agender,36768.14,9/14/2020,185.22,21628.07,0338883916
775,Flory,Yansons,fyansonsli@youku.com,Polygender,167608.24,10/20/2020,89.74,14552.83,8816356170
776,Barrie,Moden,bmodenlj@ebay.com,Female,262758.77,12/25/2020,193.13,30106.27,1330676505
777,Carol-jean,Slyme,cslymelk@apple.com,Agender,161503.1,1/25/2021,28.13,26812.65,5570379177
778,Eliza,Websdale,ewebsdalell@adobe.com,Male,8792.07,3/27/2020,429.77,14844.09,6874737333
779,Beauregard,Boustred,bboustredlm@time.com,Male,320550.32,3/26/2020,310.86,916.79,5156435920
780,Bartram,Jindracek,bjindracekln@amazon.co.uk,Genderqueer,450596.44,5/8/2020,416.01,31061.21,9932150088
781,Marshall,Gilphillan,mgilphillanlo@fastcompany.com,Male,53098.01,9/12/2020,470.96,27175.55,9521468602
782,Hilliard,Lowings,hlowingslp@blogtalkradio.com,Non-binary,20567.23,3/20/2020,296.44,45205.5,1861264585
783,Harland,Winspurr,hwinspurrlq@nytimes.com,Female,424799.61,6/7/2020,13.3,13527.32,6725069878
784,Svend,Imeson,simesonlr@sina.com.cn,Polygender,287606.83,1/15/2021,409.43,3618.87,9339096258
785,Genna,Rodgerson,grodgersonls@gov.uk,Agender,309751.41,10/22/2020,448.94,41357.12,7349171366
786,Humbert,Rany,hranylt@alibaba.com,Non-binary,413849.23,1/20/2021,279.85,5777.22,9724490092
787,Bordy,Rewbottom,brewbottomlu@bravesites.com,Male,50323.14,5/11/2020,474.77,37260.84,7625151905
788,Sanders,Boyce,sboycelv@bbb.org,Genderqueer,482936.01,11/14/2020,200.46,21229.75,6648841664
789,Ariel,Hundall,ahundalllw@unc.edu,Male,142459.64,10/15/2020,207.91,31704.69,3138817599
790,Alan,Lathwood,alathwoodlx@wordpress.com,Polygender,464049.63,1/18/2021,190.52,637.72,0805127682
791,Lisetta,Antoszczyk,lantoszczykly@home.pl,Genderqueer,248034.43,5/28/2020,169.48,3197.4,0941029115
792,Malinda,Glaisner,mglaisnerlz@netvibes.com,Polygender,291542.55,10/1/2020,400.38,40701.07,3401568809
793,Tracie,Hrinchishin,thrinchishinm0@pbs.org,Female,264777.66,10/14/2020,451.93,49365.71,2421103541
794,Carey,Fealy,cfealym1@symantec.com,Genderqueer,387172.47,12/23/2020,35.81,37480.29,7492209665
795,Dru,Kruger,dkrugerm2@yale.edu,Genderfluid,185917.37,9/11/2020,281.44,15011.7,4458410059
796,Cristine,Di Roberto,cdirobertom3@skyrock.com,Genderqueer,2902.91,12/22/2020,146.91,4968.09,1408055309
797,Norby,Pampling,npamplingm4@mayoclinic.com,Non-binary,454726.23,5/15/2020,111.21,2587.81,6717821795
798,Sutherland,Annable,sannablem5@soundcloud.com,Male,252548.33,10/30/2020,330.03,28919.18,2452288012
799,Livy,Hanby,lhanbym6@example.com,Male,255254.8,3/7/2020,402.71,26899.76,5556145849
800,Kerry,Schulken,kschulkenm7@sciencedirect.com,Non-binary,284563.77,6/28/2020,41.8,8734.52,7303895051
801,Trace,Caston,tcastonm8@vk.com,Genderfluid,294854.03,3/24/2020,149.81,19852.82,6034411254
802,Shela,Smieton,ssmietonm9@japanpost.jp,Non-binary,411574.78,4/23/2020,428.76,29542.15,7263047500
803,Westley,Lock,wlockma@engadget.com,Female,93291.35,9/2/2020,9.55,38360.77,2196628743
804,Freemon,Broscombe,fbroscombemb@ameblo.jp,Genderqueer,496912.85,10/18/2020,189.31,25612.27,4901783971
805,Shoshanna,Castiglio,scastigliomc@about.me,Male,356493.68,5/29/2020,162.82,45130.03,7650913570
806,Fidelity,Brogden,fbrogdenmd@google.com,Female,466868.6,10/1/2020,373.78,5047.97,3860823698
807,Rozamond,Ravenscroftt,rravenscrofttme@ycombinator.com,Bigender,85550.11,11/13/2020,207.86,47223.58,9948979559
808,Flory,Rupke,frupkemf@java.com,Polygender,128409.94,3/31/2020,303.81,18282.4,3108420461
809,Georgie,Rudgerd,grudgerdmg@creativecommons.org,Non-binary,371225.47,7/29/2020,324.42,40976.6,4419612355
810,Teri,Gianninotti,tgianninottimh@umn.edu,Non-binary,203378.41,9/7/2020,449.02,26047.13,5574338572
811,Dominica,Shadrack,dshadrackmi@sohu.com,Male,107430.94,1/16/2021,455.8,42924.44,2109716460
812,Hubey,Moses,hmosesmj@flickr.com,Agender,350594.53,10/22/2020,491.57,31291.48,6252385638
813,Tomi,Dreinan,tdreinanmk@samsung.com,Genderfluid,138048.49,6/26/2020,305.71,12234.72,8626623402
814,Rowney,Gioan,rgioanml@scribd.com,Male,10679.85,6/18/2020,196.12,10892.64,6355630686
815,Tommie,Tucsell,ttucsellmm@slate.com,Polygender,228779.78,1/2/2021,82.94,45603.56,8061380862
816,Thorin,Gynni,tgynnimn@china.com.cn,Non-binary,226085.26,10/22/2020,177.66,10817.78,6467833198
817,Carlina,Jullian,cjullianmo@hostgator.com,Male,299239.2,11/16/2020,84.87,45006.39,2175424553
818,Rania,Dorkins,rdorkinsmp@shareasale.com,Female,462618.59,6/27/2020,439.08,8955.99,8295955020
819,Farlay,Sallarie,fsallariemq@yelp.com,Genderqueer,115490.49,12/17/2020,499.55,15332.84,1470729202
820,Duke,Byway,dbywaymr@ft.com,Female,347135.78,6/29/2020,398.36,18252.32,3739281243
821,Rik,Agate,ragatems@go.com,Agender,256825.06,1/2/2021,394.62,11184.72,3905624923
822,Cosme,Sleeman,csleemanmt@adobe.com,Male,277715.17,5/14/2020,144.15,6368.32,7322117808
823,Jori,Whitaker,jwhitakermu@seattletimes.com,Male,345547.45,8/12/2020,69.24,45162.76,9987416969
824,Hilliard,McGall,hmcgallmv@csmonitor.com,Non-binary,1555.44,1/17/2021,184.97,35885.75,9972920909
825,Ilse,Shearmer,ishearmermw@example.com,Polygender,462027.28,11/25/2020,44.6,7899.93,8727051757
826,Hamish,Burl,hburlmx@scribd.com,Female,221617.44,1/6/2021,118.7,438.0,5767057192
827,Mariam,MacCome,mmaccomemy@cmu.edu,Polygender,242128.61,12/22/2020,427.18,5805.02,3508945502
828,Con,Dickings,cdickingsmz@woothemes.com,Female,26549.71,5/15/2020,264.98,35244.82,5032690635
829,Celestyn,Sorley,csorleyn0@ameblo.jp,Agender,438168.63,11/15/2020,233.09,31492.04,6581844837
830,Bartholomew,Banbury,bbanburyn1@reddit.com,Genderfluid,311793.74,6/2/2020,259.17,4037.6,8100429189
831,Jeremias,Skea,jskean2@yahoo.com,Genderfluid,177140.55,2/1/2021,196.88,33709.61,5067939907
832,Dan,Hamner,dhamnern3@mac.com,Bigender,231345.15,11/22/2020,393.54,13813.88,3268939554
833,Orella,Gonnely,ogonnelyn4@sohu.com,Genderqueer,199161.39,7/2/2020,397.9,48030.78,9972329089
834,Chelsea,McGaughey,cmcgaugheyn5@unc.edu,Genderqueer,299957.69,10/6/2020,239.95,45491.1,0833107046
835,Ives,Hundall,ihundalln6@thetimes.co.uk,Female,104347.85,1/1/2021,323.7,42720.55,1577822897
836,Drugi,Gatteridge,dgatteridgen7@bloglovin.com,Agender,378778.15,10/11/2020,359.36,21270.21,3717389394
837,Ranna,Messum,rmessumn8@comsenz.com,Female,442459.0,4/9/2020,281.95,39009.56,0844897922
838,Ralf,Phillput,rphillputn9@java.com,Genderqueer,200894.6,1/1/2021,225.68,13764.26,7188955964
839,Alfonse,Tomeo,atomeona@globo.com,Female,479475.2,2/7/2021,165.43,38603.15,8963147010
840,Daniella,Fritzer,dfritzernb@paginegialle.it,Non-binary,120674.32,6/21/2020,72.61,4255.17,0814549934
841,Hansiain,Fines,hfinesnc@jigsy.com,Bigender,263494.13,8/23/2020,1.9,7308.44,3274540110
842,Hastings,Whitney,hwhitneynd@vkontakte.ru,Polygender,54444.32,4/12/2020,396.82,15036.8,4490366477
843,Phillis,Dorracott,pdorracottne@tiny.cc,Non-binary,306547.91,3/15/2020,408.9,39500.84,5243901709
844,Rani,Turtle,rturtlenf@etsy.com,Female,495936.07,12/27/2020,255.23,21255.73,1227252579
845,Desi,Barehead,dbareheadng@yale.edu,Bigender,284520.39,5/31/2020,375.6,23879.4,0730728587
846,Dianna,Sturte,dsturtenh@alibaba.com,Genderfluid,110373.44,10/29/2020,40.55,26198.84,4239007135
847,Belle,Allgood,ballgoodni@independent.co.uk,Female,51335.32,4/19/2020,376.83,21622.63,8647705734
848,Carma,Doorly,cdoorlynj@statcounter.com,Genderqueer,471976.39,2/26/2020,56.11,40800.64,5234838935
849,Lisette,Linsley,llinsleynk@mayoclinic.com,Male,456533.96,5/16/2020,199.42,22875.03,1424047161
850,Salem,Body,sbodynl@list-manage.com,Bigender,148735.65,6/24/2020,411.38,12099.79,9242304395
851,Nisse,Watkiss,nwatkissnm@timesonline.co.uk,Polygender,320073.69,4/25/2020,246.91,2804.05,0213709333
852,Demetris,O' Loughran,doloughrannn@phoca.cz,Male,291935.78,9/12/2020,90.39,13092.11,5113338362
853,Elinore,Grisley,egrisleyno@paginegialle.it,Bigender,399422.0,5/21/2020,136.01,20325.1,5874378375
854,Spense,O'Brian,sobriannp@admin.ch,Non-binary,121974.62,11/30/2020,474.42,10924.14,1130563170
855,Rosabella,Chung,rchungnq@noaa.gov,Polygender,169562.64,7/17/2020,84.9,34956.81,7042542878
856,Ransell,Abramovic,rabramovicnr@cmu.edu,Bigender,113262.64,12/8/2020,486.51,37670.53,8247450631
857,Bride,Gamblin,bgamblinns@vinaora.com,Male,423230.54,6/6/2020,320.97,34369.67,7288287157
858,Ronnica,Butterfill,rbutterfillnt@springer.com,Polygender,327577.77,10/15/2020,301.71,8885.32,6310820656
859,Jehanna,Ballston,jballstonnu@dyndns.org,Female,201531.66,7/1/2020,85.3,28420.19,9091004703
860,Janie,Eakins,jeakinsnv@shareasale.com,Genderqueer,418482.18,10/6/2020,242.94,26600.64,3068355389
861,Gregorio,Bartlomiejczyk,gbartlomiejczyknw@seesaa.net,Polygender,390074.21,12/30/2020,86.26,27405.18,1268555142
862,Kaleb,Weild,kweildnx@phpbb.com,Non-binary,131961.81,12/26/2020,6.22,15962.47,0110226984
863,Christina,Whittingham,cwhittinghamny@slashdot.org,Genderqueer,61933.63,12/12/2020,332.9,480.21,2262046468
864,Yolande,Jiggens,yjiggensnz@fc2.com,Bigender,303318.73,2/25/2020,494.2,48816.09,9469321359
865,Freeman,Filipychev,ffilipychevo0@auda.org.au,Genderfluid,233587.02,8/10/2020,350.45,8280.34,9757622508
866,Barbee,Thornham,bthornhamo1@latimes.com,Bigender,174990.85,8/5/2020,333.36,28909.49,9381332509
867,Gilli,Scala,gscalao2@chronoengine.com,Genderqueer,259969.72,5/3/2020,451.17,49222.85,8337290609
868,Andie,Albertson,aalbertsono3@github.io,Non-binary,497830.82,1/2/2021,452.79,23732.97,6519356611
869,Dorita,Normanton,dnormantono4@paginegialle.it,Male,45418.87,10/1/2020,252.62,34465.01,1530059887
870,Reinold,Rowan,rrowano5@zdnet.com,Female,428544.4,10/11/2020,445.0,6685.64,8314217026
871,Alyce,Eighteen,aeighteeno6@plala.or.jp,Female,9945.83,3/23/2020,364.05,4777.76,1422985431
872,Coretta,Gebb,cgebbo7@photobucket.com,Non-binary,393205.29,3/6/2020,109.36,46491.85,4834369412
873,Kennedy,Cauthra,kcauthrao8@clickbank.net,Genderqueer,282159.37,5/15/2020,427.61,45090.4,8713342185
874,Sisely,Thor,sthoro9@sciencedaily.com,Polygender,22287.82,5/27/2020,369.28,16241.06,5388101975
875,Chase,Kimbell,ckimbelloa@opera.com,Polygender,328917.89,6/22/2020,462.03,3645.53,8533381468
876,Dominick,Kinsman,dkinsmanob@addtoany.com,Agender,76333.06,11/18/2020,391.33,41274.07,9478564730
877,Sharai,Duchenne,sduchenneoc@toplist.cz,Male,365760.12,12/24/2020,264.01,24361.61,4244791833
878,Emelda,Sinnocke,esinnockeod@berkeley.edu,Male,85199.68,1/8/2021,273.22,5144.48,6192647879
879,Carolynn,Foad,cfoadoe@fema.gov,Genderfluid,439137.87,12/18/2020,31.97,12115.76,8515180790
880,Nikkie,Mein,nmeinof@bandcamp.com,Bigender,272657.18,9/18/2020,494.81,24006.93,9816981866
881,Reeta,De Filippis,rdefilippisog@umich.edu,Agender,455606.5,10/14/2020,217.04,44855.59,4798585858
882,Annadiane,Fidele,afideleoh@deliciousdays.com,Bigender,291778.53,12/17/2020,313.57,48888.35,5455749420
883,Jane,Bysouth,jbysouthoi@bloomberg.com,Female,18135.07,1/5/2021,128.21,1652.02,3854265905
884,Elisabetta,Barensky,ebarenskyoj@cnn.com,Female,416480.61,6/28/2020,23.88,47983.58,8255243941
885,Maegan,Castletine,mcastletineok@themeforest.net,Male,24075.73,1/3/2021,408.32,45766.42,6643273153
886,Ardelia,Tumilson,atumilsonol@woothemes.com,Genderqueer,440230.86,8/21/2020,495.54,7533.01,8500301368
887,Berta,Baldi,bbaldiom@google.ru,Bigender,7556.6,8/22/2020,30.09,38779.94,9590376681
888,Kilian,Roch,krochon@topsy.com,Agender,341834.2,7/1/2020,9.81,7794.66,4578415325
889,Broderic,Exley,bexleyoo@chronoengine.com,Agender,18932.82,2/6/2021,264.12,35227.4,7682360925
890,Heather,Schrader,hschraderop@ycombinator.com,Polygender,406731.36,6/1/2020,204.02,19510.15,2291365665
891,Giulio,Burnel,gburneloq@who.int,Male,39871.37,10/5/2020,183.89,49037.25,6886614002
892,Crista,Meers,cmeersor@ftc.gov,Non-binary,102983.0,3/7/2020,249.49,37532.29,4014058921
893,Jennilee,MacConnulty,jmacconnultyos@uol.com.br,Male,114219.32,2/26/2020,142.11,30117.24,7901947586
894,Russ,Waldren,rwaldrenot@flickr.com,Female,351835.32,9/5/2020,22.12,27897.38,4222200077
895,Viki,Ebden,vebdenou@home.pl,Female,71998.93,7/16/2020,496.6,5588.37,0409286478
896,Merrill,Pacitti,mpacittiov@furl.net,Polygender,286398.17,8/25/2020,219.05,31556.22,5155454166
897,Vicki,Jeavon,vjeavonow@google.cn,Genderfluid,455973.06,12/2/2020,202.78,35899.58,4721251971
898,Haily,Dunbleton,hdunbletonox@yahoo.com,Male,144994.43,12/10/2020,491.4,27224.21,1699334498
899,Emogene,Deave,edeaveoy@friendfeed.com,Agender,59285.32,7/13/2020,383.8,41953.85,4209851957
900,Serena,Gynni,sgynnioz@google.cn,Genderfluid,316795.72,4/30/2020,231.98,29724.75,5845802733
901,Micheil,Fancet,mfancetp0@cafepress.com,Male,48988.11,12/15/2020,332.86,44825.92,1847128793
902,Natale,Wigmore,nwigmorep1@skyrock.com,Agender,432853.55,11/15/2020,255.81,23885.17,4774787108
903,Lorrie,MacIan,lmacianp2@canalblog.com,Agender,198535.31,8/25/2020,10.77,2226.13,0812666836
904,Sidney,Clurow,sclurowp3@sourceforge.net,Genderfluid,405337.68,3/10/2020,108.77,25077.43,4813895077
905,Clerc,Thornton-Dewhirst,cthorntondewhirstp4@state.gov,Polygender,175128.67,4/21/2020,279.26,17841.03,8993593019
906,Pearla,Jancik,pjancikp5@sourceforge.net,Non-binary,234900.23,2/27/2020,59.3,38525.22,8941479991
907,Stephan,Fotherby,sfotherbyp6@gravatar.com,Bigender,446662.8,11/5/2020,121.59,7553.16,3905734001
908,Nerty,Coulter,ncoulterp7@slashdot.org,Agender,10413.63,9/17/2020,222.21,13264.0,9438721525
909,Renata,Baldung,rbaldungp8@opensource.org,Female,363384.15,11/25/2020,346.44,47860.29,0481757058
910,Lena,Corstan,lcorstanp9@google.co.jp,Non-binary,365358.63,8/20/2020,304.65,45257.41,8068651985
911,Flori,Codi,fcodipa@goo.gl,Male,304822.24,3/13/2020,419.26,22807.94,4537581204
912,Nerissa,Berks,nberkspb@netvibes.com,Non-binary,417113.12,2/7/2021,472.17,39380.46,8035887661
913,Maire,McLaverty,mmclavertypc@w3.org,Bigender,459938.6,9/15/2020,90.01,5072.56,9411725023
914,Aylmer,Skates,askatespd@posterous.com,Male,183477.98,2/15/2020,309.86,45560.59,2798243475
915,Brittani,Tindley,btindleype@last.fm,Agender,309591.75,3/6/2020,343.69,23418.94,8307960606
916,Berton,O' Gara,bogarapf@cdc.gov,Polygender,364348.95,3/26/2020,393.34,25420.71,9274661630
917,Berkly,Messier,bmessierpg@dyndns.org,Genderfluid,174758.53,11/22/2020,304.61,49215.98,2023478480
918,Ramsey,Cawthorn,rcawthornph@state.gov,Non-binary,455936.34,10/15/2020,165.41,34526.67,2475739533
919,Darcy,Feldfisher,dfeldfisherpi@dell.com,Agender,172077.44,10/28/2020,30.41,31016.14,4501165049
920,Bethany,Hallahan,bhallahanpj@miitbeian.gov.cn,Genderqueer,42793.71,8/10/2020,288.61,15943.1,4631202750
921,Manon,Arnaldy,marnaldypk@istockphoto.com,Polygender,397671.86,7/9/2020,113.66,5681.74,3420342683
922,Collen,Aspin,caspinpl@topsy.com,Non-binary,398157.11,7/4/2020,368.26,39321.29,0010717900
923,Pandora,Papaminas,ppapaminaspm@meetup.com,Genderfluid,353820.19,10/16/2020,20.25,38135.93,9947299910
924,Danika,Paike,dpaikepn@army.mil,Genderqueer,415923.06,1/4/2021,463.21,43550.66,0877326576
925,Raye,Twentyman,rtwentymanpo@sciencedaily.com,Male,98177.36,2/15/2020,486.21,49851.6,7876801773
926,Donnie,Schuchmacher,dschuchmacherpp@jiathis.com,Genderfluid,210288.96,7/24/2020,127.47,20889.23,3095381263
927,Reginauld,O'Lenane,rolenanepq@nih.gov,Female,339377.06,4/26/2020,143.4,6423.87,9563268148
928,Raynard,Croutear,rcroutearpr@businessinsider.com,Agender,345232.0,11/5/2020,172.35,20423.61,5702307054
929,Giorgia,Deluce,gdeluceps@uol.com.br,Genderqueer,21947.04,4/30/2020,83.48,5053.43,6895483659
930,Caesar,Craisford,ccraisfordpt@weibo.com,Genderfluid,418271.87,5/7/2020,194.54,3177.24,6799999038
931,Ingra,Coulman,icoulmanpu@vinaora.com,Genderfluid,322760.67,9/2/2020,340.63,18745.09,9046306542
932,Curcio,Gaywood,cgaywoodpv@howstuffworks.com,Agender,228779.47,8/30/2020,89.24,29506.35,8373286527
933,Neill,Sancraft,nsancraftpw@merriam-webster.com,Agender,463370.83,9/19/2020,394.81,17727.6,3451949873
934,Anton,Minigo,aminigopx@patch.com,Male,324603.77,5/1/2020,456.18,12299.87,9698943684
935,Minette,McVeigh,mmcveighpy@nba.com,Non-binary,471028.0,12/1/2020,184.21,20514.01,2601379456
936,Saleem,Keighley,skeighleypz@cdbaby.com,Agender,267108.1,8/5/2020,114.99,10468.99,1655432680
937,Nadeen,Noraway,nnorawayq0@g.co,Genderqueer,111348.85,8/17/2020,7.97,2789.15,8178053543
938,Forrester,Barg,fbargq1@dailymotion.com,Genderfluid,389899.91,7/11/2020,244.87,17453.2,7170190575
939,Hadrian,Ervin,hervinq2@statcounter.com,Non-binary,28366.8,4/18/2020,320.8,12039.71,2521614084
940,Talbert,Real,trealq3@ebay.co.uk,Non-binary,472694.75,4/21/2020,71.1,9371.46,4727035464
941,Maribeth,Raymond,mraymondq4@dmoz.org,Bigender,47406.49,7/26/2020,446.77,15097.66,0569726905
942,Ninetta,Mattek,nmattekq5@furl.net,Polygender,443824.57,11/9/2020,173.47,27694.17,5923395479
943,Lari,Berrane,lberraneq6@1688.com,Genderfluid,82452.93,7/8/2020,244.82,11183.49,3598158807
944,Carolynn,Wreak,cwreakq7@umn.edu,Female,114220.47,9/3/2020,238.54,44963.35,6541597464
945,Kattie,Oliveto,kolivetoq8@fda.gov,Female,130883.42,1/28/2021,407.96,6049.18,0279355173
946,Hanson,Kahan,hkahanq9@ow.ly,Bigender,306577.98,1/12/2021,204.7,10940.75,9647313691
947,Sallyann,Tidman,stidmanqa@mashable.com,Genderqueer,406103.79,6/11/2020,324.98,46525.7,8162447776
948,Ann-marie,Fenelow,afenelowqb@chronoengine.com,Genderqueer,392434.63,3/18/2020,427.54,17613.62,7925420189
949,Essa,Fist,efistqc@columbia.edu,Male,107872.0,3/10/2020,351.35,45712.02,8511315985
950,Bartlet,Franckton,bfrancktonqd@de.vu,Polygender,478161.61,11/4/2020,98.85,3350.59,2923550153
951,Francyne,Easbie,feasbieqe@dagondesign.com,Male,292764.0,12/9/2020,252.85,20458.0,2388584434
952,Ronda,Toleman,rtolemanqf@nih.gov,Male,367813.82,2/28/2020,350.67,8333.79,1321142684
953,Nathanial,Lark,nlarkqg@mapquest.com,Polygender,377783.23,9/24/2020,185.35,40869.7,5663901388
954,Denys,Proudler,dproudlerqh@cpanel.net,Agender,481041.43,10/29/2020,112.18,27719.4,8593480888
955,Olia,McCullogh,omcculloghqi@mayoclinic.com,Genderfluid,137823.21,1/12/2021,225.68,19049.12,5045969218
956,Giuditta,Jeyes,gjeyesqj@chicagotribune.com,Female,184972.3,10/30/2020,481.36,30786.01,2015979506
957,Raviv,Durdle,rdurdleqk@chicagotribune.com,Bigender,479448.18,9/4/2020,65.91,30864.41,9061969824
958,Donielle,Chasmor,dchasmorql@sitemeter.com,Genderfluid,409862.94,5/3/2020,135.33,29094.08,5593122156
959,Andrey,Gonnel,agonnelqm@scribd.com,Genderfluid,454638.52,4/17/2020,103.66,23922.8,9300710559
960,Delcine,Feavers,dfeaversqn@ftc.gov,Non-binary,178783.77,1/1/2021,251.36,49978.68,7009189455
961,Ronnie,Kiebes,rkiebesqo@cloudflare.com,Agender,315126.0,9/3/2020,235.24,41512.19,8908058516
962,Alvy,Sacaze,asacazeqp@smh.com.au,Polygender,488611.48,5/4/2020,317.15,31226.28,6357721824
963,Jade,Manginot,jmanginotqq@barnesandnoble.com,Polygender,438082.81,2/10/2020,249.52,29107.83,0498205835
964,Ken,Cardo,kcardoqr@irs.gov,Female,21144.41,5/22/2020,390.11,40584.7,9301303256
965,Errick,Sinton,esintonqs@epa.gov,Agender,143281.07,1/21/2021,348.31,36295.75,8178783584
966,Hope,Coughlan,hcoughlanqt@japanpost.jp,Agender,224121.61,12/13/2020,309.37,36643.57,5295325644
967,Sosanna,Novelli,snovelliqu@cam.ac.uk,Female,175828.72,7/12/2020,488.05,21673.35,1057380164
968,Heindrick,Busek,hbusekqv@bravesites.com,Male,424055.81,3/4/2020,410.76,31296.6,7849471563
969,Doralin,Bradshaw,dbradshawqw@ted.com,Female,113293.53,12/11/2020,23.67,10596.62,9683478875
970,Rivy,Glennie,rglennieqx@gmpg.org,Male,412471.67,10/7/2020,87.73,19402.24,6861473979
971,Steven,Kevlin,skevlinqy@dyndns.org,Non-binary,438522.92,8/22/2020,146.26,48338.76,2996197828
972,Kinsley,Satteford,ksattefordqz@soup.io,Male,456522.74,7/4/2020,497.05,3733.52,8349652594
973,Meier,Whyte,mwhyter0@loc.gov,Genderqueer,355451.09,12/25/2020,158.71,29134.32,4502732494
974,Rutledge,Jamrowicz,rjamrowiczr1@adobe.com,Genderqueer,440057.71,1/1/2021,186.69,17969.65,7204320824
975,Gerik,Mullis,gmullisr2@businesswire.com,Female,251833.82,6/19/2020,463.5,1530.55,8961451200
976,Winne,Jukes,wjukesr3@latimes.com,Genderfluid,174619.68,11/13/2020,92.61,21657.42,3466542626
977,Arlen,Agent,aagentr4@storify.com,Agender,98871.47,3/8/2020,337.28,47254.39,8127407267
978,Lori,Pavluk,lpavlukr5@elpais.com,Bigender,244157.32,9/29/2020,209.41,30135.19,1534717145
979,Celestyn,Brambley,cbrambleyr6@phoca.cz,Genderqueer,269286.71,1/1/2021,405.21,25647.77,5833761549
980,Benjie,Angove,bangover7@bbc.co.uk,Genderqueer,236131.99,6/29/2020,341.24,38742.87,6856475608
981,Janella,Maxworthy,jmaxworthyr8@java.com,Agender,214821.64,6/6/2020,383.56,6170.35,7030226925
982,Blythe,Lineen,blineenr9@un.org,Male,48409.28,5/30/2020,123.44,2013.19,2004379693
983,Austin,Cotterel,acotterelra@dedecms.com,Female,279085.59,9/6/2020,356.93,45034.19,1602239940
984,Wendel,Camoletto,wcamolettorb@gmpg.org,Male,389390.12,5/26/2020,405.1,13405.65,9021733951
985,Annabelle,Darbey,adarbeyrc@last.fm,Male,499924.25,8/31/2020,449.11,3160.6,6004376558
986,Dexter,Wippermann,dwippermannrd@163.com,Male,91970.34,11/17/2020,392.3,14220.71,5406534572
987,Zenia,Symper,zsymperre@seattletimes.com,Polygender,45799.19,12/20/2020,419.84,35390.92,5860346239
988,Gerry,Eltringham,geltringhamrf@51.la,Agender,380151.57,11/12/2020,7.31,5154.38,3316723196
989,Trent,Nappin,tnappinrg@rakuten.co.jp,Agender,136083.51,6/17/2020,184.87,9365.8,1738989658
990,Owen,Zorn,ozornrh@linkedin.com,Bigender,42469.21,3/12/2020,132.57,20637.95,6989770554
991,Dorothea,Vido,dvidori@nature.com,Female,176396.19,9/3/2020,497.47,41367.55,8521586345
992,Zarla,Wais,zwaisrj@elegantthemes.com,Genderqueer,366707.75,5/13/2020,114.33,2849.32,9801804149
993,Dorian,Arkley,darkleyrk@360.cn,Agender,36189.8,3/2/2020,20.76,15499.99,6020073483
994,Weider,Durrance,wdurrancerl@cpanel.net,Bigender,370794.62,11/13/2020,273.81,40069.35,6182226552
995,Orland,Hails,ohailsrm@google.co.jp,Agender,81439.14,2/8/2021,72.61,1132.55,7021119372
996,Arlana,Chess,achessrn@pinterest.com,Genderqueer,58282.78,4/3/2020,25.5,3404.06,9954912568
997,Barrie,Reese,breesero@adobe.com,Male,87904.12,11/26/2020,326.34,46692.36,4996785500
998,Rea,Braga,rbragarp@godaddy.com,Female,285844.49,5/16/2020,392.67,19772.16,9794330167
999,Monte,McRannell,mmcrannellrq@live.com,Agender,281964.35,11/27/2020,62.4,9476.07,8826028095
1000,Ailsun,Godsil,agodsilrr@indiegogo.com,Non-binary,394590.05,9/1/2020,360.34,48119.0,3696161659
