id_dipendente,first_name,last_name,email,gender,salario,data assunzione,id_autonoleggio,id_manager,numero_di_telefono
1,Towny,Shipsey,tshipsey0@github.io,Bigender,285322.13,3/30/2020,74.71,46929.73,2800294655
2,Ethel,Birtwhistle,ebirtwhistle1@lulu.com,Female,265938.67,12/7/2020,26.41,25903.59,8991955843
3,Leigh,Dewey,ldewey2@studiopress.com,Non-binary,142470.62,11/8/2020,313.49,23355.15,7037172782
4,Merrill,Bourne,mbourne3@istockphoto.com,Genderqueer,331178.99,5/9/2020,20.24,19185.07,1216933529
5,Hope,Ansell,hansell4@xrea.com,Agender,77195.18,3/24/2020,245.65,32081.66,2818905893
6,Curcio,Verni,cverni5@1688.com,Polygender,194769.78,6/17/2020,163.9,24510.37,5654516698
7,Leonanie,Roft,lroft6@soup.io,Genderqueer,352850.04,7/31/2020,482.76,25154.89,1780499442
8,Ulrika,Cavolini,ucavolini7@gmpg.org,Non-binary,389372.78,8/5/2020,174.77,10754.34,0142744999
9,Rudie,Dabes,rdabes8@moonfruit.com,Male,449314.98,5/10/2020,494.68,22819.84,6470276075
10,Slade,Stoute,sstoute9@hao123.com,Agender,43179.48,4/14/2020,145.15,3227.72,3730934775
11,Juliana,Becraft,jbecrafta@foxnews.com,Non-binary,455168.61,11/8/2020,257.83,47191.11,5786256812
12,Angeline,Gwyther,agwytherb@technorati.com,Non-binary,265562.74,4/17/2020,312.44,25545.25,0790794179
13,Ilario,Sawart,isawartc@dion.ne.jp,Genderqueer,122042.18,3/8/2020,283.9,18806.66,8453435731
14,Gustav,Chatres,gchatresd@tamu.edu,Female,258430.16,3/25/2020,383.58,24914.03,7724754659
15,Riobard,Clever,rclevere@biglobe.ne.jp,Bigender,441828.32,1/15/2021,114.96,25904.7,3736351895
16,Kimberlyn,Castelow,kcastelowf@w3.org,Bigender,259347.99,6/19/2020,238.02,17604.33,9280696181
17,Flori,Benner,fbennerg@apache.org,Male,247128.2,11/4/2020,389.73,23888.0,5845096758
18,Reinwald,Kruszelnicki,rkruszelnickih@is.gd,Bigender,6669.39,9/9/2020,363.69,19338.77,2231380269
19,Hart,Tribe,htribei@scientificamerican.com,Non-binary,436347.56,1/2/2021,205.51,44215.03,2498001239
20,Alberta,Balducci,abalduccij@springer.com,Bigender,382511.76,2/2/2021,12.87,30990.81,3463205734
21,Clyve,Bleazard,cbleazardk@wisc.edu,Bigender,423664.27,8/25/2020,301.23,34067.44,9960360628
22,Ferdy,Loxly,floxlyl@soup.io,Agender,244404.09,4/2/2020,100.12,19776.91,7550936897
23,Vaughn,Haxley,vhaxleym@mlb.com,Genderqueer,359310.97,4/18/2020,37.49,24299.77,0603327338
24,Tabbatha,Stiegar,tstiegarn@hatena.ne.jp,Genderfluid,129962.78,12/25/2020,313.59,6097.79,6839442039
25,Agathe,Ealam,aealamo@amazon.de,Non-binary,204585.4,6/4/2020,208.07,20330.46,0023732628
26,Mignonne,Carbett,mcarbettp@amazon.de,Genderfluid,484361.66,7/9/2020,283.22,41652.97,2118259069
27,Reeva,Eykelbosch,reykelboschq@china.com.cn,Polygender,248983.71,8/29/2020,351.01,12121.98,3230436148
28,Iorgo,Tankard,itankardr@economist.com,Genderfluid,141296.46,6/15/2020,342.43,8156.58,2780847115
29,Mauricio,Lovemore,mlovemores@mit.edu,Male,245043.46,12/16/2020,153.67,14339.36,7731220303
30,Barton,Kovelmann,bkovelmannt@miitbeian.gov.cn,Agender,457228.29,3/12/2020,47.23,21308.65,2059750466
31,Daren,Biggerdike,dbiggerdikeu@indiegogo.com,Non-binary,186087.62,12/1/2020,291.84,9315.59,4907677979
32,Hughie,Derycot,hderycotv@ycombinator.com,Genderqueer,480090.7,4/20/2020,328.42,35422.49,3325844510
33,Shela,Crier,scrierw@cam.ac.uk,Agender,134327.37,1/23/2021,186.33,45236.04,1055430210
34,Drusi,Caudelier,dcaudelierx@bing.com,Agender,34557.27,6/17/2020,377.64,44574.88,6710451984
35,Lane,Pady,lpadyy@ihg.com,Female,152657.67,8/28/2020,339.5,31132.8,9239148124
36,Janeen,Bazelle,jbazellez@merriam-webster.com,Genderqueer,496896.64,3/5/2020,152.55,39139.74,5321130876
37,Harriet,Muldownie,hmuldownie10@oracle.com,Non-binary,386224.58,11/23/2020,403.61,45318.83,1403444927
38,Ximenez,Guiden,xguiden11@columbia.edu,Polygender,62774.49,2/1/2021,425.09,42858.09,0736159258
39,Stanford,Alster,salster12@freewebs.com,Agender,306413.35,3/4/2020,445.11,17390.68,7704067613
40,Kirstyn,Fuller,kfuller13@eventbrite.com,Non-binary,396646.96,2/2/2021,373.77,41347.03,7372422353
41,Sayre,Vaskov,svaskov14@cbc.ca,Genderqueer,429285.61,10/8/2020,155.25,17446.57,8412748948
42,Elsy,Lathe,elathe15@facebook.com,Agender,405371.03,11/21/2020,280.53,21903.04,8020467548
43,Skyler,Wickins,swickins16@admin.ch,Non-binary,276686.84,4/3/2020,144.38,7607.49,4155658313
44,Salomone,Corre,scorre17@msu.edu,Bigender,224280.66,6/16/2020,239.18,1555.62,4950772155
45,Willdon,Iacapucci,wiacapucci18@bbb.org,Genderfluid,135424.96,5/9/2020,278.45,13149.04,7139414696
46,Madeleine,Steinson,msteinson19@businesswire.com,Male,187305.5,2/16/2020,352.08,9479.26,9119702000
47,Eimile,Josowitz,ejosowitz1a@ucoz.com,Female,157640.27,8/21/2020,145.06,31832.29,0479427437
48,Raynor,Gibbings,rgibbings1b@cargocollective.com,Bigender,440946.0,3/5/2020,161.44,36778.27,2014914796
49,Kassandra,Deveraux,kdeveraux1c@tinypic.com,Non-binary,465423.28,12/23/2020,419.37,5700.39,5327549038
50,Martin,Insole,minsole1d@live.com,Male,191349.44,1/19/2021,71.0,12169.17,2252270462
51,Sterling,Duffett,sduffett1e@tiny.cc,Male,306519.8,3/22/2020,310.52,40212.59,7601152146
52,Conroy,Culshaw,cculshaw1f@miibeian.gov.cn,Non-binary,426831.13,11/25/2020,475.48,21974.65,2966649607
53,Betteanne,Whitwood,bwhitwood1g@tamu.edu,Male,153645.02,3/12/2020,154.46,10230.87,1192372891
54,Cassy,Sabban,csabban1h@tamu.edu,Bigender,124340.64,1/6/2021,2.81,43843.35,3053062909
55,Halsy,Elderbrant,helderbrant1i@redcross.org,Genderfluid,373879.67,8/13/2020,266.05,31916.66,9741510721
56,Bengt,Mounce,bmounce1j@census.gov,Female,337487.93,5/18/2020,287.92,30998.28,4835957032
57,Lyndell,Blodg,lblodg1k@webnode.com,Male,116008.97,5/26/2020,244.53,30679.75,4600446062
58,Franky,Baudon,fbaudon1l@engadget.com,Non-binary,122545.21,5/6/2020,267.74,30275.88,7986076151
59,Angelico,Torrent,atorrent1m@bizjournals.com,Genderqueer,495185.85,3/9/2020,482.34,48620.42,7317677337
60,Hannah,Saphin,hsaphin1n@xinhuanet.com,Male,23752.13,8/24/2020,374.38,2581.26,1459846990
61,Angelico,Bilovus,abilovus1o@psu.edu,Polygender,361591.56,2/26/2020,177.26,4876.34,2371257966
62,Winifield,Collete,wcollete1p@pcworld.com,Non-binary,385062.32,1/24/2021,111.32,14658.37,7382552306
63,Katleen,Scola,kscola1q@tripadvisor.com,Male,71653.06,3/28/2020,95.78,12031.41,8241360339
64,Koenraad,Peter,kpeter1r@earthlink.net,Female,172265.19,3/28/2020,161.42,11179.95,3411411775
65,Jobey,Vossgen,jvossgen1s@mapy.cz,Male,341132.04,9/18/2020,262.31,49846.24,6855925669
66,Tawsha,Alessandone,talessandone1t@amazon.co.uk,Female,31433.01,3/13/2020,324.43,33085.27,5374770969
67,Fanya,Barbisch,fbarbisch1u@paginegialle.it,Polygender,449962.73,7/23/2020,480.35,34390.56,2656266297
68,Addy,Sworne,asworne1v@people.com.cn,Genderqueer,164207.32,8/9/2020,372.78,13455.24,3011788669
69,Sigfried,Warby,swarby1w@usda.gov,Bigender,131749.5,4/19/2020,71.88,36066.67,5937133803
70,Carol-jean,Aaron,caaron1x@amazon.co.jp,Agender,68457.99,8/2/2020,190.16,30615.74,6024557833
71,Harland,Bergen,hbergen1y@cnbc.com,Male,340571.88,2/2/2021,303.75,38330.26,1434209563
72,Jobyna,Baillie,jbaillie1z@comsenz.com,Female,467079.94,10/19/2020,24.85,10895.23,0506401367
73,Peggy,Baswall,pbaswall20@163.com,Genderfluid,454052.77,1/6/2021,214.37,4243.92,9434319978
74,Kordula,McGivena,kmcgivena21@ow.ly,Male,313608.77,8/18/2020,157.81,43861.73,6658479712
75,Marius,Nourse,mnourse22@etsy.com,Bigender,384195.91,2/6/2021,36.27,23338.74,4536886990
76,Riordan,Tieman,rtieman23@google.pl,Genderfluid,103984.65,12/21/2020,209.57,41799.4,3989825615
77,Brett,Carwithim,bcarwithim24@wikia.com,Bigender,336672.49,11/22/2020,2.34,42402.43,5129594835
78,Dasi,Biagioni,dbiagioni25@wp.com,Male,474386.51,7/11/2020,307.05,24079.58,7080702917
79,Dannye,Rigardeau,drigardeau26@blog.com,Male,119290.49,1/4/2021,212.29,8980.58,5881580656
80,Turner,Salvin,tsalvin27@addthis.com,Agender,127055.6,12/25/2020,376.86,28796.74,2387090179
81,Aeriela,Dronsfield,adronsfield28@w3.org,Genderqueer,237954.55,5/8/2020,296.09,15663.82,1130662632
82,Felicle,Duignan,fduignan29@ed.gov,Female,254405.93,7/17/2020,404.29,39932.8,4346794831
83,Burnard,Levay,blevay2a@jiathis.com,Male,310614.34,6/7/2020,126.88,23673.51,1809393949
84,Gabriell,Prozillo,gprozillo2b@unc.edu,Genderfluid,261395.34,9/12/2020,51.12,26965.86,0739279289
85,Etta,Goldis,egoldis2c@sun.com,Female,393935.43,3/1/2020,189.31,36247.47,7242685184
86,Clevie,Reed,creed2d@friendfeed.com,Female,231592.94,3/8/2020,70.07,2323.8,4977074394
87,Gasparo,Dixcey,gdixcey2e@google.de,Genderfluid,443024.09,2/1/2021,388.06,48997.85,2607222915
88,Heinrik,Cardwell,hcardwell2f@ow.ly,Non-binary,67762.51,1/17/2021,465.31,24944.32,3336009375
89,Basilius,Vedyasov,bvedyasov2g@gnu.org,Bigender,353560.32,7/4/2020,289.46,22317.23,3294615299
90,Raddy,Goodered,rgoodered2h@deliciousdays.com,Agender,438976.18,8/29/2020,499.94,30530.26,6192472165
91,Gilbert,Newson,gnewson2i@nsw.gov.au,Polygender,209692.59,11/4/2020,74.46,36807.94,5805770113
92,Nada,Roche,nroche2j@mit.edu,Bigender,98723.35,6/11/2020,396.79,12888.85,3670366814
93,Issy,Espinosa,iespinosa2k@reverbnation.com,Bigender,8219.44,8/19/2020,239.15,44184.64,9077344144
94,Clementius,Hearons,chearons2l@google.pl,Genderfluid,341096.77,11/26/2020,165.45,4763.69,4023196401
95,Kandy,Banford,kbanford2m@lulu.com,Female,15893.51,6/30/2020,464.02,41742.81,7347241510
96,Lawrence,Goldsack,lgoldsack2n@sun.com,Polygender,142923.87,10/12/2020,429.93,8072.96,4218372489
97,Lissie,Le Leu,lleleu2o@acquirethisname.com,Genderqueer,390249.92,8/29/2020,365.47,14504.94,5543098251
98,Kayley,Simpkiss,ksimpkiss2p@etsy.com,Bigender,326455.02,9/20/2020,385.39,14562.15,1581197918
99,Kalvin,Waller-Bridge,kwallerbridge2q@booking.com,Female,148168.56,9/14/2020,215.67,692.51,1911817442
100,Merrilee,Narracott,mnarracott2r@ask.com,Female,22865.68,1/30/2021,329.65,42006.5,9100653896
101,Orella,Bremond,obremond2s@census.gov,Genderqueer,492050.2,3/24/2020,482.56,29070.97,8606485357
102,Lara,Lawther,llawther2t@yahoo.com,Male,318595.74,2/27/2020,79.71,12553.68,7338937826
103,Jeddy,Lamberton,jlamberton2u@intel.com,Non-binary,268349.57,5/21/2020,426.46,7873.07,5284381173
104,Jourdan,Laweles,jlaweles2v@i2i.jp,Genderqueer,6922.07,2/19/2020,185.0,23452.56,8065561179
105,Peggi,Hallt,phallt2w@theglobeandmail.com,Bigender,80051.42,10/14/2020,357.34,4029.96,2338707672
106,Charlotte,Tooker,ctooker2x@apache.org,Female,436190.33,10/25/2020,120.29,44664.67,6375945569
107,Jerri,Brightwell,jbrightwell2y@timesonline.co.uk,Agender,244248.74,8/2/2020,214.09,37671.44,1285985877
108,Ashly,Perillio,aperillio2z@friendfeed.com,Non-binary,333740.4,1/4/2021,461.76,20460.95,3074583436
109,Dewitt,Ruoss,druoss30@paypal.com,Genderfluid,273556.03,6/1/2020,363.41,45203.21,6724222729
110,Vally,Cabral,vcabral31@theguardian.com,Polygender,432805.07,2/26/2020,440.81,31731.99,3148999908
111,Jen,McCrow,jmccrow32@bbc.co.uk,Agender,69237.97,4/25/2020,190.1,201.6,3114834329
112,Allyn,Marti,amarti33@eventbrite.com,Agender,392330.07,3/29/2020,499.83,11658.97,6930786799
113,Mignonne,Meneer,mmeneer34@ed.gov,Genderfluid,379014.9,4/12/2020,190.48,21924.68,3900604053
114,Berte,MacLaughlin,bmaclaughlin35@chicagotribune.com,Bigender,67799.87,2/11/2020,283.34,28601.32,4049085836
115,Olivier,Butterick,obutterick36@nih.gov,Female,414143.82,3/5/2020,281.25,35641.7,0915250357
116,Zilvia,Blandamere,zblandamere37@dmoz.org,Female,97830.02,9/24/2020,164.31,22983.5,7296162368
117,Bobbette,Kobierzycki,bkobierzycki38@vkontakte.ru,Male,274692.94,3/28/2020,423.55,27482.61,9802160911
118,Reinald,Muller,rmuller39@printfriendly.com,Non-binary,341810.89,4/24/2020,43.09,5823.69,2937668992
119,Zebedee,Gittis,zgittis3a@bizjournals.com,Genderfluid,346248.09,5/16/2020,324.67,42748.29,5377621042
120,Dallon,Pharaoh,dpharaoh3b@comsenz.com,Agender,61955.25,5/30/2020,109.81,5882.22,9001035868
121,Rich,Harman,rharman3c@domainmarket.com,Female,314220.41,3/21/2020,121.31,47773.45,9283977610
122,Nev,Pregal,npregal3d@usatoday.com,Genderqueer,252287.79,9/20/2020,94.74,48052.56,8632907492
123,Madelina,Josland,mjosland3e@123-reg.co.uk,Female,419357.7,4/23/2020,489.57,7453.15,3011339147
124,Addison,Vassel,avassel3f@twitpic.com,Genderfluid,315319.25,6/10/2020,497.48,11071.19,5490957867
125,Ronni,Riveles,rriveles3g@domainmarket.com,Female,178738.02,9/27/2020,245.84,31883.3,8295256750
126,Griffin,Waiting,gwaiting3h@cargocollective.com,Genderfluid,265784.3,3/2/2020,324.76,21524.68,8618765430
127,Klemens,Damrell,kdamrell3i@etsy.com,Bigender,458430.26,5/28/2020,60.82,33116.49,2090543876
128,Meryl,Frood,mfrood3j@constantcontact.com,Bigender,432957.76,11/5/2020,68.18,37767.66,1985656779
129,Rosana,Ivanyushin,rivanyushin3k@xinhuanet.com,Male,13178.65,3/12/2020,491.24,2108.1,2980062189
130,Rochelle,Taylor,rtaylor3l@newsvine.com,Non-binary,237574.93,8/25/2020,248.73,22807.72,9801594683
131,Hunter,Kenny,hkenny3m@businessweek.com,Agender,217740.82,2/25/2020,440.8,10230.34,6807323085
132,Alberta,Persich,apersich3n@qq.com,Polygender,232202.99,11/18/2020,17.32,1512.97,1124852735
133,Bella,Boatman,bboatman3o@yelp.com,Genderqueer,439020.25,11/9/2020,471.39,24002.27,2882461704
134,Winn,Rillstone,wrillstone3p@hud.gov,Female,147928.27,8/30/2020,81.48,43674.63,5498836058
135,Celia,Allsop,callsop3q@facebook.com,Bigender,20695.04,6/18/2020,486.21,35797.76,6771510042
136,Valida,Noddle,vnoddle3r@sciencedirect.com,Male,365262.65,10/13/2020,161.54,11227.79,9273831931
137,Ellette,MacPhee,emacphee3s@php.net,Genderfluid,171615.64,7/14/2020,138.54,2204.13,0888795637
138,Whitman,Timmermann,wtimmermann3t@tinyurl.com,Bigender,437782.89,2/27/2020,405.09,40684.1,3398317235
139,Felisha,Letten,fletten3u@yale.edu,Polygender,360450.09,5/3/2020,213.67,17302.59,7706401782
140,Clair,Khomin,ckhomin3v@ucsd.edu,Agender,51160.86,5/26/2020,2.03,14132.31,8262362314
141,Carny,Noades,cnoades3w@craigslist.org,Polygender,283019.57,10/22/2020,197.89,23209.84,5786904393
142,Chrystal,Leile,cleile3x@statcounter.com,Female,268969.48,6/13/2020,354.11,21619.39,4574021519
143,Luke,Skillington,lskillington3y@gmpg.org,Polygender,291575.11,1/25/2021,211.1,20740.39,2807054293
144,Davin,Valde,dvalde3z@bandcamp.com,Bigender,298376.33,3/8/2020,321.11,44439.76,7009421331
145,Guillema,Aleksandrov,galeksandrov40@jimdo.com,Agender,297082.12,10/17/2020,330.98,13263.34,1271256665
146,Harmony,Blood,hblood41@icq.com,Genderfluid,119459.47,5/14/2020,217.27,10627.36,4669782967
147,Mela,Toopin,mtoopin42@histats.com,Bigender,499735.5,10/4/2020,460.5,19356.38,3215594420
148,Angie,Hebble,ahebble43@sfgate.com,Polygender,278951.6,2/3/2021,447.41,40672.54,0509328660
149,Mirabella,Dinnis,mdinnis44@sphinn.com,Genderfluid,355461.19,7/5/2020,136.4,25428.25,3787571590
150,Jamill,Bouchier,jbouchier45@house.gov,Agender,302141.2,3/26/2020,417.49,27865.78,0990887693
151,Orsa,Ezzell,oezzell46@wufoo.com,Polygender,54547.85,11/16/2020,64.36,11673.23,4877168044
152,Rois,Largent,rlargent47@discovery.com,Non-binary,268658.2,2/24/2020,390.86,8427.45,8894284565
153,Aube,Ettridge,aettridge48@miibeian.gov.cn,Genderqueer,379868.86,4/2/2020,371.27,45621.0,2897138556
154,Dina,Corneck,dcorneck49@xrea.com,Female,241060.13,3/4/2020,452.6,42589.92,7664722411
155,Travis,Spreag,tspreag4a@google.es,Genderfluid,454384.22,10/20/2020,460.14,43409.84,1213104653
156,Christian,Geator,cgeator4b@buzzfeed.com,Agender,306406.42,5/22/2020,28.75,1874.94,7794128862
157,Emmy,Blanko,eblanko4c@blog.com,Genderqueer,338637.98,8/23/2020,495.88,41254.15,8238490774
158,Mallorie,Huard,mhuard4d@mtv.com,Female,33521.69,1/27/2021,446.45,15051.56,0102822115
159,Thaxter,Spawton,tspawton4e@sina.com.cn,Polygender,264598.85,5/8/2020,143.49,11399.89,7701015620
160,Sylas,Caven,scaven4f@freewebs.com,Genderqueer,30553.79,10/14/2020,272.95,32659.17,0107425726
161,Lyn,Butler,lbutler4g@friendfeed.com,Female,142753.27,7/14/2020,177.89,35066.49,0924693495
162,Estrellita,Schutze,eschutze4h@blogspot.com,Bigender,325861.88,11/5/2020,167.39,32179.38,2544380322
163,Ravid,Nassau,rnassau4i@ezinearticles.com,Non-binary,15019.65,7/7/2020,441.06,45217.26,8684545974
164,Broddy,Summerbell,bsummerbell4j@sogou.com,Agender,172955.82,6/28/2020,216.2,22379.03,6631532345
165,Dukie,Orrah,dorrah4k@unc.edu,Genderfluid,174768.83,10/20/2020,304.74,23544.43,9430095242
166,Malinda,McNabb,mmcnabb4l@hud.gov,Non-binary,283189.97,3/14/2020,141.19,33056.62,5126541137
167,Agathe,Harper,aharper4m@unblog.fr,Non-binary,174235.13,6/1/2020,245.6,41277.64,4502953105
168,Tonia,Haglinton,thaglinton4n@oracle.com,Agender,299852.71,11/16/2020,225.25,10339.27,5607963071
169,Analiese,Callar,acallar4o@blogtalkradio.com,Agender,165518.1,8/7/2020,291.35,45637.34,1124871365
170,Zebadiah,Sollitt,zsollitt4p@feedburner.com,Polygender,479970.22,3/31/2020,316.82,40711.71,8548265752
171,Trip,Zucker,tzucker4q@apache.org,Genderfluid,358339.17,10/8/2020,257.47,13488.86,7338910685
172,Kerwinn,Hateley,khateley4r@washington.edu,Female,116873.98,11/7/2020,100.7,39656.95,2517594503
173,Hammad,Hoggetts,hhoggetts4s@hao123.com,Non-binary,340613.29,3/8/2020,483.81,36219.17,9261207804
174,Rickie,Toop,rtoop4t@indiegogo.com,Genderfluid,457259.5,10/29/2020,249.64,9347.54,1757899146
175,Leonie,Blythin,lblythin4u@linkedin.com,Male,74981.92,5/29/2020,151.91,24165.22,3135613534
176,Elfie,Ludwikiewicz,eludwikiewicz4v@stanford.edu,Polygender,143910.0,12/11/2020,188.63,40317.25,9525860035
177,Delia,Davidowich,ddavidowich4w@weebly.com,Polygender,182739.73,6/7/2020,480.84,38041.78,6258496296
178,Alva,Breukelman,abreukelman4x@patch.com,Genderqueer,48444.01,12/17/2020,152.63,9871.14,8716285093
179,Howey,Kehri,hkehri4y@google.com.au,Polygender,448526.88,2/8/2021,216.16,38389.94,2508824712
180,Sidnee,Reah,sreah4z@oracle.com,Male,21087.22,1/5/2021,4.67,44419.48,0110368754
181,Sybyl,Lancashire,slancashire50@e-recht24.de,Male,286171.97,5/21/2020,299.04,42566.62,9200442153
182,Bili,Switland,bswitland51@opensource.org,Genderqueer,264243.04,7/7/2020,251.18,23529.9,4544284120
183,Dahlia,Pougher,dpougher52@liveinternet.ru,Polygender,354478.66,1/13/2021,251.59,9079.85,8619524321
184,Louisette,Penwright,lpenwright53@sourceforge.net,Genderfluid,359531.31,8/15/2020,96.57,44153.16,6744634348
185,Jamal,Shadfourth,jshadfourth54@altervista.org,Male,57260.44,7/8/2020,210.54,2881.47,0022161821
186,Zed,Yakunin,zyakunin55@pen.io,Male,293572.0,3/31/2020,303.61,42218.52,2730618163
187,Nina,Prescot,nprescot56@freewebs.com,Non-binary,412988.81,1/5/2021,236.22,37790.36,0075376172
188,Elianore,McHenry,emchenry57@ucoz.com,Bigender,104396.78,8/18/2020,454.14,28443.24,4081763186
189,Wyn,Cazalet,wcazalet58@walmart.com,Female,426662.89,5/17/2020,30.34,33782.15,5363061880
190,Kendra,Henrichs,khenrichs59@telegraph.co.uk,Male,22660.83,12/25/2020,486.91,44295.66,4681617423
191,Dallis,Volett,dvolett5a@amazon.de,Agender,57418.59,2/27/2020,66.0,41059.91,1092567437
192,Verina,Rist,vrist5b@utexas.edu,Female,239221.47,9/30/2020,289.82,9317.58,9726493633
193,Nikaniki,Stolting,nstolting5c@stanford.edu,Polygender,43432.94,9/21/2020,200.77,42410.12,7517806076
194,Shir,Peris,speris5d@earthlink.net,Female,393777.02,3/31/2020,143.85,1477.78,4839330476
195,Creight,Sammars,csammars5e@goodreads.com,Agender,340068.86,8/15/2020,26.66,12898.14,0248444646
196,Amelie,Breede,abreede5f@patch.com,Genderqueer,123095.03,7/16/2020,253.13,45090.37,4003982290
197,Natalya,Hadley,nhadley5g@godaddy.com,Bigender,181101.0,6/24/2020,420.37,30481.63,3333377330
198,Adela,Dulany,adulany5h@newsvine.com,Genderfluid,116951.55,9/25/2020,24.98,25791.81,3925579699
199,Berti,Tonry,btonry5i@nyu.edu,Genderfluid,98322.5,1/3/2021,422.62,4136.09,0844140961
200,Gennie,Kirlin,gkirlin5j@google.co.jp,Genderfluid,202508.31,5/18/2020,256.26,5481.52,1864316934
201,Becca,Aronovich,baronovich5k@senate.gov,Female,484241.36,3/5/2020,350.19,31225.88,9400478496
202,Jewell,Liddy,jliddy5l@linkedin.com,Polygender,250901.97,12/15/2020,17.51,17335.7,1054255792
203,Alecia,Canero,acanero5m@fc2.com,Female,176438.41,11/23/2020,194.73,49768.61,2886745332
204,Philly,Stickells,pstickells5n@mysql.com,Polygender,414995.52,10/6/2020,439.36,9264.82,8026302737
205,Cinnamon,Biernacki,cbiernacki5o@rediff.com,Polygender,286008.91,6/29/2020,160.2,47941.09,4783645213
206,Brena,Archell,barchell5p@tiny.cc,Male,193108.11,3/3/2020,5.3,41444.08,4877840869
207,Dermot,Beardsall,dbeardsall5q@senate.gov,Non-binary,468762.2,10/3/2020,395.94,15004.03,9073296161
208,Carolyn,Paige,cpaige5r@dedecms.com,Genderfluid,381503.54,8/22/2020,418.04,30687.91,4202319834
209,Jammie,Oades,joades5s@mac.com,Non-binary,168640.47,3/22/2020,462.95,43230.59,6929241989
210,Alfred,Tiesman,atiesman5t@prlog.org,Bigender,306644.2,6/19/2020,459.51,25588.11,3954635259
211,Kaile,D'Agostini,kdagostini5u@pinterest.com,Genderfluid,252202.19,12/31/2020,484.72,24759.77,1308361521
212,Gilburt,Braxton,gbraxton5v@businessinsider.com,Female,276929.26,5/20/2020,345.58,46369.39,5775176596
213,Jack,MacTrustam,jmactrustam5w@sohu.com,Non-binary,28419.16,2/19/2020,284.81,9859.34,5652615486
214,Cherilynn,Byne,cbyne5x@typepad.com,Agender,28601.22,9/13/2020,85.74,12234.3,9206608339
215,Brody,Guillford,bguillford5y@thetimes.co.uk,Genderqueer,326271.27,2/14/2020,102.78,25599.14,4689472815
216,Alejandrina,Spores,aspores5z@hp.com,Bigender,129639.64,8/16/2020,141.19,28609.94,0018936857
217,Bary,Mogridge,bmogridge60@simplemachines.org,Agender,381182.63,11/17/2020,55.34,12127.79,1471945472
218,Lizabeth,Goodings,lgoodings61@alibaba.com,Non-binary,69620.33,1/25/2021,116.18,26782.49,7247119934
219,Myrtie,Zeal,mzeal62@irs.gov,Polygender,477135.38,5/27/2020,387.35,30402.07,0938238442
220,Ainslie,Dominiak,adominiak63@trellian.com,Female,446269.52,4/14/2020,315.98,11971.13,7927361635
221,Fredek,Cubbino,fcubbino64@purevolume.com,Non-binary,123636.91,1/21/2021,125.45,42037.91,0759962820
222,Maynord,Janda,mjanda65@weather.com,Female,168245.7,6/19/2020,351.63,26219.82,5536305603
223,Helena,Lackmann,hlackmann66@phoca.cz,Non-binary,449810.85,6/25/2020,157.29,25249.49,9284651018
224,Gelya,de Vaen,gdevaen67@geocities.jp,Female,482175.43,2/22/2020,102.67,16489.86,9343416024
225,Hyacinthe,Salmons,hsalmons68@freewebs.com,Agender,58183.24,3/29/2020,266.99,27867.59,2773035143
226,Axel,Baumann,abaumann69@jugem.jp,Bigender,256498.43,3/3/2020,395.71,9485.4,2951899084
227,Alia,Maclean,amaclean6a@bing.com,Genderqueer,474525.85,8/31/2020,212.2,48644.76,1712312626
228,Eadmund,Guerrieri,eguerrieri6b@wired.com,Non-binary,32131.37,12/29/2020,60.94,5193.5,8337656824
229,Ruthy,Lenihan,rlenihan6c@arstechnica.com,Male,241410.46,10/9/2020,110.09,43191.73,4952363864
230,Gleda,McLemon,gmclemon6d@who.int,Female,363060.54,7/4/2020,389.01,39535.54,7397455042
231,Rik,Teggart,rteggart6e@cnet.com,Female,341866.86,12/10/2020,302.58,23496.58,6390245483
232,Nancee,Garlee,ngarlee6f@gizmodo.com,Genderqueer,36444.63,10/20/2020,336.44,19284.83,8059011308
233,Charmaine,Peters,cpeters6g@sitemeter.com,Agender,24250.56,6/3/2020,119.95,24251.56,3960550618
234,Catrina,Louiset,clouiset6h@amazon.co.uk,Polygender,32592.32,12/14/2020,431.3,3803.29,2212099975
235,Davis,Tweedle,dtweedle6i@a8.net,Female,409527.46,9/26/2020,336.94,43637.81,8042076568
236,Dominick,Giraudou,dgiraudou6j@about.com,Genderfluid,6042.13,11/2/2020,370.02,39661.27,7987790419
237,Umberto,Senton,usenton6k@unicef.org,Agender,222775.58,12/9/2020,326.43,25934.55,7263675579
238,My,Upcraft,mupcraft6l@artisteer.com,Genderqueer,138906.07,11/3/2020,409.45,12250.08,1647534232
239,Shir,Whall,swhall6m@house.gov,Female,234788.36,1/9/2021,306.23,16496.41,4822668134
240,Nonie,Richard,nrichard6n@quantcast.com,Bigender,57740.22,2/22/2020,408.07,5985.56,6232113241
241,Brenn,Djurevic,bdjurevic6o@apache.org,Male,459907.49,7/30/2020,133.48,26231.01,5412770835
242,Demetris,Isaksen,disaksen6p@tinypic.com,Female,42555.68,11/9/2020,478.5,30540.82,3418101739
243,Toma,Ockenden,tockenden6q@etsy.com,Polygender,400745.1,1/9/2021,200.75,7422.07,7022655294
244,Selestina,Lennox,slennox6r@irs.gov,Genderfluid,245282.77,4/30/2020,280.17,25462.47,4361005486
245,Pedro,Sutheran,psutheran6s@dailymotion.com,Bigender,181947.47,4/18/2020,31.93,6234.61,6578587713
246,Dela,Sisneros,dsisneros6t@behance.net,Non-binary,347404.56,9/22/2020,69.16,48697.96,3060233640
247,Marice,Seivwright,mseivwright6u@yellowbook.com,Genderfluid,318275.0,1/17/2021,491.11,36813.4,4011445193
248,Garvy,Derycot,gderycot6v@upenn.edu,Genderfluid,458041.44,12/11/2020,447.52,37725.52,6264466824
249,Kenneth,Fluger,kfluger6w@examiner.com,Agender,186671.41,6/25/2020,17.65,29675.96,0207968225
250,Kearney,Millbank,kmillbank6x@washington.edu,Genderfluid,251545.36,4/30/2020,462.82,11930.71,2696175756
251,Patrizia,Cribbin,pcribbin6y@xing.com,Bigender,468202.29,12/27/2020,132.49,22903.19,9361304852
252,Roland,Vickerstaff,rvickerstaff6z@hatena.ne.jp,Female,17523.88,6/27/2020,252.81,9508.02,7835857162
253,Bank,Castagnaro,bcastagnaro70@nih.gov,Bigender,283032.06,4/9/2020,105.89,9192.64,9088127565
254,Jessee,Melbourn,jmelbourn71@stanford.edu,Female,374126.0,6/4/2020,62.2,43584.54,7489153557
255,Kerby,Curton,kcurton72@squarespace.com,Female,452952.8,9/24/2020,305.35,44489.45,5904581335
256,Sharla,Halligan,shalligan73@about.com,Genderfluid,232912.17,8/30/2020,113.99,16644.24,7076966514
257,Arlana,Guitel,aguitel74@businessweek.com,Genderqueer,82250.43,3/2/2020,489.66,4558.65,2750994322
258,Gabie,Jeannaud,gjeannaud75@google.com.au,Bigender,213810.8,2/3/2021,261.56,26213.12,9281275899
259,Sharity,Ottewill,sottewill76@addthis.com,Genderfluid,270906.7,11/21/2020,238.51,41236.87,2500342611
260,Justino,Le Breton,jlebreton77@miibeian.gov.cn,Genderqueer,459919.7,10/6/2020,469.61,37498.76,9306931336
261,Susi,Sailer,ssailer78@reference.com,Polygender,490232.22,3/23/2020,87.04,7869.11,0601471210
262,Osbourn,Simonazzi,osimonazzi79@foxnews.com,Agender,409071.14,4/2/2020,33.66,33776.16,8680619132
263,Jareb,Wavell,jwavell7a@cocolog-nifty.com,Male,130101.73,10/15/2020,396.52,4058.47,1542360641
264,Worden,Struthers,wstruthers7b@altervista.org,Non-binary,225628.0,1/26/2021,42.81,42398.93,7949742488
265,Marjy,Schleicher,mschleicher7c@wired.com,Genderfluid,138189.44,10/9/2020,185.65,35402.52,2453722212
266,Phelia,Scuffham,pscuffham7d@usgs.gov,Male,489137.1,9/17/2020,294.37,14025.11,5163671243
267,Wilbert,Maren,wmaren7e@godaddy.com,Agender,446751.57,3/22/2020,466.11,27840.02,2731448156
268,Rickey,Gerding,rgerding7f@ow.ly,Female,300154.14,7/21/2020,75.59,17336.74,2834847738
269,Ansell,Beasley,abeasley7g@discovery.com,Female,226438.12,4/22/2020,193.94,8451.3,2897362707
270,Cullan,Hallard,challard7h@cocolog-nifty.com,Polygender,340691.21,12/11/2020,216.18,24463.59,3059856095
271,Mirelle,Dillet,mdillet7i@edublogs.org,Male,289899.44,8/23/2020,489.66,29692.97,7963849634
272,Jodi,Speachley,jspeachley7j@bizjournals.com,Bigender,291085.22,7/8/2020,187.12,3767.57,6372882264
273,Robinetta,Burn,rburn7k@independent.co.uk,Male,365950.77,10/20/2020,387.27,15173.61,2307851348
274,Chad,Kaesmans,ckaesmans7l@apache.org,Non-binary,483259.24,2/21/2020,237.12,21593.14,9725577183
275,Celestina,Yoell,cyoell7m@goo.gl,Genderfluid,151127.95,3/24/2020,446.66,18909.29,3127742657
276,Jeffry,Goady,jgoady7n@diigo.com,Agender,489513.42,5/3/2020,193.02,5846.8,9575563212
277,Annabal,Cathenod,acathenod7o@nih.gov,Non-binary,234229.95,1/4/2021,43.34,10274.37,4754056809
278,Kizzee,Burnsyde,kburnsyde7p@usda.gov,Non-binary,293239.09,10/13/2020,30.02,7867.28,9665182447
279,Keelby,Mapson,kmapson7q@pinterest.com,Polygender,216824.35,8/5/2020,335.45,3458.91,9005720409
280,Cherry,Winchester,cwinchester7r@unblog.fr,Bigender,287709.09,5/24/2020,179.09,8027.77,6768904027
281,Peyton,Leavesley,pleavesley7s@google.nl,Bigender,460658.53,6/14/2020,78.28,23673.79,5694314336
282,Marcie,Walbrook,mwalbrook7t@geocities.com,Genderfluid,252532.0,1/2/2021,213.14,14972.75,0812635671
283,Zebulon,Hannibal,zhannibal7u@spotify.com,Non-binary,484347.8,2/24/2020,259.51,10585.92,7309168585
284,Celene,McDavitt,cmcdavitt7v@rakuten.co.jp,Genderqueer,91055.47,6/21/2020,297.65,43429.7,6354849188
285,Ellette,Loody,eloody7w@ask.com,Agender,32292.95,6/11/2020,152.41,1920.24,4087182339
286,Irene,Groves,igroves7x@multiply.com,Female,309879.35,3/6/2020,239.45,12902.78,7673912546
287,Bamby,Adamek,badamek7y@networkadvertising.org,Bigender,159004.71,10/4/2020,251.95,30844.58,5155398746
288,Enrique,Carlile,ecarlile7z@hhs.gov,Male,440675.81,1/30/2021,446.49,42244.02,1107254795
289,Idette,Sharer,isharer80@cdbaby.com,Agender,443034.1,12/22/2020,292.74,44096.97,1393711847
290,Magdalena,Valentin,mvalentin81@ucla.edu,Genderfluid,88626.36,12/30/2020,219.14,15087.9,2597793710
291,Sibbie,Fanti,sfanti82@multiply.com,Bigender,430650.02,5/8/2020,256.65,35969.43,8860302048
292,Gilbertine,Swane,gswane83@amazonaws.com,Genderfluid,79168.4,3/28/2020,125.83,21583.16,7523443109
293,Wenonah,Lebreton,wlebreton84@vistaprint.com,Female,351192.45,12/11/2020,78.58,837.09,4141864986
294,Minne,Durman,mdurman85@t.co,Polygender,118206.86,6/3/2020,234.9,8933.76,9482423984
295,Rosella,Kingh,rkingh86@jugem.jp,Bigender,154601.58,4/1/2020,432.24,27312.42,1915442273
296,Nani,Decruse,ndecruse87@wordpress.com,Non-binary,114142.0,10/12/2020,60.17,35940.28,5386145924
297,Richmond,Dugdale,rdugdale88@studiopress.com,Genderqueer,320782.59,4/20/2020,387.64,34011.94,1650504780
298,Louise,Ruppelin,lruppelin89@furl.net,Agender,398112.92,7/18/2020,418.26,13743.55,6358501666
299,Andie,Cyster,acyster8a@discuz.net,Agender,454541.1,6/21/2020,435.33,33850.69,9745252603
300,Zelda,Tunnacliffe,ztunnacliffe8b@stanford.edu,Polygender,280554.8,6/6/2020,458.16,42446.95,2261898452
301,Brewer,Jurries,bjurries8c@omniture.com,Non-binary,302832.17,7/6/2020,254.32,20592.51,2664277014
302,Debor,Breed,dbreed8d@rambler.ru,Female,96691.85,5/20/2020,245.65,5028.02,0005409993
303,Gibbie,Duberry,gduberry8e@reddit.com,Polygender,451232.42,10/24/2020,376.01,27385.18,8204207263
304,Holly,Itzhaki,hitzhaki8f@issuu.com,Polygender,247902.84,5/26/2020,208.72,15670.79,5256060597
305,Elisabeth,Thorp,ethorp8g@icio.us,Agender,468989.23,9/21/2020,306.93,5670.45,9723832011
306,Umberto,Childerley,uchilderley8h@uol.com.br,Non-binary,192073.18,7/18/2020,319.32,48204.61,0292918127
307,Corliss,Easbie,ceasbie8i@ezinearticles.com,Female,45197.53,4/26/2020,395.11,1622.87,8769112770
308,Griselda,Kingman,gkingman8j@google.pl,Non-binary,284727.22,8/3/2020,361.7,49971.79,3920728238
309,Armin,Alden,aalden8k@fema.gov,Genderqueer,17288.29,9/6/2020,10.61,10572.91,6163587510
310,Pet,Millthorpe,pmillthorpe8l@seattletimes.com,Genderqueer,363599.79,2/23/2020,363.58,48572.37,4283475890
311,Danette,Feary,dfeary8m@weather.com,Polygender,139841.06,8/15/2020,32.2,13272.52,3351217749
312,Rickie,Barcroft,rbarcroft8n@google.fr,Bigender,243973.86,12/29/2020,300.87,12572.12,1592844022
313,Alwin,Braunfeld,abraunfeld8o@typepad.com,Agender,392406.49,1/6/2021,88.51,25939.15,0061664138
314,Basil,Sturt,bsturt8p@vinaora.com,Genderfluid,444839.58,12/7/2020,162.59,24329.56,3746482313
315,Lyn,Quinlan,lquinlan8q@trellian.com,Male,239207.77,12/5/2020,326.59,31537.59,4407867507
316,Celinda,Heigold,cheigold8r@bbc.co.uk,Genderfluid,72104.14,12/15/2020,153.74,1961.25,5690991597
317,Walker,Barthropp,wbarthropp8s@fc2.com,Agender,257124.86,2/7/2021,452.98,42826.7,0127826068
318,Adrien,Kimberley,akimberley8t@nydailynews.com,Genderqueer,158127.59,6/16/2020,468.79,18784.04,1159966710
319,Barnett,Van Hesteren,bvanhesteren8u@sciencedirect.com,Female,470464.63,3/3/2020,192.87,32866.52,6500706013
320,Chandal,Danilenko,cdanilenko8v@360.cn,Agender,188948.68,11/5/2020,331.7,15744.07,8270567582
321,Rog,Driver,rdriver8w@thetimes.co.uk,Genderqueer,136208.98,11/21/2020,364.95,5683.04,5473368581
322,Abba,Flack,aflack8x@cocolog-nifty.com,Non-binary,256697.57,8/10/2020,337.26,5122.72,5179131774
323,Grove,Goligly,ggoligly8y@hubpages.com,Non-binary,43462.21,10/9/2020,175.84,25139.01,1691587729
324,Sandy,Edmeades,sedmeades8z@zdnet.com,Genderqueer,260539.04,9/4/2020,191.49,40268.22,4869124955
325,Etta,Durdle,edurdle90@pcworld.com,Agender,6874.08,3/3/2020,417.09,11940.52,9390413125
326,Colin,Klagge,cklagge91@examiner.com,Genderqueer,31445.16,5/23/2020,399.8,22416.03,5734677396
327,Filbert,Coyett,fcoyett92@lulu.com,Bigender,241031.0,6/28/2020,120.55,44425.56,6258795951
328,Pamelina,Fricker,pfricker93@networkadvertising.org,Non-binary,423427.54,7/11/2020,257.12,41648.04,2686223650
329,Riannon,O'Corr,rocorr94@aol.com,Genderqueer,157657.0,12/14/2020,342.99,31280.91,8005845995
330,Iver,O'Gorman,iogorman95@amazon.com,Polygender,300139.85,5/22/2020,239.5,41587.3,4929189500
331,Nixie,Breeder,nbreeder96@freewebs.com,Polygender,207182.63,7/23/2020,156.61,1341.59,3039292757
332,Torrie,Doniso,tdoniso97@globo.com,Female,401736.35,8/7/2020,324.56,21836.12,8555392500
333,Archambault,Learmouth,alearmouth98@nasa.gov,Genderfluid,36201.11,10/11/2020,476.89,43516.15,4547368325
334,Hewe,Cornner,hcornner99@alexa.com,Polygender,204106.07,8/29/2020,324.96,49664.9,7312884415
335,Felita,Cody,fcody9a@clickbank.net,Non-binary,362270.58,1/21/2021,323.09,3894.95,2112042912
336,Ron,Minmagh,rminmagh9b@dropbox.com,Genderfluid,437200.01,7/24/2020,10.25,28025.68,7467084021
337,Thor,Dust,tdust9c@dropbox.com,Bigender,9356.54,11/26/2020,390.11,5016.92,1000358356
338,Ilario,Rigg,irigg9d@kickstarter.com,Genderqueer,163532.83,6/6/2020,46.68,45114.76,4049590247
339,Aubrette,Genny,agenny9e@walmart.com,Genderfluid,124473.89,8/17/2020,256.37,23840.12,1395287996
340,Meriel,Kyberd,mkyberd9f@blinklist.com,Genderqueer,239892.63,4/26/2020,350.62,3353.31,5903112463
341,Shirlee,Catt,scatt9g@elegantthemes.com,Female,208176.51,12/12/2020,141.03,42402.83,0760969396
342,Gene,Keitch,gkeitch9h@bigcartel.com,Genderqueer,20052.65,5/31/2020,315.32,36656.21,4769916884
343,Blanca,Leist,bleist9i@washingtonpost.com,Non-binary,208292.99,2/29/2020,94.47,47064.82,8610653404
344,Erick,De Laci,edelaci9j@newyorker.com,Genderqueer,439200.96,2/28/2020,317.34,34478.32,6548082052
345,Cass,Lownds,clownds9k@si.edu,Genderqueer,203268.88,4/28/2020,409.21,7747.57,7537475474
346,Woodman,Guilleton,wguilleton9l@edublogs.org,Non-binary,416827.83,11/9/2020,290.27,45210.26,5897615616
347,Nissie,McCuthais,nmccuthais9m@ed.gov,Bigender,287997.23,10/30/2020,444.06,46502.35,8886482515
348,Tory,Blazhevich,tblazhevich9n@un.org,Genderqueer,269159.75,8/25/2020,117.85,8408.38,9707336552
349,Cordie,Fain,cfain9o@acquirethisname.com,Agender,311340.0,6/28/2020,2.21,45693.61,9403980729
350,Melonie,Rivenzon,mrivenzon9p@friendfeed.com,Polygender,337657.13,5/10/2020,471.89,4729.65,3155140216
351,Tore,Maffi,tmaffi9q@privacy.gov.au,Non-binary,239166.78,1/18/2021,427.26,4374.14,4880688339
352,Consuela,Parkhouse,cparkhouse9r@ebay.co.uk,Non-binary,189376.03,9/26/2020,360.52,22826.44,7904946343
353,Kimberley,Flag,kflag9s@scientificamerican.com,Agender,22449.65,11/19/2020,215.88,33626.36,1048920968
354,Tawsha,Blowes,tblowes9t@ameblo.jp,Male,352174.88,5/7/2020,368.38,27141.39,9960522628
355,Roger,Whitley,rwhitley9u@angelfire.com,Bigender,364908.89,10/1/2020,380.91,16722.74,2825849405
356,Cynthie,Klimus,cklimus9v@bandcamp.com,Female,270298.17,6/29/2020,293.9,14207.49,8878133612
357,Layla,Gaddie,lgaddie9w@dagondesign.com,Female,420927.27,9/18/2020,142.71,7099.43,2776069332
358,Trix,Rushforth,trushforth9x@gmpg.org,Genderqueer,94990.32,3/18/2020,354.63,38331.07,5615894482
359,Arie,Seignior,aseignior9y@microsoft.com,Polygender,95434.76,4/2/2020,300.12,3390.62,7960742707
360,Alix,O' Donohoe,aodonohoe9z@cpanel.net,Polygender,160819.52,7/23/2020,140.49,14114.57,8562395641
361,Brittan,Malan,bmalana0@about.me,Agender,299524.56,7/31/2020,449.03,8920.76,9720552220
362,Marilyn,Hamal,mhamala1@wisc.edu,Polygender,189252.09,6/16/2020,173.77,39558.18,8819216841
363,Vikky,Fanning,vfanninga2@google.it,Bigender,161948.7,3/21/2020,213.67,7479.74,1646510720
364,Tod,Kovnot,tkovnota3@wp.com,Genderqueer,79035.59,9/21/2020,209.96,10119.08,7681516581
365,Eldon,Yannoni,eyannonia4@home.pl,Male,302998.58,8/19/2020,50.05,45688.92,1601841264
366,Beatriz,Sallinger,bsallingera5@alexa.com,Polygender,185578.76,5/25/2020,401.85,19999.28,3423440767
367,Karlotta,Alders,kaldersa6@elegantthemes.com,Genderqueer,120174.65,3/14/2020,77.31,13157.05,2240595949
368,Neille,Wittleton,nwittletona7@smugmug.com,Male,420599.7,3/23/2020,394.22,42933.61,2135992348
369,Iain,Haldane,ihaldanea8@gnu.org,Agender,349668.62,10/29/2020,386.5,25296.58,1436724864
370,Renelle,Wyley,rwyleya9@princeton.edu,Bigender,366808.98,10/21/2020,307.52,21663.3,1600594131
371,Lambert,Cleverley,lcleverleyaa@edublogs.org,Genderqueer,212175.69,11/4/2020,294.9,40524.12,4485795705
372,Brinn,Bernollet,bbernolletab@multiply.com,Bigender,9621.48,2/8/2021,62.29,12281.85,8139886785
373,Nanci,Pavlasek,npavlasekac@va.gov,Agender,124545.19,8/29/2020,221.44,6235.18,7414714950
374,Rory,Shadbolt,rshadboltad@who.int,Genderqueer,101580.16,7/24/2020,434.6,39517.72,2908121654
375,Juliann,Swannell,jswannellae@oaic.gov.au,Female,109474.61,3/3/2020,250.73,22390.04,1210660881
376,Franny,Ashton,fashtonaf@yellowpages.com,Female,173322.96,7/2/2020,492.58,3366.33,2755382473
377,Zack,Meehan,zmeehanag@joomla.org,Male,485240.94,9/12/2020,431.97,10884.95,6991538167
378,Sal,Ausiello,sausielloah@delicious.com,Agender,369373.24,8/26/2020,491.23,37120.88,8233874051
379,Jaquith,Gaythor,jgaythorai@wired.com,Male,223410.0,4/23/2020,96.8,26961.63,3295284504
380,Jeramey,Doche,jdocheaj@wordpress.org,Male,41946.09,12/17/2020,477.88,43850.81,8492307366
381,Maureene,Emeney,memeneyak@163.com,Female,478901.58,1/9/2021,179.65,26382.36,4038433684
382,Kayne,Cursons,kcursonsal@hubpages.com,Agender,253275.28,4/19/2020,192.17,22692.47,3933019702
383,Meryl,Dugood,mdugoodam@hud.gov,Non-binary,253578.22,4/25/2020,367.22,1084.3,5269106914
384,Jaye,Lampet,jlampetan@biglobe.ne.jp,Polygender,412737.21,12/13/2020,205.06,22383.02,2683645708
385,Vincenty,Powelee,vpoweleeao@foxnews.com,Non-binary,245695.75,6/5/2020,12.39,31157.95,1693067765
386,Maxie,Birtonshaw,mbirtonshawap@intel.com,Polygender,395718.4,10/25/2020,384.79,45128.64,6752184003
387,Graeme,Waistell,gwaistellaq@cocolog-nifty.com,Genderfluid,97744.76,4/13/2020,486.58,2822.43,5479755072
388,Leopold,Russell,lrussellar@wix.com,Bigender,68187.49,12/1/2020,495.68,2556.3,2764042922
389,Gretchen,Redmond,gredmondas@myspace.com,Female,145166.39,1/2/2021,453.95,41172.08,2896963308
390,Ailis,Pearde,apeardeat@jigsy.com,Male,287226.32,4/3/2020,73.15,17725.18,8100715351
391,Odell,Le Fevre,olefevreau@nifty.com,Agender,337766.81,3/14/2020,371.36,49627.81,4630948244
392,Yuri,Holstein,yholsteinav@usatoday.com,Male,228830.58,1/23/2021,210.75,23545.38,5745515163
393,Jazmin,Brason,jbrasonaw@feedburner.com,Bigender,299087.34,7/5/2020,426.62,3590.24,7781124588
394,Modesta,Mc Caughan,mmccaughanax@tinypic.com,Agender,195634.78,8/4/2020,90.48,1260.65,9983534983
395,Hyman,Kinane,hkinaneay@stanford.edu,Polygender,107796.33,3/16/2020,114.36,6471.42,0033273715
396,Fedora,Zorro,fzorroaz@blogger.com,Female,226659.73,10/15/2020,278.45,47291.88,3398788300
397,Judith,McRannell,jmcrannellb0@theatlantic.com,Non-binary,249771.36,11/2/2020,254.38,3722.45,2084642906
398,Clerc,Millership,cmillershipb1@tiny.cc,Female,307989.17,9/5/2020,357.91,39962.74,9983566087
399,Rori,Larose,rlaroseb2@dailymotion.com,Genderfluid,39698.44,7/1/2020,263.28,33739.23,5818981924
400,Lonnie,Pesic,lpesicb3@stumbleupon.com,Non-binary,384291.4,4/19/2020,247.13,46446.04,2135170496
401,Fran,Gleed,fgleedb4@bloglovin.com,Genderfluid,187732.4,12/5/2020,442.5,28799.38,6579870877
402,Beverlie,Mazzei,bmazzeib5@msu.edu,Non-binary,479793.97,10/30/2020,195.94,46999.11,4832683470
403,Nick,Follit,nfollitb6@macromedia.com,Genderqueer,235365.2,8/18/2020,45.27,16448.24,2422517560
404,Thelma,Krahl,tkrahlb7@jalbum.net,Genderfluid,67036.83,5/12/2020,385.62,18885.52,7932384583
405,Arden,Lillecrap,alillecrapb8@bandcamp.com,Bigender,70254.37,12/3/2020,156.53,41725.03,0811425592
406,Giana,Braywood,gbraywoodb9@histats.com,Genderfluid,215976.87,4/9/2020,155.24,46856.08,6135219650
407,Catarina,Gregoratti,cgregorattiba@tuttocitta.it,Agender,385611.06,3/9/2020,438.66,38470.66,1438215258
408,Alexandre,Macklin,amacklinbb@hostgator.com,Agender,420470.52,5/22/2020,237.15,33103.02,8087519779
409,Giorgio,Yare,gyarebc@networkadvertising.org,Genderfluid,45153.57,3/10/2020,119.71,14444.85,5045593498
410,Marj,Carnilian,mcarnilianbd@simplemachines.org,Agender,484120.07,6/21/2020,96.14,1849.07,3244287549
411,Royal,Rylett,rrylettbe@sitemeter.com,Genderfluid,134016.7,2/18/2020,440.94,3103.82,5939630286
412,Trula,Merrgan,tmerrganbf@state.tx.us,Bigender,49774.49,5/28/2020,114.03,8762.71,8980336039
413,Alyda,Prothero,aprotherobg@dropbox.com,Genderqueer,92969.36,5/24/2020,336.44,25527.53,5461490425
414,Jewel,Holborn,jholbornbh@xrea.com,Bigender,440460.06,12/15/2020,99.19,30988.36,0561471045
415,Georgia,Hartill,ghartillbi@spotify.com,Genderqueer,497484.0,5/14/2020,152.25,25728.95,5946720619
416,Will,Coch,wcochbj@yelp.com,Bigender,130309.11,9/7/2020,212.1,4550.25,7089171426
417,June,Mouat,jmouatbk@ameblo.jp,Female,91568.09,7/22/2020,125.96,36191.01,9420947831
418,Pincus,Petigrew,ppetigrewbl@yandex.ru,Genderfluid,216912.33,1/6/2021,228.39,23892.36,7636716798
419,Vinita,Cran,vcranbm@shop-pro.jp,Female,199664.92,9/4/2020,73.34,42944.03,3087587443
420,Ariela,Kester,akesterbn@howstuffworks.com,Male,318772.92,4/12/2020,355.12,6309.98,4916225589
421,Shaine,Karpf,skarpfbo@de.vu,Genderqueer,50946.39,8/15/2020,140.6,46029.97,2977867333
422,Shayne,Corkett,scorkettbp@upenn.edu,Non-binary,489561.46,7/15/2020,90.98,32875.24,3446507264
423,Stefanie,Lubeck,slubeckbq@tmall.com,Bigender,348791.77,9/21/2020,489.15,39102.0,8359683522
424,Gilligan,Verry,gverrybr@telegraph.co.uk,Genderfluid,272942.22,6/2/2020,306.86,5423.09,2432630289
425,Russ,Haughton,rhaughtonbs@e-recht24.de,Bigender,252353.74,5/1/2020,296.09,49627.69,2271218357
426,Sidonia,Pachta,spachtabt@sbwire.com,Female,105484.9,4/5/2020,394.17,12311.6,6789621199
427,Lynea,Gresswood,lgresswoodbu@ocn.ne.jp,Female,140329.73,8/5/2020,160.73,20025.06,2765304483
428,Babita,Tommaseo,btommaseobv@businessweek.com,Polygender,251512.8,12/19/2020,198.43,42574.8,3562834160
429,Annetta,Sidlow,asidlowbw@google.com.br,Bigender,78874.56,3/4/2020,218.38,25580.95,1529824141
430,Ingemar,Giraldo,igiraldobx@businesswire.com,Bigender,74148.08,4/11/2020,244.42,7926.45,3330410841
431,Cosmo,Mussared,cmussaredby@w3.org,Polygender,390718.02,6/23/2020,329.93,40954.28,6642192028
432,Huntley,MacCrachen,hmaccrachenbz@flickr.com,Male,427771.07,11/21/2020,198.29,15494.19,6027988290
433,Winifield,Fowkes,wfowkesc0@clickbank.net,Bigender,190808.03,7/5/2020,71.54,15840.48,9861042369
434,Joice,MacVicar,jmacvicarc1@un.org,Genderfluid,123572.22,8/29/2020,479.31,49151.07,4171165547
435,Lois,Rummin,lrumminc2@technorati.com,Male,40337.22,9/23/2020,98.36,48998.33,0155321633
436,Lynne,Conyers,lconyersc3@elegantthemes.com,Non-binary,265517.79,10/8/2020,148.06,19026.36,3235906304
437,Fair,Kopisch,fkopischc4@blinklist.com,Genderfluid,150932.28,1/3/2021,172.26,16192.51,6087406026
438,Davie,Laise,dlaisec5@bizjournals.com,Female,173216.06,1/28/2021,493.21,12183.17,0214300285
439,Gib,Wakes,gwakesc6@amazonaws.com,Bigender,45151.05,6/17/2020,211.78,4152.88,2401727183
440,Mata,Shimmin,mshimminc7@sourceforge.net,Male,358419.0,6/9/2020,377.39,17773.37,0212493434
441,Berri,Wrankling,bwranklingc8@uiuc.edu,Agender,454099.99,9/7/2020,340.6,33377.53,3022434294
442,Mira,Eaglen,meaglenc9@wix.com,Genderqueer,89278.25,8/19/2020,45.68,1478.01,6844358725
443,Aloise,Blaze,ablazeca@bing.com,Genderfluid,422621.68,12/30/2020,157.66,24103.63,5323881410
444,Elwira,Hasser,ehassercb@npr.org,Agender,158553.79,11/5/2020,164.04,38542.18,0942594649
445,Miguelita,Scotsbrook,mscotsbrookcc@icio.us,Polygender,267233.24,9/14/2020,400.04,18883.77,5120954383
446,Queenie,Dunbleton,qdunbletoncd@upenn.edu,Bigender,50648.62,6/22/2020,202.45,31884.44,7723291116
447,Gabriel,MacKim,gmackimce@hibu.com,Bigender,53425.13,5/28/2020,433.38,21943.73,2602524530
448,Gregorio,Beathem,gbeathemcf@geocities.jp,Non-binary,85604.78,4/4/2020,61.03,23198.97,4776471973
449,Mellicent,Phipps,mphippscg@uiuc.edu,Female,210087.1,3/15/2020,233.25,47799.45,6585507126
450,Marillin,Horder,mhorderch@sciencedaily.com,Genderqueer,151618.35,7/12/2020,59.21,12489.98,3674695642
451,Aeriell,Manie,amanieci@kickstarter.com,Male,404096.71,8/1/2020,194.79,46493.95,1909260878
452,Maggie,Mangin,mmangincj@usda.gov,Bigender,226602.38,11/27/2020,182.8,35641.98,2059959497
453,Irv,Raspin,iraspinck@hexun.com,Agender,227713.74,7/10/2020,76.81,24832.89,7965943859
454,Neils,Gibbon,ngibboncl@surveymonkey.com,Genderqueer,316540.55,8/17/2020,477.96,44541.12,3913401407
455,Stacee,Barnhill,sbarnhillcm@sakura.ne.jp,Genderqueer,336178.57,9/24/2020,93.48,46077.72,6304222238
456,Keri,Dilnot,kdilnotcn@taobao.com,Bigender,173591.19,4/17/2020,275.66,5605.86,7884543605
457,Frankie,Klosges,fklosgesco@dyndns.org,Genderfluid,150515.57,1/19/2021,161.22,3852.02,3388495939
458,Donavon,Shyres,dshyrescp@fda.gov,Bigender,171387.24,11/19/2020,27.96,18306.24,8656823116
459,Giustino,Kopfen,gkopfencq@elpais.com,Agender,391645.43,7/13/2020,319.08,292.12,2724486099
460,Oriana,Bevens,obevenscr@cdbaby.com,Agender,446854.37,7/2/2020,371.18,33549.71,7634122777
461,Christina,Alywen,calywencs@japanpost.jp,Agender,474079.95,11/26/2020,130.25,41403.21,3284467017
462,Lesli,Moryson,lmorysonct@microsoft.com,Genderfluid,377333.19,7/10/2020,479.73,8465.18,6017604260
463,Dionis,Hurch,dhurchcu@cbsnews.com,Polygender,144490.91,11/27/2020,499.59,35618.98,0218953348
464,Alyson,Hursthouse,ahursthousecv@theglobeandmail.com,Female,344152.72,9/3/2020,90.39,6588.0,3567335847
465,Viola,Ellery,vellerycw@toplist.cz,Female,404327.16,11/18/2020,359.17,17710.2,0769803598
466,Paul,Laffling,plafflingcx@comsenz.com,Genderqueer,46133.6,11/14/2020,327.42,29546.34,2171627204
467,Billy,Poe,bpoecy@blogspot.com,Genderfluid,116505.89,3/5/2020,79.21,9804.84,6710258343
468,Ruthie,Potts,rpottscz@ask.com,Male,259416.93,6/28/2020,82.96,7647.56,4344569032
469,Boot,Munn,bmunnd0@latimes.com,Bigender,150350.1,10/10/2020,481.63,38272.86,0030837812
470,Adelind,Vasyatkin,avasyatkind1@webmd.com,Genderfluid,336926.2,1/1/2021,495.97,27375.26,9659204949
471,Sherrie,Exell,sexelld2@mac.com,Non-binary,257057.22,8/6/2020,340.82,14924.82,2788486685
472,King,Winchester,kwinchesterd3@yahoo.com,Bigender,113000.35,6/4/2020,367.13,48803.46,6813614657
473,Joshuah,Daber,jdaberd4@deviantart.com,Genderfluid,201638.57,4/24/2020,253.4,39554.09,3234516200
474,Gus,Reading,greadingd5@godaddy.com,Agender,255663.56,4/19/2020,414.84,14563.72,3849035794
475,Shelby,Cutten,scuttend6@about.me,Agender,67357.15,10/2/2020,452.32,41589.03,5496085136
476,Candida,Boole,cbooled7@pcworld.com,Bigender,303967.97,11/27/2020,79.85,31660.95,5755884080
477,Nathanil,McKelloch,nmckellochd8@tinypic.com,Polygender,63041.26,3/4/2020,314.31,48402.81,8310049188
478,Meg,Tavernor,mtavernord9@flavors.me,Agender,83554.45,10/20/2020,92.26,19221.25,1627606378
479,Fields,Tommasuzzi,ftommasuzzida@go.com,Non-binary,90023.16,5/5/2020,233.74,22369.62,8762669648
480,Moll,Prangley,mprangleydb@ask.com,Genderqueer,188537.73,10/19/2020,359.49,196.47,2337732053
481,Karisa,Kubik,kkubikdc@google.com.au,Female,104171.67,5/8/2020,268.32,5190.78,3234394970
482,Nydia,Ellett,nellettdd@phoca.cz,Bigender,335554.03,7/6/2020,27.23,14995.92,8398498307
483,Toby,Furman,tfurmande@uol.com.br,Agender,410073.53,5/8/2020,172.59,47570.98,4451415926
484,Allard,Khotler,akhotlerdf@mozilla.com,Non-binary,144290.46,2/28/2020,139.67,38565.37,2570985031
485,Emyle,Dullard,edullarddg@zimbio.com,Male,273081.66,8/7/2020,11.42,21789.95,5209259447
486,Idaline,Simunek,isimunekdh@bbb.org,Non-binary,198544.22,5/17/2020,204.99,33159.29,1816416592
487,Ines,Mutlow,imutlowdi@theatlantic.com,Genderfluid,477332.91,6/11/2020,183.66,14577.83,5013327121
488,Erika,Juschka,ejuschkadj@miibeian.gov.cn,Agender,291411.55,5/23/2020,218.89,39478.28,8660051866
489,Arleyne,Ruddiforth,aruddiforthdk@senate.gov,Polygender,119186.83,9/23/2020,393.24,2383.09,7282182353
490,Joane,Gullefant,jgullefantdl@google.es,Bigender,185378.0,12/6/2020,428.44,22555.97,7190184872
491,Cecil,Nolte,cnoltedm@bizjournals.com,Female,118871.01,2/15/2020,498.5,41457.88,0204529417
492,Ernesta,Balcombe,ebalcombedn@so-net.ne.jp,Genderqueer,72639.89,12/12/2020,354.06,27127.41,0796976015
493,Shela,Stoaks,sstoaksdo@slideshare.net,Polygender,241622.36,7/22/2020,406.36,49842.18,9848410015
494,Claudian,Brenstuhl,cbrenstuhldp@flavors.me,Male,264310.5,11/18/2020,147.56,13393.6,1541652266
495,Christophe,Alcide,calcidedq@blogtalkradio.com,Polygender,139353.0,9/14/2020,294.3,37283.42,2888142082
496,Sybilla,Bellas,sbellasdr@weibo.com,Polygender,90910.24,7/13/2020,493.84,44397.47,1966959761
497,Barbee,Thamelt,bthameltds@skyrock.com,Bigender,465514.55,4/25/2020,29.87,44216.43,9545344296
498,Samuele,Simonelli,ssimonellidt@ask.com,Genderqueer,382020.92,9/5/2020,498.47,3062.64,6256787706
499,Jewelle,Juszczak,jjuszczakdu@nifty.com,Genderfluid,308081.09,5/27/2020,15.68,34725.23,1528631455
500,Sky,Manach,smanachdv@goo.ne.jp,Genderqueer,93184.62,8/21/2020,146.96,1449.84,1407931121
501,Tully,Oakwell,toakwelldw@scribd.com,Male,27694.09,3/17/2020,247.42,25363.24,6501205166
502,Brook,Vasiliu,bvasiliudx@xing.com,Polygender,418403.43,5/25/2020,417.4,37244.83,7316377828
503,Rosetta,Slee,rsleedy@nasa.gov,Genderqueer,442459.59,1/27/2021,11.06,38975.73,0574256334
504,Rois,Luck,rluckdz@usatoday.com,Genderfluid,326104.51,4/13/2020,410.01,29959.75,1819456374
505,Petronille,Watford,pwatforde0@mlb.com,Genderqueer,446192.01,12/10/2020,30.53,4954.24,0594392217
506,Jocko,Bleasdille,jbleasdillee1@ebay.co.uk,Bigender,397340.63,12/1/2020,105.12,2345.06,4329206005
507,Teirtza,Maslen,tmaslene2@reuters.com,Agender,49551.07,6/30/2020,101.58,44274.91,0070637806
508,Carny,Maypother,cmaypothere3@boston.com,Genderfluid,167415.45,8/4/2020,165.38,19730.58,2281864243
509,Phebe,Yon,pyone4@fema.gov,Genderqueer,270056.12,6/27/2020,334.32,20964.43,7779866939
510,Jacob,Pettyfer,jpettyfere5@friendfeed.com,Agender,113977.55,10/13/2020,217.38,30468.66,3218894042
511,Deanne,Charlesworth,dcharlesworthe6@jugem.jp,Female,359206.83,4/1/2020,35.18,24694.3,9119635583
512,Leoline,Wrintmore,lwrintmoree7@skype.com,Non-binary,470833.93,2/8/2021,19.38,38390.42,5457067963
513,Arch,Esposita,aespositae8@discuz.net,Polygender,173348.89,3/19/2020,163.75,38697.8,5421341593
514,Almeta,Nanetti,ananettie9@mapy.cz,Genderqueer,433337.79,6/16/2020,200.38,4437.65,1155935624
515,Tatum,Burland,tburlandea@purevolume.com,Genderqueer,139313.27,10/26/2020,447.8,46381.62,6698178861
516,Linoel,Reddyhoff,lreddyhoffeb@prnewswire.com,Polygender,379172.2,4/14/2020,74.34,37564.26,7397316751
517,Karyl,Redshaw,kredshawec@dropbox.com,Agender,296338.54,2/2/2021,223.65,18921.8,1001844335
518,Ed,Dallyn,edallyned@accuweather.com,Genderfluid,280130.14,2/21/2020,208.95,30195.51,9840027727
519,Debra,Huntar,dhuntaree@reverbnation.com,Non-binary,21193.62,2/29/2020,97.82,21794.88,4899785089
520,Carma,Wildt,cwildtef@youku.com,Bigender,251606.82,11/26/2020,470.08,22203.8,3157496972
521,Kayla,Winckworth,kwinckwortheg@ebay.co.uk,Male,86857.25,12/9/2020,232.18,32687.63,4277223710
522,Kelly,Cornu,kcornueh@spiegel.de,Polygender,240437.74,9/21/2020,252.65,40167.77,9867832396
523,Calypso,Bootland,cbootlandei@foxnews.com,Polygender,139169.74,8/1/2020,53.76,45146.55,4483100858
524,Yelena,Sprague,yspragueej@ameblo.jp,Male,289715.81,1/19/2021,9.76,37333.1,8864153071
525,Ange,Davitashvili,adavitashviliek@tumblr.com,Genderfluid,93163.33,7/28/2020,5.18,20384.71,7604269362
526,Willabella,Arter,warterel@netlog.com,Genderfluid,236026.74,1/12/2021,241.18,38581.29,4372190743
527,Cathy,Frugier,cfrugierem@walmart.com,Bigender,111461.27,10/27/2020,451.71,22880.31,6593228826
528,Tobit,Abramowitz,tabramowitzen@marriott.com,Genderqueer,40477.81,3/17/2020,319.46,5209.37,4243935327
529,Guglielmo,Saker,gsakereo@miibeian.gov.cn,Non-binary,65157.15,7/24/2020,140.79,13854.45,1235228193
530,Ethelyn,Malham,emalhamep@usgs.gov,Polygender,70935.86,12/3/2020,48.39,15813.0,4988776522
531,Dacy,Downgate,ddowngateeq@sogou.com,Genderfluid,9275.91,10/21/2020,356.65,24732.75,1727016580
532,Livia,Deniso,ldenisoer@timesonline.co.uk,Genderfluid,61216.39,2/29/2020,288.8,34110.08,7540113723
533,Allyn,Iveagh,aiveaghes@senate.gov,Genderqueer,58310.67,6/22/2020,98.7,27802.3,2148384260
534,Shanan,Zapata,szapataet@facebook.com,Polygender,115161.1,4/6/2020,67.82,33442.85,9219536757
535,Jorie,Lawrenson,jlawrensoneu@wix.com,Genderfluid,424563.7,10/6/2020,414.57,34498.93,0718719743
536,Hersh,Neligan,hneliganev@biblegateway.com,Genderfluid,389615.32,5/22/2020,241.42,39941.91,9317953549
537,Adrienne,Brislawn,abrislawnew@goodreads.com,Bigender,35305.55,11/24/2020,56.25,18188.09,0924533625
538,Tori,Mordecai,tmordecaiex@indiatimes.com,Genderqueer,180012.47,3/22/2020,333.84,12361.29,2849441163
539,Elliot,Seakes,eseakesey@smh.com.au,Female,163143.83,12/22/2020,353.12,257.06,8271520164
540,Delila,Muncer,dmuncerez@deliciousdays.com,Agender,190491.39,11/12/2020,310.97,16063.72,2023588308
541,Franz,Keeton,fkeetonf0@printfriendly.com,Genderfluid,396798.46,3/10/2020,258.75,38263.13,3774851859
542,Vic,Baiyle,vbaiylef1@php.net,Male,465594.02,2/7/2021,198.47,32886.01,8264064604
543,Ursala,Rable,urablef2@shutterfly.com,Genderqueer,454748.07,3/5/2020,98.92,19757.65,0614306140
544,Cora,Jurasek,cjurasekf3@diigo.com,Non-binary,145467.88,4/4/2020,305.4,28168.63,3281350666
545,Markus,Ielden,mieldenf4@opensource.org,Agender,274116.02,12/11/2020,219.98,18734.6,1961146991
546,Joachim,Truscott,jtruscottf5@google.it,Genderqueer,411667.32,11/24/2020,444.71,145.74,2778778489
547,Salaidh,Mowsdill,smowsdillf6@blinklist.com,Agender,449158.67,10/6/2020,196.56,15758.33,7072786546
548,Carol,Prestner,cprestnerf7@edublogs.org,Bigender,53137.57,1/30/2021,487.93,34476.65,7248053821
549,Ilyssa,Allett,iallettf8@cdc.gov,Genderfluid,183844.68,3/28/2020,291.8,8036.29,7008646569
550,Fin,Davidi,fdavidif9@surveymonkey.com,Polygender,109198.02,12/2/2020,357.14,49988.85,4831821632
551,Adriane,McGaughay,amcgaughayfa@google.es,Female,262072.97,10/1/2020,137.45,36238.53,0439487315
552,Goldy,Witherspoon,gwitherspoonfb@tumblr.com,Genderqueer,328780.0,1/6/2021,13.16,41611.26,5271749584
553,Kerwinn,Birt,kbirtfc@apache.org,Non-binary,28154.85,4/17/2020,207.96,37532.57,0957402511
554,Jeffry,Gilhoolie,jgilhooliefd@wufoo.com,Genderqueer,208319.39,1/26/2021,471.55,22566.82,3610351217
555,Jeni,Shakelade,jshakeladefe@opensource.org,Non-binary,14994.98,5/2/2020,65.05,3357.38,8641173579
556,Junia,Baitman,jbaitmanff@wufoo.com,Bigender,278380.25,2/7/2021,29.32,25049.35,3803879558
557,Kelley,Laughlin,klaughlinfg@yolasite.com,Male,275914.3,9/10/2020,474.93,31680.18,4248137518
558,Lanette,Sorton,lsortonfh@unicef.org,Bigender,108019.92,7/1/2020,163.04,19428.68,7095876762
559,Ruy,Fosberry,rfosberryfi@smugmug.com,Polygender,77620.97,2/6/2021,245.82,9571.07,6909562046
560,Jackquelin,Antoniewski,jantoniewskifj@mozilla.org,Polygender,190060.41,5/9/2020,172.96,43122.52,6475068055
561,Brena,Foukx,bfoukxfk@xing.com,Genderqueer,173771.81,6/6/2020,157.7,28530.52,7251407604
562,Silvio,Dineen,sdineenfl@washingtonpost.com,Genderfluid,32567.84,2/4/2021,390.86,29874.51,4832005723
563,Ginni,Stothert,gstothertfm@unicef.org,Female,344631.31,5/10/2020,43.29,41010.45,9584224743
564,Ethelred,Dumigan,edumiganfn@google.es,Female,368980.04,4/23/2020,408.17,43370.38,0111672864
565,Cynde,Jewsbury,cjewsburyfo@multiply.com,Agender,9267.31,4/18/2020,439.3,47841.22,8943739486
566,Donnie,Abbe,dabbefp@histats.com,Genderfluid,331642.73,1/4/2021,309.42,9349.38,0476737095
567,Lefty,Garmans,lgarmansfq@google.com.hk,Polygender,292319.7,6/5/2020,159.18,22247.52,9591387296
568,Asher,Rose,arosefr@wikimedia.org,Genderqueer,234091.09,7/3/2020,89.28,27182.68,7824316173
569,Milzie,Ely,melyfs@hubpages.com,Bigender,160693.68,2/27/2020,130.1,5111.88,3457002754
570,Ashlan,Flello,aflelloft@comcast.net,Agender,286584.08,10/15/2020,15.32,25140.76,2151821609
571,Piper,Pembridge,ppembridgefu@scientificamerican.com,Polygender,70727.13,5/8/2020,216.81,27679.83,0888772300
572,Baryram,Reeder,breederfv@smh.com.au,Bigender,318753.0,4/30/2020,390.92,40288.27,8867618709
573,Shane,Buckley,sbuckleyfw@forbes.com,Non-binary,104246.91,7/8/2020,373.59,45193.77,0447230123
574,Amil,Knapp,aknappfx@github.io,Bigender,136313.01,8/2/2020,202.36,10714.01,9323593761
575,Laurel,Kitlee,lkitleefy@time.com,Male,37031.54,3/11/2020,245.24,10704.42,3692515359
576,Ferdinande,Gebb,fgebbfz@trellian.com,Bigender,297826.46,1/21/2021,441.31,4384.99,2603389084
577,Lisha,Loblie,lloblieg0@bizjournals.com,Polygender,90286.12,4/22/2020,329.77,14004.7,4094086153
578,Sonia,Bunny,sbunnyg1@ftc.gov,Bigender,324572.72,9/24/2020,93.6,31032.49,2007097818
579,Beret,Vicary,bvicaryg2@economist.com,Female,118910.83,2/28/2020,142.79,13456.42,9174058576
580,Dori,Walrond,dwalrondg3@forbes.com,Female,286748.42,5/26/2020,325.18,8799.19,2941354271
581,Doralyn,Liquorish,dliquorishg4@themeforest.net,Agender,68968.6,11/12/2020,383.82,24182.76,2629635775
582,Lucie,Bunn,lbunng5@cmu.edu,Male,79351.66,3/1/2020,310.86,10783.18,8174345183
583,Bartie,Younger,byoungerg6@buzzfeed.com,Genderfluid,104786.98,6/25/2020,247.93,11496.77,6982775011
584,Corly,Mayor,cmayorg7@hud.gov,Agender,395256.63,3/9/2020,86.16,42900.2,0149847629
585,Khalil,Lemerie,klemerieg8@hud.gov,Male,256412.3,7/20/2020,475.63,6599.45,2392016577
586,Chantalle,Slater,cslaterg9@amazon.co.uk,Polygender,312666.3,2/28/2020,318.41,29590.72,9215730141
587,Konstantin,Watters,kwattersga@webmd.com,Genderfluid,242617.24,6/26/2020,172.36,22247.9,3084727902
588,Lockwood,Rozea,lrozeagb@ibm.com,Polygender,397815.01,8/10/2020,86.22,49688.06,7265120507
589,Opal,Misson,omissongc@google.com.hk,Agender,255445.53,9/16/2020,32.52,25809.64,6291515644
590,Nixie,Sach,nsachgd@jiathis.com,Female,76780.84,11/4/2020,78.7,33460.59,4997064424
591,Hatty,Narracott,hnarracottge@geocities.jp,Genderfluid,315914.69,5/9/2020,143.4,24440.1,8664136858
592,Silvester,Milch,smilchgf@economist.com,Female,66712.97,3/3/2020,289.89,35446.65,6229395924
593,Florinda,Battman,fbattmangg@dailymotion.com,Non-binary,205137.0,6/28/2020,215.79,49294.91,7122721949
594,Christiane,Gobourn,cgobourngh@xing.com,Non-binary,152876.23,1/22/2021,494.72,4030.97,2825515469
595,Winona,Dauney,wdauneygi@salon.com,Male,429833.82,10/25/2020,367.35,2120.38,7988737791
596,Tomasine,Mimmack,tmimmackgj@wikimedia.org,Bigender,452749.37,12/21/2020,180.45,18916.97,6043073412
597,Yuma,Gooden,ygoodengk@cdc.gov,Bigender,316127.78,10/3/2020,317.97,18019.22,8756962002
598,Adele,Sobey,asobeygl@sina.com.cn,Non-binary,479384.75,5/12/2020,257.95,20895.74,3266756851
599,Hulda,Awde,hawdegm@cyberchimps.com,Female,256699.07,6/24/2020,128.11,37478.27,5856697626
600,Aveline,Langhorn,alanghorngn@joomla.org,Non-binary,398747.23,1/18/2021,2.3,11367.81,0420500901
601,Hanan,Beevis,hbeevisgo@topsy.com,Female,63991.62,3/29/2020,111.54,39955.13,2621586465
602,Charmion,Makepeace,cmakepeacegp@phpbb.com,Genderqueer,292207.85,7/14/2020,290.08,38342.54,6126731417
603,Gustaf,Minchin,gminchingq@weebly.com,Female,304149.47,9/12/2020,357.89,48598.57,5963940982
604,Florencia,Geroldo,fgeroldogr@cnbc.com,Bigender,63819.13,12/4/2020,322.36,19237.74,9109524622
605,Zilvia,Larvin,zlarvings@dedecms.com,Agender,121384.29,9/25/2020,176.11,35776.81,9691225352
606,Farly,Peartree,fpeartreegt@mlb.com,Female,356374.41,12/21/2020,219.92,11808.94,4291407769
607,Faith,Hinchcliffe,fhinchcliffegu@mediafire.com,Agender,135535.9,4/29/2020,175.74,19206.44,5977042701
608,Pavla,Sherrell,psherrellgv@paginegialle.it,Female,348556.58,1/20/2021,490.06,20652.64,3981559460
609,Owen,Flowith,oflowithgw@oracle.com,Bigender,371835.08,7/29/2020,272.38,599.56,8607162462
610,Batholomew,Jancey,bjanceygx@discovery.com,Polygender,361825.91,11/3/2020,92.78,41734.61,3257603746
611,Herold,Medlen,hmedlengy@paginegialle.it,Genderfluid,284032.94,11/22/2020,431.72,11626.31,4597084282
612,Aldis,Baptist,abaptistgz@rambler.ru,Polygender,99173.56,4/1/2020,182.72,43469.0,6060376592
613,Drusy,Kippen,dkippenh0@smugmug.com,Female,6775.93,10/26/2020,157.79,18185.61,2557629979
614,Brittany,Skate,bskateh1@spotify.com,Female,345302.77,12/17/2020,306.28,20449.49,5114349716
615,Laverne,Rearden,lreardenh2@wired.com,Bigender,195325.38,9/14/2020,333.34,27484.28,5196512446
616,Emelda,Huortic,ehuortich3@blogspot.com,Bigender,389548.61,7/30/2020,481.81,9739.31,5291015950
617,Ivy,Ingleton,iingletonh4@foxnews.com,Genderqueer,18058.23,12/14/2020,137.6,11507.84,6218910172
618,Laurie,Rostern,lrosternh5@hugedomains.com,Agender,496902.83,11/10/2020,194.03,9987.58,2573918025
619,Emalia,Dobkin,edobkinh6@disqus.com,Genderqueer,54737.45,2/29/2020,407.44,42548.39,9345866418
620,Eda,Yerrall,eyerrallh7@php.net,Non-binary,188311.31,2/6/2021,158.86,26052.13,1469268981
621,Galina,Taft,gtafth8@issuu.com,Agender,102976.12,12/16/2020,10.87,7959.65,8555476003
622,Edythe,Giametti,egiamettih9@naver.com,Male,462780.12,8/14/2020,343.05,9654.24,1174289392
623,Roda,Bader,rbaderha@addthis.com,Genderqueer,330137.45,5/21/2020,340.0,44014.97,6208875943
624,Lowell,Sherrock,lsherrockhb@narod.ru,Bigender,50599.66,6/24/2020,145.06,8126.66,9950912539
625,Larine,Tomasello,ltomasellohc@pcworld.com,Female,211153.93,1/5/2021,116.53,46981.54,5608336143
626,Natalie,Fitzsimmons,nfitzsimmonshd@bbc.co.uk,Agender,50854.26,3/30/2020,328.16,45489.24,2210288630
627,Meggy,Kaliszewski,mkaliszewskihe@netscape.com,Agender,208176.27,11/10/2020,265.31,38873.75,6901119283
628,Konrad,Snoday,ksnodayhf@squidoo.com,Bigender,270570.75,5/25/2020,192.27,7062.61,3645489053
629,Jenni,Howse,jhowsehg@joomla.org,Non-binary,177677.46,4/5/2020,358.77,18037.22,0691958874
630,Linda,Carette,lcarettehh@simplemachines.org,Female,412783.72,10/29/2020,364.52,36643.45,9587212959
631,Lonnie,Redsell,lredsellhi@etsy.com,Male,343031.48,12/21/2020,411.07,23852.76,4837245234
632,Margeaux,Bartolomucci,mbartolomuccihj@fema.gov,Female,185178.95,9/19/2020,419.93,23611.76,8113394079
633,Kym,Fishlee,kfishleehk@vinaora.com,Male,189778.61,5/1/2020,493.98,1981.26,9342598250
634,Ced,Mattheeuw,cmattheeuwhl@netlog.com,Female,251749.65,11/13/2020,341.61,527.87,7559165788
635,Dewie,Dibsdale,ddibsdalehm@harvard.edu,Genderqueer,16957.03,10/10/2020,429.72,33567.04,3167611707
636,Evania,Covolini,ecovolinihn@stumbleupon.com,Genderfluid,357045.29,6/27/2020,362.24,11831.87,8324463275
637,Alexandros,Simo,asimoho@upenn.edu,Polygender,223703.97,10/12/2020,48.92,43664.18,5621939859
638,Sybilla,Morphey,smorpheyhp@apache.org,Male,474897.92,12/15/2020,278.59,49023.09,8818294571
639,Lita,Colhoun,lcolhounhq@webnode.com,Female,251352.67,4/1/2020,46.26,97.25,0519305620
640,Oralie,Milley,omilleyhr@sbwire.com,Bigender,249010.25,7/23/2020,66.25,13205.34,5192083362
641,Cass,Blanch,cblanchhs@123-reg.co.uk,Female,292016.8,4/9/2020,482.98,34054.72,4766413431
642,Oliver,Ferrillo,oferrilloht@rediff.com,Non-binary,410490.95,8/30/2020,281.62,9135.3,0915588684
643,Gualterio,Brahan,gbrahanhu@amazon.co.jp,Genderfluid,316849.78,5/28/2020,289.31,31739.51,5060509974
644,Julie,Isaksen,jisaksenhv@vimeo.com,Genderfluid,133937.15,4/22/2020,493.29,26190.3,6490876728
645,Chickie,Chiles,cchileshw@yolasite.com,Polygender,15330.56,3/8/2020,336.67,31729.34,0458343803
646,Henrie,Di Batista,hdibatistahx@tmall.com,Polygender,186298.44,7/11/2020,8.3,16743.63,1941918565
647,Claresta,Lonnon,clonnonhy@virginia.edu,Polygender,474610.91,11/26/2020,80.5,45164.85,0727787845
648,Missie,Farrow,mfarrowhz@usa.gov,Genderfluid,498217.8,9/30/2020,23.2,36868.65,1748544845
649,Emanuele,Bohlens,ebohlensi0@free.fr,Agender,350245.66,10/2/2020,40.34,21113.62,6735608119
650,Orson,Lovitt,olovitti1@smh.com.au,Genderfluid,53193.04,4/15/2020,287.57,11214.88,9493206793
651,Alvis,Crick,acricki2@sina.com.cn,Agender,158456.0,3/5/2020,191.29,11530.34,9524736446
652,Langston,Carsberg,lcarsbergi3@timesonline.co.uk,Non-binary,327434.96,9/11/2020,298.57,37561.49,1647224101
653,Lisbeth,Frenzel;,lfrenzeli4@discuz.net,Male,43483.55,12/3/2020,495.85,10971.59,2237527539
654,Sharai,Maffia,smaffiai5@ebay.com,Genderqueer,405501.98,12/7/2020,417.43,33783.42,2429811693
655,Jermayne,Boyland,jboylandi6@opera.com,Male,102183.62,2/7/2021,206.72,41268.91,2474910220
656,Barbaraanne,Boyen,bboyeni7@addtoany.com,Genderfluid,39657.67,6/8/2020,374.19,51.59,3887556534
657,Masha,Alejandri,malejandrii8@digg.com,Genderfluid,248888.25,1/6/2021,307.6,44949.0,7361027393
658,Burr,Winchester,bwinchesteri9@privacy.gov.au,Agender,35912.65,11/19/2020,231.03,8720.05,1168370833
659,Ardisj,Tunnick,atunnickia@fastcompany.com,Agender,39258.26,9/21/2020,88.93,5364.95,2879320143
660,Kerwinn,Canedo,kcanedoib@sitemeter.com,Bigender,377974.71,3/14/2020,383.59,7726.56,3187262406
661,Alwyn,Bradnocke,abradnockeic@japanpost.jp,Genderqueer,138595.55,12/11/2020,405.82,43027.82,5186181269
662,Davey,Rabson,drabsonid@histats.com,Genderfluid,209412.6,7/23/2020,295.79,13192.17,2419100646
663,Korry,Simanek,ksimanekie@biglobe.ne.jp,Male,37904.81,5/30/2020,157.4,44635.48,0474220966
664,Trey,Sherrock,tsherrockif@hhs.gov,Genderqueer,446680.39,8/24/2020,261.33,17819.12,0262800705
665,Melita,Thombleson,mthomblesonig@loc.gov,Female,378130.95,9/13/2020,476.14,4002.24,2282306929
666,Mendie,Hamlet,mhamletih@w3.org,Bigender,444670.17,12/5/2020,179.78,31216.85,6817004276
667,Dari,Rozzell,drozzellii@weibo.com,Bigender,188559.74,2/14/2020,304.75,36688.85,4271610542
668,Eugenius,Bugg,ebuggij@people.com.cn,Female,478514.98,9/1/2020,183.48,24921.76,4678509895
669,Beilul,Angerstein,bangersteinik@google.nl,Polygender,392280.37,8/12/2020,293.17,5306.67,5305258480
670,Daisey,Gibbeson,dgibbesonil@chicagotribune.com,Genderfluid,172712.64,10/20/2020,139.08,36599.84,3016705060
671,Olly,Thorneloe,othorneloeim@simplemachines.org,Agender,156246.8,11/24/2020,209.91,20291.13,6247328699
672,Edwin,Auchinleck,eauchinleckin@samsung.com,Agender,258468.87,8/29/2020,169.98,18246.02,1312754125
673,Steve,Esler,seslerio@youtube.com,Genderqueer,214499.63,5/15/2020,259.05,9945.35,1728293103
674,Neel,Bussetti,nbussettiip@webs.com,Agender,488096.46,4/16/2020,78.86,48959.52,5992172734
675,Cordell,Varran,cvarraniq@alexa.com,Bigender,454310.39,3/8/2020,147.27,46398.4,5524360922
676,Vicki,Bramstom,vbramstomir@vinaora.com,Bigender,476601.42,6/9/2020,285.12,12474.65,5889402757
677,Ondrea,Nuss,onussis@ebay.co.uk,Female,12376.9,6/5/2020,181.52,28665.06,2324349957
678,Ursula,Sterte,usterteit@hhs.gov,Female,172576.04,5/31/2020,239.11,19649.51,0699467209
679,Yankee,Cattrall,ycattralliu@wordpress.org,Genderfluid,409026.34,11/30/2020,253.89,11736.94,7282984433
680,Erinn,Swyer,eswyeriv@diigo.com,Female,313671.13,10/25/2020,493.43,47452.54,0967414881
681,Jakob,Rickaby,jrickabyiw@canalblog.com,Genderfluid,154230.31,8/19/2020,174.46,22601.81,3056353769
682,Brian,Klagges,bklaggesix@fema.gov,Agender,32040.92,8/17/2020,134.42,8643.86,8946736798
683,Jayme,Yancey,jyanceyiy@xing.com,Polygender,498826.92,4/6/2020,343.23,22067.41,0358339073
684,Zacharie,Crockley,zcrockleyiz@princeton.edu,Bigender,237251.92,11/23/2020,249.77,25836.75,3794699629
685,Darrick,Parley,dparleyj0@delicious.com,Genderfluid,306911.6,12/7/2020,448.58,10022.66,5749983773
686,Eloisa,Iaduccelli,eiaduccellij1@cpanel.net,Genderqueer,14195.56,10/25/2020,86.04,19038.08,9217687839
687,Elijah,Vasyaev,evasyaevj2@macromedia.com,Agender,321129.47,12/16/2020,384.12,15681.41,0178595101
688,Casandra,Lideard,clideardj3@networkadvertising.org,Genderqueer,393100.16,12/9/2020,369.89,38612.59,3153761728
689,Lezley,Yardley,lyardleyj4@hhs.gov,Non-binary,390996.6,4/9/2020,83.71,1963.76,5610684803
690,Cristian,Seabridge,cseabridgej5@skype.com,Non-binary,475998.55,3/13/2020,192.41,9732.03,8821164454
691,Mercie,Bellsham,mbellshamj6@shareasale.com,Genderfluid,413813.93,6/9/2020,206.94,36311.59,3680895690
692,Margo,Extance,mextancej7@utexas.edu,Agender,316174.47,10/15/2020,339.55,30198.88,7843149112
693,Lorain,Ainscough,lainscoughj8@amazon.com,Polygender,391367.56,7/2/2020,356.12,48096.77,1399943200
694,Mikol,Jurczak,mjurczakj9@mayoclinic.com,Male,116156.76,1/2/2021,3.41,35082.6,2916418636
695,Orella,Ducaen,oducaenja@shutterfly.com,Polygender,439496.74,5/17/2020,433.48,12878.14,9927849338
696,Rochell,Crosson,rcrossonjb@soundcloud.com,Genderfluid,431666.93,8/1/2020,183.94,24657.39,1696762030
697,Darcee,Shimon,dshimonjc@cafepress.com,Polygender,454810.72,6/2/2020,459.31,42953.45,7888578675
698,Olly,Spensley,ospensleyjd@yahoo.com,Bigender,361570.15,6/2/2020,352.64,37990.59,1897261071
699,Lilias,Regitz,lregitzje@ezinearticles.com,Polygender,188962.72,1/15/2021,409.16,10362.64,2806283531
700,Tony,Madgwich,tmadgwichjf@themeforest.net,Genderfluid,458393.72,9/15/2020,374.61,2673.39,4479161945
701,Adrianne,Cuff,acuffjg@furl.net,Genderqueer,139344.93,2/16/2020,273.49,45223.56,6221753651
702,Newton,Dowse,ndowsejh@mac.com,Bigender,452952.95,5/1/2020,267.94,48939.42,3440397017
703,Hadleigh,Maffetti,hmaffettiji@bizjournals.com,Polygender,490960.36,12/31/2020,56.18,48382.08,0722817452
704,Udall,Goodby,ugoodbyjj@netlog.com,Male,142581.35,5/18/2020,326.16,6602.61,5326810794
705,Ileane,Brister,ibristerjk@usa.gov,Bigender,438562.26,8/10/2020,227.48,49893.95,3493251807
706,Wileen,Blincoe,wblincoejl@cbsnews.com,Genderqueer,174815.68,5/24/2020,415.3,8593.85,7986513209
707,Ferdinand,Hayley,fhayleyjm@columbia.edu,Agender,158404.09,4/2/2020,109.82,21150.48,9142699533
708,Adel,Campes,acampesjn@nydailynews.com,Genderqueer,161697.64,9/24/2020,381.32,19466.57,6297733198
709,Stephen,Pedron,spedronjo@google.com.hk,Agender,82622.14,11/17/2020,480.1,15009.24,8902864138
710,Gregor,Delle,gdellejp@go.com,Non-binary,237840.58,10/24/2020,352.24,46978.29,3024943455
711,Reynolds,Orcott,rorcottjq@narod.ru,Genderfluid,97020.84,4/4/2020,443.23,39072.92,2330333838
712,Elka,Sate,esatejr@pcworld.com,Non-binary,216476.56,11/30/2020,477.68,34455.89,1160334714
713,Buddie,Hogsden,bhogsdenjs@tripadvisor.com,Agender,466063.34,7/18/2020,184.38,42464.12,9218276786
714,Magda,Tilbury,mtilburyjt@huffingtonpost.com,Female,275539.54,5/8/2020,74.78,26583.4,0967598001
715,Elinor,MacDunleavy,emacdunleavyju@google.fr,Genderqueer,125149.31,12/7/2020,32.64,37714.93,5632452522
716,Marena,Burnsell,mburnselljv@photobucket.com,Genderqueer,157725.69,8/30/2020,332.43,44825.58,5970905445
717,Geralda,Lundy,glundyjw@flavors.me,Male,214529.42,8/2/2020,240.93,8060.02,0214973174
718,Rriocard,Jutson,rjutsonjx@spotify.com,Polygender,274660.69,1/22/2021,90.61,9461.95,3311359658
719,Justis,Ivashintsov,jivashintsovjy@google.pl,Polygender,167245.61,3/2/2020,363.32,38259.52,5753465676
720,Libby,Barnard,lbarnardjz@discovery.com,Non-binary,408263.49,4/30/2020,381.64,2605.16,9658789137
721,Ethelyn,Emanulsson,eemanulssonk0@vimeo.com,Polygender,295392.65,2/22/2020,453.46,14280.6,8002073916
722,Kale,Di Meo,kdimeok1@ihg.com,Female,133426.72,6/26/2020,479.06,39698.44,4562707372
723,Wolf,Dudbridge,wdudbridgek2@rakuten.co.jp,Genderqueer,268205.45,9/30/2020,232.33,24321.78,0415109787
724,Melita,Caveill,mcaveillk3@twitpic.com,Female,94310.51,5/11/2020,240.98,16372.14,5129595300
725,Myranda,Stitson,mstitsonk4@de.vu,Polygender,389095.5,9/26/2020,330.9,25335.55,2759514420
726,Michel,Godar,mgodark5@ihg.com,Female,213147.03,6/21/2020,69.12,35208.72,1065973837
727,Serena,Cowlam,scowlamk6@about.me,Genderfluid,124932.67,7/1/2020,132.82,44503.25,5420317389
728,Adiana,Bratchell,abratchellk7@cmu.edu,Polygender,154308.39,9/1/2020,241.12,2050.42,6748437075
729,Flinn,Smithend,fsmithendk8@creativecommons.org,Genderfluid,329037.78,11/14/2020,156.8,6887.49,6830874300
730,Talbert,Attryde,tattrydek9@rediff.com,Male,235132.65,9/19/2020,206.03,24929.51,5868233662
731,Glenn,Bodham,gbodhamka@github.com,Non-binary,137602.55,9/8/2020,154.79,17174.12,7595257433
732,Pennie,Mableson,pmablesonkb@google.it,Bigender,230593.73,3/13/2020,94.75,10069.34,6073136188
733,Katina,Rulf,krulfkc@shareasale.com,Agender,415071.53,8/18/2020,69.4,38230.05,5499177082
734,Lauretta,Akaster,lakasterkd@artisteer.com,Non-binary,391237.15,2/23/2020,140.67,1351.98,8647136969
735,Nobie,Morphet,nmorphetke@rambler.ru,Non-binary,310380.92,12/4/2020,253.12,14193.82,6869239452
736,Ronnie,Huband,rhubandkf@china.com.cn,Genderqueer,202479.84,5/28/2020,336.59,1896.89,3425160079
737,Jessy,Branch,jbranchkg@ucla.edu,Female,475137.41,4/24/2020,320.78,36275.95,4835624335
738,Emlynne,Fausch,efauschkh@virginia.edu,Agender,143782.75,1/24/2021,279.98,45344.12,8506549256
739,Delinda,Wintour,dwintourki@nba.com,Male,361054.77,7/3/2020,413.89,22748.44,6448207104
740,Cad,Severy,cseverykj@networkadvertising.org,Female,482561.05,3/9/2020,489.87,47172.83,9118019390
741,Pete,Abbet,pabbetkk@de.vu,Non-binary,213097.72,2/3/2021,310.56,28916.84,7265836693
742,Eamon,Cliff,ecliffkl@sitemeter.com,Genderfluid,126098.06,2/5/2021,261.27,47737.13,8028244777
743,Nikita,Setterington,nsetteringtonkm@sina.com.cn,Non-binary,271590.57,1/11/2021,63.24,7559.39,2055751352
744,Mufinella,Rae,mraekn@instagram.com,Polygender,295453.02,1/29/2021,121.77,14769.21,5059734706
745,Jeannine,McCurry,jmccurryko@statcounter.com,Genderqueer,280089.13,1/27/2021,287.75,36343.3,2695213875
746,Yancey,Gillino,ygillinokp@latimes.com,Bigender,365994.98,5/14/2020,11.96,26696.63,8450141419
747,Cosmo,Bruce,cbrucekq@digg.com,Female,24747.96,9/13/2020,435.96,44810.45,8792324045
748,Fianna,McCready,fmccreadykr@yandex.ru,Bigender,450961.53,5/17/2020,405.55,1288.43,1206820039
749,Olive,Adamiec,oadamiecks@ovh.net,Polygender,255005.61,8/24/2020,397.88,47551.04,0420693920
750,Matthus,Cruttenden,mcruttendenkt@epa.gov,Agender,363006.73,11/10/2020,428.33,19154.98,7022400636
751,Alie,Prigmore,aprigmoreku@ucoz.com,Bigender,422330.0,2/9/2020,26.71,9692.23,0796106843
752,Rafael,Stennett,rstennettkv@topsy.com,Male,98622.43,12/18/2020,31.29,8699.75,0602786215
753,Cristobal,Swetenham,cswetenhamkw@army.mil,Bigender,423063.69,8/10/2020,442.9,42864.65,6638270214
754,Artemas,Franceschelli,afranceschellikx@geocities.jp,Polygender,52091.91,12/31/2020,210.75,18415.67,4759673237
755,Jarret,Kinset,jkinsetky@parallels.com,Agender,336955.24,8/5/2020,197.09,5014.94,8775483130
756,Calley,Labrone,clabronekz@gov.uk,Male,437929.87,9/21/2020,318.34,8394.48,5811866941
757,Carleen,Luxton,cluxtonl0@businesswire.com,Male,366723.79,7/10/2020,3.22,14944.45,6419359163
758,Thaddus,Cordaroy,tcordaroyl1@dagondesign.com,Non-binary,26934.22,5/24/2020,319.92,23266.49,3803918286
759,Stearn,Lethbury,slethburyl2@ning.com,Polygender,16862.69,1/19/2021,380.33,4612.22,8100257760
760,Janey,Down,jdownl3@moonfruit.com,Genderqueer,458852.31,6/21/2020,464.97,49935.67,3120127256
761,Nettie,Ainscow,nainscowl4@instagram.com,Non-binary,85705.12,4/11/2020,143.2,2380.79,5341197887
762,Kelci,Gaylord,kgaylordl5@cisco.com,Genderqueer,467635.55,3/8/2020,318.74,44103.17,6185117487
763,Carley,Pellman,cpellmanl6@cpanel.net,Female,337322.98,6/16/2020,432.49,10441.98,4211676873
764,Currey,Sweatman,csweatmanl7@gmpg.org,Male,341105.75,11/29/2020,378.95,4708.11,4454489416
765,Friedrich,Benoi,fbenoil8@wordpress.com,Genderfluid,336682.53,7/15/2020,193.93,16430.35,7495864931
766,Keelia,Silcocks,ksilcocksl9@ucoz.ru,Genderfluid,287151.66,5/10/2020,51.07,28995.5,0809463288
767,Avictor,Bestiman,abestimanla@example.com,Male,376865.01,8/27/2020,428.51,8149.94,4742164253
768,Lyndsay,Wane,lwanelb@businessweek.com,Genderfluid,52388.72,3/21/2020,196.51,47515.53,6640264803
769,Gwenore,O'Hickey,gohickeylc@ifeng.com,Male,285247.28,1/13/2021,87.14,3804.89,4549897678
770,Oliy,Valerius,ovaleriusld@unblog.fr,Bigender,21329.66,5/3/2020,115.67,25376.46,1601463006
771,Kahlil,Cashell,kcashellle@hatena.ne.jp,Female,278065.84,5/7/2020,477.95,4102.0,9035024796
772,Ludovico,Callingham,lcallinghamlf@devhub.com,Female,45725.96,1/2/2021,237.26,16379.57,2556718307
773,Gustavo,Tearny,gtearnylg@hhs.gov,Non-binary,373109.17,2/15/2020,24.06,20865.2,3890758142
774,Goddard,Float,gfloatlh@foxnews.com,Agender,33679.65,9/18/2020,436.18,40532.61,0380722852
775,Avery,Juanico,ajuanicoli@geocities.com,Polygender,418600.31,7/1/2020,115.1,11578.0,2730372342
776,Egon,Defond,edefondlj@example.com,Agender,175147.0,10/6/2020,368.99,37284.24,7866717591
777,De,Withrington,dwithringtonlk@salon.com,Genderqueer,401675.53,3/16/2020,323.87,24216.36,0730394557
778,Mandi,Pfeffle,mpfefflell@nytimes.com,Female,214052.08,10/25/2020,419.51,45978.45,5026770320
779,Cally,Fanner,cfannerlm@seesaa.net,Non-binary,89558.86,8/24/2020,477.75,21828.37,7525550859
780,Clarette,Marskell,cmarskellln@jugem.jp,Non-binary,65048.03,9/11/2020,305.57,30535.49,0035749873
781,Gabriele,Draye,gdrayelo@thetimes.co.uk,Agender,172638.96,5/20/2020,496.72,35596.05,3708535162
782,Vyky,Mulvin,vmulvinlp@economist.com,Bigender,230910.71,9/12/2020,80.9,43871.8,1925496546
783,Gherardo,MacCosty,gmaccostylq@usa.gov,Agender,331217.99,2/7/2021,142.0,26073.66,1390408310
784,Stanley,Laxen,slaxenlr@yelp.com,Agender,48302.74,5/1/2020,250.52,7901.7,8687635443
785,Gilemette,Otley,gotleyls@gov.uk,Female,198038.71,3/23/2020,312.59,32033.8,7124943965
786,Dunstan,Speare,dspearelt@joomla.org,Female,38452.37,6/28/2020,379.87,29452.69,6471007507
787,Leelah,Crankhorn,lcrankhornlu@woothemes.com,Genderfluid,427677.16,5/27/2020,338.99,972.02,1518887368
788,Brittany,Cullinane,bcullinanelv@statcounter.com,Polygender,486383.34,8/26/2020,322.81,11919.92,4733903995
789,Mikey,Vautin,mvautinlw@github.com,Agender,238107.45,3/20/2020,458.05,4386.35,8620759817
790,Leta,Brimilcombe,lbrimilcombelx@guardian.co.uk,Female,362532.73,3/16/2020,426.96,49883.93,7863165075
791,Ashleigh,Caroll,acarollly@gov.uk,Genderfluid,39429.13,7/10/2020,366.46,22477.76,2003774505
792,Caralie,Mosedale,cmosedalelz@microsoft.com,Male,183904.4,12/1/2020,306.68,9646.62,5385509930
793,Rozalin,Kalkofen,rkalkofenm0@phpbb.com,Female,494756.64,1/30/2021,411.0,16629.25,2288642793
794,Clotilda,Lampens,clampensm1@xing.com,Non-binary,268086.44,4/22/2020,352.21,39879.86,2406212300
795,Thornton,Patton,tpattonm2@feedburner.com,Genderfluid,408938.59,9/8/2020,456.76,42298.32,1558315845
796,Franny,Pendell,fpendellm3@a8.net,Bigender,41291.29,12/20/2020,307.9,43731.29,7854450978
797,Brandais,Genny,bgennym4@slate.com,Non-binary,74885.99,10/1/2020,379.74,27060.56,3715455969
798,Deck,Suddaby,dsuddabym5@admin.ch,Female,379497.04,6/8/2020,487.48,44797.1,6085467095
799,Billy,Peters,bpetersm6@g.co,Bigender,391406.01,1/12/2021,261.07,43711.25,4765024563
800,Philomena,Wiley,pwileym7@dmoz.org,Agender,438466.63,11/5/2020,413.24,42745.87,5683893909
801,Lanie,Clynman,lclynmanm8@istockphoto.com,Bigender,146831.97,7/18/2020,330.52,23176.99,4934779795
802,Natasha,Mixture,nmixturem9@harvard.edu,Male,304964.61,4/6/2020,458.58,48318.12,3010096615
803,Beilul,MacAnelley,bmacanelleyma@sohu.com,Non-binary,167321.0,2/12/2020,345.23,31553.83,8371942869
804,Jania,Game,jgamemb@ocn.ne.jp,Non-binary,17976.09,8/27/2020,181.05,10438.58,8916001870
805,Griffie,Vink,gvinkmc@jugem.jp,Male,499338.91,6/30/2020,464.12,43160.9,0021671478
806,Hyacintha,Arden,hardenmd@shareasale.com,Non-binary,154165.87,11/14/2020,326.36,5108.96,7852598137
807,Anny,Siviter,asiviterme@networkadvertising.org,Genderqueer,442288.16,12/7/2020,402.84,43862.31,0973555521
808,Fons,Aristide,faristidemf@technorati.com,Genderfluid,160479.87,11/18/2020,263.35,27631.42,3857948248
809,Rowney,Gowthorpe,rgowthorpemg@geocities.jp,Genderfluid,407072.19,8/17/2020,449.05,18451.73,2373262118
810,Rick,Kirlin,rkirlinmh@mozilla.org,Non-binary,300331.16,9/18/2020,228.37,45448.19,3993184629
811,Carolee,Dallas,cdallasmi@nature.com,Non-binary,67125.81,3/3/2020,412.01,18134.26,3698233371
812,Laney,Bantham,lbanthammj@vinaora.com,Polygender,409515.8,11/10/2020,373.42,27107.9,5255489743
813,Dode,Luto,dlutomk@gizmodo.com,Polygender,118853.62,1/23/2021,92.47,44965.33,2994079771
814,Eileen,Kenewell,ekenewellml@hugedomains.com,Genderqueer,442474.42,2/18/2020,376.43,24294.09,3910377629
815,Anthiathia,Carville,acarvillemm@oaic.gov.au,Genderfluid,254555.14,9/14/2020,377.05,38789.22,1022312693
816,Hermie,Kinnear,hkinnearmn@so-net.ne.jp,Genderqueer,264837.71,4/5/2020,453.88,13149.06,3850400166
817,Bank,Bertin,bbertinmo@bloglines.com,Bigender,152537.14,7/16/2020,278.9,12478.73,6960907896
818,Thorin,Rittmeyer,trittmeyermp@purevolume.com,Polygender,251123.92,4/26/2020,400.63,41570.15,1090821980
819,Taber,Moncaster,tmoncastermq@about.com,Female,108192.71,2/24/2020,237.24,754.56,0634967215
820,Marquita,Pollins,mpollinsmr@usgs.gov,Agender,182424.46,3/30/2020,298.21,36641.38,1215605862
821,Raynell,McCollum,rmccollumms@mit.edu,Bigender,369388.58,11/1/2020,298.39,33766.52,2879201829
822,Elianora,Claris,eclarismt@tripadvisor.com,Male,296395.65,1/6/2021,485.24,28257.44,2699917974
823,Tiphani,Hennemann,thennemannmu@google.fr,Polygender,393364.24,6/15/2020,341.35,5110.81,4113833982
824,Brynna,Spiniello,bspiniellomv@cpanel.net,Non-binary,488226.83,11/15/2020,183.71,32243.23,6138234286
825,Daisy,MacTrusty,dmactrustymw@msu.edu,Non-binary,262318.89,8/27/2020,172.59,20474.25,4336999325
826,Whitney,Bus,wbusmx@omniture.com,Genderfluid,483842.66,10/26/2020,257.05,3946.6,1294417878
827,Cross,Leyman,cleymanmy@japanpost.jp,Non-binary,481213.7,2/18/2020,63.94,8255.94,6129142331
828,Derron,Shedd,dsheddmz@icq.com,Bigender,447981.5,3/6/2020,259.78,41876.85,2639517465
829,Wilfrid,Hubbis,whubbisn0@lycos.com,Genderqueer,480164.14,9/15/2020,132.22,17029.85,6576789858
830,Les,Giacomozzo,lgiacomozzon1@rediff.com,Agender,104361.32,5/14/2020,257.65,30977.32,0071819304
831,Amandie,Stalman,astalmann2@w3.org,Agender,467950.1,12/21/2020,294.47,23451.64,3455781772
832,Eimile,Coventon,ecoventonn3@oracle.com,Agender,109388.9,8/1/2020,318.57,49178.29,5889579088
833,Marion,Thoresby,mthoresbyn4@bluehost.com,Agender,315941.41,10/30/2020,224.92,21552.75,5767681163
834,Tibold,Treneer,ttreneern5@kickstarter.com,Female,14451.11,10/16/2020,419.87,30325.05,4710239436
835,Daniela,Bedson,dbedsonn6@newyorker.com,Bigender,166143.0,4/23/2020,143.86,44759.41,1602324972
836,Heath,Behning,hbehningn7@bandcamp.com,Bigender,145480.86,12/17/2020,466.58,40335.99,0244250189
837,Galen,Hugonet,ghugonetn8@howstuffworks.com,Genderfluid,260241.72,11/28/2020,275.38,19366.32,0172456703
838,Margaret,Bremmer,mbremmern9@bbc.co.uk,Agender,336488.81,11/15/2020,450.93,40994.74,4823968204
839,Kinsley,Boatwright,kboatwrightna@utexas.edu,Polygender,257478.44,11/4/2020,81.16,42622.23,8049656810
840,Karl,Lathey,klatheynb@gizmodo.com,Male,436036.32,6/10/2020,48.29,29751.0,9922942615
841,Barnie,Brenard,bbrenardnc@baidu.com,Genderqueer,293111.76,11/22/2020,249.87,39976.29,3281474365
842,Orella,Championnet,ochampionnetnd@ihg.com,Agender,366081.59,1/1/2021,208.74,6442.33,5573070789
843,Tiebold,Crab,tcrabne@smugmug.com,Female,9910.24,8/11/2020,217.15,43622.94,2689725827
844,Mora,Wilderspoon,mwilderspoonnf@squarespace.com,Female,395562.49,5/19/2020,124.13,18483.28,5019173339
845,Justina,McCuaig,jmccuaigng@spiegel.de,Bigender,257540.91,3/18/2020,240.25,39876.29,9473169035
846,Napoleon,Beet,nbeetnh@e-recht24.de,Female,231090.85,9/28/2020,373.27,43068.23,9772049546
847,Eunice,Van der Brugge,evanderbruggeni@cpanel.net,Genderqueer,287118.33,5/4/2020,405.58,30898.09,4700600527
848,Ramsey,Brundrett,rbrundrettnj@google.es,Female,314860.59,3/8/2020,435.95,248.09,2780954566
849,Michal,Lambotin,mlambotinnk@thetimes.co.uk,Female,63098.63,6/22/2020,488.57,35565.98,4787236113
850,Mickey,Moulson,mmoulsonnl@opera.com,Bigender,377350.31,5/20/2020,418.73,17481.32,4414412315
851,Persis,Clementson,pclementsonnm@live.com,Agender,472152.3,6/3/2020,472.66,1239.33,0621783099
852,Linus,Fotitt,lfotittnn@phoca.cz,Polygender,391306.64,12/4/2020,175.22,22402.16,6311931222
853,Chuck,Gonet,cgonetno@soup.io,Female,97827.49,1/31/2021,128.41,45146.67,1896632645
854,Sim,Maciejak,smaciejaknp@prweb.com,Polygender,215211.34,6/16/2020,203.91,10337.72,7673265079
855,Arlette,Aronovitz,aaronovitznq@usa.gov,Bigender,198873.66,6/27/2020,119.6,44290.7,7432602417
856,Adrea,Leger,alegernr@ameblo.jp,Male,252561.0,4/21/2020,90.58,16886.72,6109536997
857,Jenilee,Arderne,jardernens@princeton.edu,Non-binary,480936.28,12/8/2020,255.77,45708.03,1352188570
858,Bryanty,Tewkesbury.,btewkesburynt@amazon.co.uk,Non-binary,192728.18,7/13/2020,113.47,12220.48,9871246226
859,Eulalie,Vanyashin,evanyashinnu@netlog.com,Male,242397.15,10/18/2020,445.03,10955.51,7673200627
860,Helen-elizabeth,Mewton,hmewtonnv@altervista.org,Non-binary,488955.33,5/13/2020,161.48,33955.43,6494987281
861,Nils,Yurchenko,nyurchenkonw@wordpress.com,Female,225340.67,11/19/2020,412.83,32752.29,3158662760
862,Kirsteni,Dryburgh,kdryburghnx@macromedia.com,Non-binary,356035.45,12/14/2020,64.4,6000.92,6076238380
863,Cozmo,Darell,cdarellny@flavors.me,Genderqueer,397675.56,4/28/2020,345.82,44082.96,5056169358
864,Goldarina,Bootes,gbootesnz@dyndns.org,Bigender,142391.48,9/24/2020,118.85,722.44,1385438789
865,Saul,Arnow,sarnowo0@rambler.ru,Genderqueer,406883.35,12/28/2020,91.31,9563.11,4453456778
866,Nananne,Hendin,nhendino1@bloomberg.com,Male,365041.06,1/2/2021,72.04,42841.1,1380341280
867,Lisle,Mion,lmiono2@wikia.com,Genderfluid,70822.97,4/13/2020,388.44,36738.83,5696004849
868,Corilla,Ockendon,cockendono3@xrea.com,Polygender,227694.16,8/27/2020,308.78,14365.92,3754980807
869,Lynea,Marco,lmarcoo4@timesonline.co.uk,Male,177348.24,5/28/2020,182.93,31936.06,7255547737
870,Lars,Demangel,ldemangelo5@walmart.com,Non-binary,294346.87,4/13/2020,48.24,24431.93,3125777526
871,Reinold,Elward,relwardo6@instagram.com,Female,56063.6,7/31/2020,168.93,924.93,2204249963
872,Kordula,Prynne,kprynneo7@icio.us,Genderfluid,266282.9,6/10/2020,40.93,32609.1,0715684841
873,Bunnie,MacBey,bmacbeyo8@php.net,Polygender,375948.16,9/6/2020,116.04,41031.77,2205619926
874,Maud,Krugmann,mkrugmanno9@drupal.org,Non-binary,235457.42,3/13/2020,209.53,5177.7,6613404152
875,Pansie,Stellin,pstellinoa@prnewswire.com,Non-binary,317997.79,6/2/2020,250.55,22741.53,1391219589
876,Marlo,Hallt,mhalltob@stanford.edu,Female,282464.88,6/6/2020,119.99,18341.35,6209235336
877,Antonia,Simcock,asimcockoc@taobao.com,Female,26103.03,7/22/2020,390.37,38068.84,2922788652
878,Kelcie,Manhood,kmanhoodod@latimes.com,Genderfluid,44442.41,6/9/2020,436.4,42620.84,6446615299
879,Maryjo,MacNab,mmacnaboe@techcrunch.com,Bigender,386422.97,6/8/2020,348.47,6039.56,8025555283
880,Pearl,Phidgin,pphidginof@addtoany.com,Non-binary,207298.36,4/14/2020,264.94,47780.26,1098266196
881,Sidonnie,Janata,sjanataog@ted.com,Polygender,142884.54,9/20/2020,294.65,5274.22,2787729789
882,Bevon,Manwaring,bmanwaringoh@nytimes.com,Bigender,27806.52,9/13/2020,372.53,30425.68,7141390596
883,Nita,Trenbay,ntrenbayoi@theglobeandmail.com,Bigender,362299.59,7/28/2020,47.53,5791.08,8344322391
884,Bobette,Pountney,bpountneyoj@theglobeandmail.com,Female,248342.7,5/16/2020,59.25,40016.37,9136513776
885,Frasco,Doughtery,fdoughteryok@google.pl,Agender,446817.54,8/26/2020,461.69,22123.27,7582833708
886,Trudie,Peile,tpeileol@posterous.com,Agender,274515.84,10/28/2020,341.11,39131.93,1575115298
887,Shawn,Frankiss,sfrankissom@tamu.edu,Genderqueer,407992.54,8/25/2020,49.96,24541.83,2202925538
888,Bobinette,Pettet,bpetteton@t.co,Genderqueer,294096.98,10/2/2020,123.64,1261.48,3797751877
889,Jeanna,Claasen,jclaasenoo@ihg.com,Genderfluid,137966.94,9/24/2020,264.5,13439.43,3637942976
890,Sara,MacColm,smaccolmop@themeforest.net,Polygender,478869.2,8/9/2020,238.59,2328.93,1204967733
891,Trip,Bowness,tbownessoq@independent.co.uk,Male,144557.24,11/18/2020,288.26,33772.32,3734100127
892,Janina,Coyett,jcoyettor@amazonaws.com,Male,134974.56,7/11/2020,64.56,37771.57,1244475203
893,Concettina,Corbally,ccorballyos@buzzfeed.com,Male,132859.12,9/5/2020,403.63,22343.66,2511480093
894,Bernelle,Sesser,bsesserot@archive.org,Male,133069.49,10/29/2020,311.58,31113.88,8612603390
895,Vonni,Stiger,vstigerou@pagesperso-orange.fr,Agender,370793.05,6/14/2020,436.28,36458.0,2807838952
896,Benji,Bambridge,bbambridgeov@gizmodo.com,Female,73793.82,1/4/2021,235.56,26187.82,9053888667
897,Vale,Paddell,vpaddellow@exblog.jp,Non-binary,425310.0,12/31/2020,283.97,22755.99,7287327627
898,Flossy,Jutson,fjutsonox@sohu.com,Genderqueer,89102.54,12/9/2020,51.54,47376.7,5154397584
899,Lou,Devons,ldevonsoy@themeforest.net,Bigender,374138.32,6/15/2020,465.87,41094.36,7233174644
900,Ruggiero,Stayte,rstayteoz@bandcamp.com,Bigender,25149.64,4/21/2020,388.04,30405.77,3681371962
901,Emmi,Hamments,ehammentsp0@theatlantic.com,Agender,464414.0,6/30/2020,46.13,26567.11,8295686658
902,Lacee,Bolt,lboltp1@boston.com,Genderfluid,223601.05,11/30/2020,92.21,40938.78,0741289261
903,Ramon,Pozzo,rpozzop2@webeden.co.uk,Polygender,231285.47,3/27/2020,364.99,8203.9,7359444489
904,Junie,Halversen,jhalversenp3@mysql.com,Genderfluid,368218.96,11/18/2020,305.77,35142.04,6695837473
905,Raphaela,Lossman,rlossmanp4@ovh.net,Genderfluid,53393.34,12/8/2020,387.05,25115.69,5450048475
906,Raffaello,Betje,rbetjep5@nyu.edu,Polygender,426185.44,1/23/2021,51.49,36705.85,6316082339
907,Allistir,Edlin,aedlinp6@cbslocal.com,Male,123504.63,5/6/2020,426.64,49756.56,8739452867
908,Emlyn,Di Giacomo,edigiacomop7@qq.com,Bigender,414575.6,7/25/2020,467.11,14245.78,1955248575
909,Noelyn,Eby,nebyp8@census.gov,Polygender,190746.59,6/27/2020,449.29,20321.73,0926479601
910,Leeland,Stronough,lstronoughp9@telegraph.co.uk,Female,406038.61,10/12/2020,253.56,49819.58,1297693884
911,Mackenzie,Jaffra,mjaffrapa@ebay.com,Non-binary,237540.0,5/30/2020,291.45,13905.76,6068318435
912,Aylmar,Shelf,ashelfpb@opera.com,Agender,292974.0,8/1/2020,191.27,14505.42,3134388286
913,Leigh,Prime,lprimepc@printfriendly.com,Polygender,225838.21,10/23/2020,53.21,29602.22,4626929583
914,Mickey,Lamble,mlamblepd@oaic.gov.au,Genderqueer,341480.97,4/20/2020,444.15,15030.27,0492639574
915,Daven,Kobierzycki,dkobierzyckipe@delicious.com,Polygender,171690.85,7/30/2020,232.86,37004.6,2117598889
916,Nady,Wiffler,nwifflerpf@census.gov,Non-binary,373654.84,12/8/2020,165.3,16088.11,1518058175
917,Carena,Wigmore,cwigmorepg@xrea.com,Male,368697.54,10/10/2020,227.62,16034.73,2894339763
918,Abbye,Gozzett,agozzettph@dell.com,Non-binary,437907.46,3/7/2020,340.56,21896.57,3130583459
919,Christoph,Pears,cpearspi@gravatar.com,Male,439441.51,5/10/2020,324.0,34542.55,1826128409
920,Kaitlynn,Matzaitis,kmatzaitispj@dedecms.com,Male,467758.92,1/20/2021,464.23,15030.03,5580766289
921,Dixie,Bernholt,dbernholtpk@opera.com,Agender,241683.95,7/10/2020,131.59,29853.88,0166708976
922,Dyann,Sodo,dsodopl@chron.com,Genderfluid,138100.07,9/27/2020,130.33,44140.99,4253972748
923,Tabina,Mateiko,tmateikopm@technorati.com,Non-binary,332521.47,4/3/2020,464.98,24290.18,2674583738
924,Tommy,Gilbane,tgilbanepn@baidu.com,Genderqueer,228316.76,12/29/2020,319.53,43547.77,0456894403
925,Amandy,Maylam,amaylampo@mozilla.com,Genderqueer,466479.97,8/12/2020,41.78,37660.94,6092311437
926,Shaine,Adshede,sadshedepp@sfgate.com,Bigender,231160.29,2/12/2020,209.86,35353.89,0584020503
927,Robin,Do Rosario,rdorosariopq@thetimes.co.uk,Genderqueer,46650.57,3/15/2020,60.65,1416.88,7355013084
928,Moina,Dand,mdandpr@thetimes.co.uk,Non-binary,379592.96,12/12/2020,442.76,34847.34,0753240777
929,Gene,Carme,gcarmeps@storify.com,Bigender,125755.95,2/26/2020,344.54,31446.57,4824217946
930,Arnoldo,Doggerell,adoggerellpt@sina.com.cn,Non-binary,201435.0,6/2/2020,235.98,15683.65,8104638785
931,Star,Causby,scausbypu@ca.gov,Polygender,441040.84,10/4/2020,163.29,30558.25,5164121220
932,Ephrayim,Hasard,ehasardpv@macromedia.com,Female,438238.59,3/23/2020,34.66,3058.59,6931358529
933,Jacinta,Remmer,jremmerpw@rakuten.co.jp,Genderqueer,130397.38,7/7/2020,229.96,40579.97,8025295931
934,Wolfie,Budleigh,wbudleighpx@whitehouse.gov,Polygender,124535.87,8/28/2020,397.47,33188.18,4017678033
935,Bertina,McGawn,bmcgawnpy@buzzfeed.com,Genderfluid,66990.46,5/21/2020,282.31,38353.73,1355693969
936,Niccolo,Sutherland,nsutherlandpz@w3.org,Non-binary,338014.12,11/6/2020,123.57,3537.02,1242430458
937,Jolyn,Greatham,jgreathamq0@cbsnews.com,Male,248421.45,1/24/2021,324.48,11673.11,4822876381
938,Emeline,Shaves,eshavesq1@twitter.com,Male,277760.04,2/14/2020,92.08,38680.67,0506476235
939,Isabel,Peirce,ipeirceq2@cocolog-nifty.com,Bigender,21649.43,4/17/2020,353.55,18369.44,3751951326
940,Byran,Flucks,bflucksq3@barnesandnoble.com,Non-binary,400170.36,2/8/2021,140.95,17780.08,6371430378
941,Brandy,Nutty,bnuttyq4@google.cn,Polygender,247776.31,12/7/2020,131.63,33514.93,6675151339
942,Gaynor,Golden of Ireland,ggoldenofirelandq5@about.me,Female,420071.88,3/22/2020,51.82,20244.7,2687163503
943,Peyter,Ivanin,pivaninq6@latimes.com,Non-binary,101531.94,8/21/2020,49.31,44595.83,0333850009
944,Jaynell,Maskew,jmaskewq7@skyrock.com,Agender,455482.28,4/15/2020,437.12,12991.15,0151852723
945,Brock,Stealy,bstealyq8@wordpress.com,Male,172343.42,5/10/2020,484.39,49181.75,7576409703
946,Garvey,Syme,gsymeq9@prnewswire.com,Genderfluid,333572.96,11/29/2020,466.82,17969.36,7030316045
947,Caryl,Mayberry,cmayberryqa@hp.com,Female,416509.23,8/26/2020,320.29,47649.77,8192579131
948,Bernardine,Batte,bbatteqb@blinklist.com,Male,202072.89,1/17/2021,42.51,22046.26,2735272443
949,Cheryl,Baise,cbaiseqc@ucsd.edu,Non-binary,19788.53,6/12/2020,114.18,40572.37,0634881485
950,Banky,Arden,bardenqd@ed.gov,Non-binary,331125.58,6/12/2020,75.25,39521.32,5005097740
951,Baxter,Corbould,bcorbouldqe@amazon.de,Non-binary,410032.38,5/26/2020,182.53,45536.64,0610611046
952,Wye,Malkin,wmalkinqf@seesaa.net,Genderfluid,250767.21,8/14/2020,475.21,3468.15,1800890850
953,Lauren,McGenn,lmcgennqg@constantcontact.com,Female,264654.13,5/5/2020,295.27,21507.35,1375437046
954,Kristi,Matisoff,kmatisoffqh@ehow.com,Polygender,15090.99,4/24/2020,167.98,36016.04,8075498879
955,Stefa,Flaunders,sflaundersqi@toplist.cz,Male,442922.46,1/8/2021,48.19,12698.37,5403377891
956,Anita,Cornejo,acornejoqj@gmpg.org,Non-binary,343951.95,4/28/2020,49.59,39675.54,4364633437
957,Cahra,Bolte,cbolteqk@topsy.com,Female,159717.27,7/29/2020,111.69,32160.09,7578358839
958,Phyllys,Vest,pvestql@slashdot.org,Agender,24742.0,6/2/2020,68.6,43080.07,7498975815
959,Haroun,Coady,hcoadyqm@hubpages.com,Agender,264057.45,11/5/2020,350.75,31465.85,7655466084
960,Toby,Ughini,tughiniqn@bloglovin.com,Bigender,38750.78,5/29/2020,463.4,19397.25,3979338576
961,Randy,Bramhall,rbramhallqo@cornell.edu,Genderfluid,136313.26,6/4/2020,154.21,35215.23,1923617621
962,Elaina,Czadla,eczadlaqp@hc360.com,Genderfluid,414343.32,7/16/2020,166.36,40835.9,4888706298
963,Trescha,Chadbourn,tchadbournqq@dailymotion.com,Bigender,227728.36,10/23/2020,204.07,46217.34,1139010557
964,Chrysler,Dadds,cdaddsqr@hc360.com,Female,123611.11,12/1/2020,256.11,2946.54,4784840338
965,Latashia,Souness,lsounessqs@bing.com,Male,410163.74,9/19/2020,62.93,7004.62,3426134586
966,Wilmar,Greiswood,wgreiswoodqt@opensource.org,Genderfluid,6866.13,6/9/2020,145.52,45312.05,1071128590
967,Nolan,Rhydderch,nrhydderchqu@phpbb.com,Agender,19335.04,3/31/2020,136.08,15021.74,7726771518
968,Sayers,Huggins,shugginsqv@icq.com,Non-binary,214581.06,8/29/2020,263.13,4575.26,9452177101
969,Miriam,Braysher,mbraysherqw@seesaa.net,Non-binary,115500.3,11/23/2020,462.56,41594.41,8119400461
970,Eddi,Tweede,etweedeqx@cnet.com,Female,199236.76,6/23/2020,432.81,47000.96,1580559433
971,Nate,Grieves,ngrievesqy@vistaprint.com,Agender,213453.33,8/15/2020,262.81,38562.33,5945748153
972,Jorge,Mitkov,jmitkovqz@nhs.uk,Agender,322882.65,1/8/2021,402.58,27557.8,6120702539
973,Olympia,Jewster,ojewsterr0@nih.gov,Genderfluid,239870.68,3/29/2020,183.45,35037.96,9267720066
974,Lizzy,Cicchillo,lcicchillor1@economist.com,Bigender,474777.95,6/22/2020,81.5,362.42,6584825647
975,Pattie,Echelle,pecheller2@engadget.com,Genderfluid,438684.0,7/19/2020,165.55,16456.08,0544865553
976,Alonzo,Simanek,asimanekr3@unicef.org,Genderqueer,104193.48,7/8/2020,111.89,27614.25,3135473376
977,Demetris,Linnard,dlinnardr4@hp.com,Polygender,205799.96,1/8/2021,419.97,35111.55,9591985924
978,Celestine,Vella,cvellar5@va.gov,Polygender,103638.98,2/6/2021,80.4,34955.77,6489599074
979,Jeromy,Sinclaire,jsinclairer6@sfgate.com,Female,390625.55,12/30/2020,312.95,40513.14,2810205272
980,Devondra,Sidon,dsidonr7@squarespace.com,Polygender,233428.01,11/25/2020,37.19,46122.31,4724668644
981,Tara,Patten,tpattenr8@illinois.edu,Female,258919.39,6/16/2020,399.15,5634.02,8767272711
982,Jerrylee,O'Dyvoie,jodyvoier9@fc2.com,Female,83063.94,12/26/2020,23.86,49669.57,1144583284
983,Darcy,Maggiore,dmaggiorera@cdbaby.com,Male,38986.98,12/13/2020,465.89,28977.06,2602880264
984,Dorena,Emma,demmarb@i2i.jp,Male,347838.23,5/3/2020,421.73,49735.05,9667348482
985,Luca,Hagland,lhaglandrc@nyu.edu,Agender,376923.14,1/20/2021,251.02,39097.65,9120005784
986,Bourke,Trobey,btrobeyrd@wp.com,Polygender,165845.33,8/20/2020,75.7,5687.49,8109330231
987,Jen,Legrand,jlegrandre@people.com.cn,Genderqueer,248468.7,10/8/2020,263.13,40895.86,8659838521
988,Alayne,Ketchen,aketchenrf@printfriendly.com,Agender,4888.91,4/17/2020,328.9,8454.17,8968608539
989,Elyn,Cisland,ecislandrg@bing.com,Male,327670.42,1/17/2021,179.41,16820.62,2507599243
990,Olympe,Jandl,ojandlrh@newsvine.com,Non-binary,138752.07,12/20/2020,308.1,11092.91,8887060118
991,Cordula,Hardy-Piggin,chardypigginri@unc.edu,Agender,484144.29,10/8/2020,2.42,6827.32,7352746684
992,Rockey,Nendick,rnendickrj@ezinearticles.com,Non-binary,487230.49,7/24/2020,83.32,25748.42,9521030038
993,Joella,Avramow,javramowrk@elpais.com,Bigender,306870.65,8/23/2020,45.25,27373.25,1998555399
994,Malinda,Boothroyd,mboothroydrl@ibm.com,Male,181508.24,3/6/2020,37.99,1709.1,8671254828
995,Gallagher,Keeffe,gkeefferm@google.ru,Male,152253.89,9/20/2020,195.21,1428.19,9786704991
996,Perri,Stansbury,pstansburyrn@abc.net.au,Genderfluid,68405.35,11/15/2020,248.45,23389.21,0998485268
997,Dorree,Bricket,dbricketro@ox.ac.uk,Genderfluid,96085.87,5/20/2020,449.65,34888.55,0205998909
998,Sasha,Eaken,seakenrp@yandex.ru,Female,475922.04,5/14/2020,202.38,22819.67,6654627679
999,Lynnelle,Nix,lnixrq@redcross.org,Genderqueer,444565.38,4/30/2020,417.11,14832.13,3396044746
1000,Debra,Liverseege,dliverseegerr@histats.com,Genderqueer,290582.58,4/6/2020,109.05,6463.67,1170575145
